modelo,kappa_inicial,kappa_modelos,delta_kappa,faixa_inicial_lk,faixa_modelo_lk,faixas_perdidas,severidade,amplificacao_detectada
SVM,0.7652429609141077,0.4647242995159253,0.3005186613981824,Substantial,Moderate,1,Leve,True
NB,0.7652429609141077,0.48618738569184894,0.27905557522225877,Substantial,Moderate,1,Leve,True
RF,0.7652429609141077,0.43777094696457225,0.32747201394953546,Substantial,Moderate,1,Leve,True
LR,0.7652429609141077,0.4986300559304214,0.2666129049836863,Substantial,Moderate,1,Leve,True
