modelo,kappa_inicial,kappa_modelos,delta_kappa,faixa_inicial_lk,faixa_modelo_lk,faixas_perdidas,severidade,amplificacao_detectada
SVM,0.7663971485154925,0.4944166929921069,0.27198045552338557,Substantial,Moderate,1,Leve,True
NB,0.7663971485154925,0.4582112026557373,0.3081859458597552,Substantial,Moderate,1,Leve,True
RF,0.7663971485154925,0.48632078584408395,0.2800763626714085,Substantial,Moderate,1,Leve,True
LR,0.7663971485154925,0.512022127982837,0.2543750205326555,Substantial,Moderate,1,Leve,True
