modelo,kappa_inicial,kappa_modelos,delta_kappa,kappa_weighted_inicial,kappa_weighted_modelos,delta_kappa_weighted,faixa_inicial_lk,faixa_modelo_lk,faixas_perdidas,severidade,amplificacao_detectada
SVM,0.7652429609141077,0.4647242995159253,0.3005186613981824,0.8120769227935896,0.5148750640752682,0.2972018587183214,Substantial,Moderate,1,Leve,True
NB,0.7652429609141077,0.48618738569184894,0.27905557522225877,0.8120769227935896,0.5389134821125343,0.27316344068105525,Substantial,Moderate,1,Leve,True
RF,0.7652429609141077,0.43777094696457225,0.32747201394953546,0.8120769227935896,0.485981064762366,0.32609585803122354,Substantial,Moderate,1,Leve,True
LR,0.7652429609141077,0.4986300559304214,0.2666129049836863,0.8120769227935896,0.5496042629473082,0.2624726598462813,Substantial,Moderate,1,Leve,True
