modelo,kappa_mean,kappa_std,concordancia_mean,concordancia_std,acc_masculino_mean,acc_masculino_std,acc_feminino_mean,acc_feminino_std,f1_masculino_mean,f1_feminino_mean
SVM,0.4944166929921069,0.042283819817851606,0.6849581799933088,0.024926403467748545,0.369876212780194,0.030432819481180717,0.34206088992974243,0.024777796287589426,0.34246253694517803,0.3375827083813789
NB,0.4582112026557373,0.06760332789875427,0.6628738708598193,0.04797593442342443,0.37642020742723314,0.03773175306851007,0.3519170291067247,0.03379253337385443,0.3349347382565865,0.34481874944959945
RF,0.48632078584408395,0.05944510561763489,0.6914921378387421,0.03444814775648458,0.3690665774506524,0.028864989980111024,0.3232418869187019,0.010034317190006274,0.33600085844529926,0.3169582258876549
LR,0.512022127982837,0.0667755227243516,0.6906791569086651,0.044514524865851134,0.3666042154566745,0.03570847274998351,0.3404583472733356,0.029012659345512996,0.3389831980445772,0.3367392304033173
