metrica,valor
Cohen_Kappa,0.7663971485154925
Concordancia,0.8453355155482815
Chi2,1441.0303606072844
p_value,8.759484318116e-311
Cramers_V,0.7678669310605849
N_amostras,1222.0
Kappa_IC95_Lower,0.7362528035691107
Kappa_IC95_Upper,0.7954404067496883
