modelo,kappa_mean,kappa_std,kappa_weighted_mean,kappa_weighted_std,concordancia_mean,concordancia_std,acc_masculino_mean,acc_masculino_std,acc_feminino_mean,acc_feminino_std,f1_masculino_mean,f1_feminino_mean
SVM,0.4647242995159253,0.02751439095751147,0.5148750640752682,0.02647916919394159,0.6641850416652377,0.02154671725136616,0.33747128013442607,0.031576089758459214,0.3283700833304756,0.015602077071380598,0.3154688896815603,0.3229153270157225
NB,0.48618738569184894,0.026700165602521888,0.5389134821125343,0.02326661757820484,0.6823531428963341,0.021736847971157047,0.3556702445046466,0.04308365241272715,0.3382702925139741,0.019610190199170416,0.3204166919536265,0.32850351179807474
RF,0.43777094696457225,0.03390954545922576,0.485981064762366,0.04014617571400005,0.6649943417578272,0.04171662775613687,0.37053598984945646,0.02313620218886402,0.3316998731182058,0.020561878276968638,0.3355723732593825,0.32176920158139494
LR,0.4986300559304214,0.04334332214326786,0.5496042629473082,0.0323116987104622,0.6831830184150063,0.030677170435280118,0.3407804944960736,0.024768252253130008,0.33001268817941776,0.0200831204838667,0.3176160313932317,0.32535824581652395
