modelo,delta_kappa,delta_bootstrap_mean,ic_95_lower,ic_95_upper,significativo,direcao
SVM,0.27198045552338557,0.2703187330885147,0.23351990761238445,0.3095400340163904,True,AMPLIFICA
NB,0.3081859458597552,0.30791814160019954,0.270983321869469,0.34363450563798076,True,AMPLIFICA
RF,0.2800763626714085,0.2781031844098529,0.23745832919836465,0.3178758422776117,True,AMPLIFICA
LR,0.2543750205326555,0.25451552040698566,0.2175358603142193,0.29004880963337104,True,AMPLIFICA
