modelo,delta_kappa,delta_bootstrap_mean,ic_95_lower,ic_95_upper,significativo,direcao
SVM,0.3005186613981824,0.3007811109672204,0.26197789465322247,0.34110459036123325,True,AMPLIFICA
NB,0.27905557522225877,0.2777632903937538,0.2418603223239853,0.3139765828435158,True,AMPLIFICA
RF,0.32747201394953546,0.32664505177299996,0.28703010938396256,0.3679246948440028,True,AMPLIFICA
LR,0.2666129049836863,0.26721686225986363,0.22912430474911336,0.3033301550651648,True,AMPLIFICA
