modelo,preservacao,preservacao_pct,amplificacao_bilateral,amplificacao_bilateral_pct,amplificacao_unilateral,amplificacao_unilateral_pct,amplificacao_total,amplificacao_total_pct,resolucao,resolucao_pct,persistencia,persistencia_pct
SVM,684,56.575682382134,118,9.760132340777503,219,18.11414392059553,337,27.874276261373037,119,9.842845326716294,69,5.707196029776675
NB,697,57.650951199338294,98,8.105872622001655,226,18.693134822167078,324,26.799007444168733,128,10.587262200165426,60,4.962779156327544
RF,678,56.07940446650124,115,9.511993382961125,228,18.858560794044664,343,28.37055417700579,126,10.421836228287841,62,5.128205128205128
LR,698,57.73366418527709,103,8.519437551695615,220,18.196856906534325,323,26.716294458229946,128,10.587262200165426,60,4.962779156327544
