modelo,spearman_rho_concordancia_vs_delta
LR,0.8181818181818183
NB,0.8671328671328673
SVM,0.8951048951048951
RF,0.9720279720279721
