Modelo,Δκ_empirico,Severidade_empirico,Faixas_empirico,Δκ_sintetico_media,Severidade_sintetico_modal,Faixas_sintetico_media
SVM,0.2719804555233855,Leve,1,0.19390773302498251,Leve,0.9166666666666666
NB,0.3081859458597552,Leve,1,0.18915188959673748,Leve,1.0
RF,0.2800763626714085,Leve,1,0.466736457097529,Severa,2.25
LR,0.2543750205326555,Leve,1,0.17835137911664467,Leve,0.9166666666666666
