Modelo,Δκ_empirico,Severidade_empirico,Faixas_empirico,Δκ_sintetico_media,Severidade_sintetico_modal,Faixas_sintetico_media
SVM,0.3005186613981824,Leve,1,0.19390773302498251,Leve,0.9166666666666666
NB,0.2790555752222587,Leve,1,0.18915188959673748,Leve,1.0
RF,0.3274720139495354,Leve,1,0.466736457097529,Severa,2.25
LR,0.2666129049836863,Leve,1,0.17835137911664467,Leve,0.9166666666666666
