Modelo,Δκ_empirico,Severidade_empirico,Faixas_empirico,Δκ_sintetico_media,Severidade_sintetico_modal,Faixas_sintetico_media
SVM,0.3005186613981824,Leve,1,0.3166782636497836,Leve,1.5
NB,0.2790555752222587,Leve,1,0.32185491634485713,Leve,1.5
RF,0.3274720139495354,Leve,1,0.5155312326241223,Severa,2.5
LR,0.2666129049836863,Leve,1,0.3030338689359271,Leve,1.4166666666666667
