Modelo,κ_modelos_empirico,κ_modelos_sintetico_media
SVM,0.4647242995159253,0.33434715699774875
NB,0.4861873856918489,0.32917050430267525
RF,0.4377709469645722,0.1354941880234101
LR,0.4986300559304214,0.34799155171160523
