Modelo,κ_modelos_empirico,κ_modelos_sintetico_media
SVM,0.4944166929921069,0.4571176876225498
NB,0.4582112026557373,0.46187353105079487
RF,0.4863207858440839,0.18428896355000332
LR,0.512022127982837,0.4726740415308876
