Estudo,Dataset,Modelo,κ_inicial,κ_modelos,Δκ,Severidade,Faixas_Perdidas,Amplificacao_Detectada
Empírico,MQD-1209,SVM,0.7652429609141077,0.4647242995159253,0.3005186613981824,Leve,1.0,True
Empírico,MQD-1209,NB,0.7652429609141077,0.4861873856918489,0.2790555752222587,Leve,1.0,True
Empírico,MQD-1209,RF,0.7652429609141077,0.4377709469645722,0.3274720139495354,Leve,1.0,True
Empírico,MQD-1209,LR,0.7652429609141077,0.4986300559304214,0.2666129049836863,Leve,1.0,True
Sintético (média),SynSA-50 a SynSA-99,SVM,0.6510254206475324,0.33434715699774875,0.3166782636497836,Leve,1.5,True
Sintético (média),SynSA-50 a SynSA-99,NB,0.6510254206475324,0.32917050430267525,0.32185491634485713,Leve,1.5,True
Sintético (média),SynSA-50 a SynSA-99,RF,0.6510254206475324,0.1354941880234101,0.5155312326241223,Severa,2.5,True
Sintético (média),SynSA-50 a SynSA-99,LR,0.6510254206475324,0.34799155171160523,0.3030338689359271,Leve,1.4166666666666667,True
