Estudo,Dataset,Modelo,κ_inicial,κ_modelos,Δκ,Severidade,Faixas_Perdidas,Amplificacao_Detectada
Empírico,MQD-1222,SVM,0.7663971485154925,0.4944166929921069,0.2719804555233855,Leve,1.0,True
Empírico,MQD-1222,NB,0.7663971485154925,0.4582112026557373,0.3081859458597552,Leve,1.0,True
Empírico,MQD-1222,RF,0.7663971485154925,0.4863207858440839,0.2800763626714085,Leve,1.0,True
Empírico,MQD-1222,LR,0.7663971485154925,0.512022127982837,0.2543750205326555,Leve,1.0,True
Sintético (média),SynSA-50 a SynSA-99,SVM,0.6510254206475324,0.4571176876225498,0.19390773302498251,Leve,0.9166666666666666,True
Sintético (média),SynSA-50 a SynSA-99,NB,0.6510254206475324,0.46187353105079487,0.18915188959673748,Leve,1.0,True
Sintético (média),SynSA-50 a SynSA-99,RF,0.6510254206475324,0.18428896355000332,0.466736457097529,Severa,2.25,True
Sintético (média),SynSA-50 a SynSA-99,LR,0.6510254206475324,0.4726740415308876,0.17835137911664467,Leve,0.9166666666666666,True
