Estudo,Dataset,Modelo,κ_inicial,κ_modelos,Δκ,Severidade,Faixas_Perdidas,Amplificacao_Detectada
Empírico,MQD-1209,SVM,0.7652429609141077,0.4647242995159253,0.3005186613981824,Leve,1.0,True
Empírico,MQD-1209,NB,0.7652429609141077,0.4861873856918489,0.2790555752222587,Leve,1.0,True
Empírico,MQD-1209,RF,0.7652429609141077,0.4377709469645722,0.3274720139495354,Leve,1.0,True
Empírico,MQD-1209,LR,0.7652429609141077,0.4986300559304214,0.2666129049836863,Leve,1.0,True
Sintético (média),SynSA-50 a SynSA-99,SVM,0.6510254206475324,0.4571176876225498,0.19390773302498251,Leve,0.9166666666666666,True
Sintético (média),SynSA-50 a SynSA-99,NB,0.6510254206475324,0.46187353105079487,0.18915188959673748,Leve,1.0,True
Sintético (média),SynSA-50 a SynSA-99,RF,0.6510254206475324,0.18428896355000332,0.466736457097529,Severa,2.25,True
Sintético (média),SynSA-50 a SynSA-99,LR,0.6510254206475324,0.4726740415308876,0.17835137911664467,Leve,0.9166666666666666,True
