texto,rotulo_masculino,rotulo_feminino
word77 word284 word460 word279 word447 word210 word444 word315 word240 word108 word86 word145 word378 word235 word195 word234 word173 word404 word196 word237 word280 word324 word167 word37 word345 word281 word324 word272 word255 word475 word27 word47 word469 word444 word206 word271 word225 word499 word229 word380 word183 word191 word338 word200 word7 word87 word437 word184 word52 word470 word500 word250 word315 word378 word34 word149 word282 word275 word166 word1 word477 word308 word378 word219 word254 word223 word215 word336 word498 word389 word334 word7 word257 word478 word199 word275 word163 word96 word353 word157 word294 word297 word425 word470 word277 word26 word292 word443 word239 word283 word382 word220 word208,neutra,neutra
word373 word4 word120 word249 word97 word18 word210 word354 word121 word138 word339 word474 word259 word280 word414 word34 word491 word238 word190 word309 word456,positiva,positiva
word466 word79 word48 word225 word160 word102 word60 word440 word308 word346 word60 word171 word311 word264 word348 word335 word207 word392 word130 word41 word457 word12 word142 word58 word116 word198 word65 word234 word464 word69 word464 word206 word297 word221 word159 word55 word297 word459 word261 word300 word322 word195 word61 word254 word435 word158 word436 word428 word123 word288 word374 word248 word350 word456 word314 word419 word401 word407 word427 word113 word10 word77 word125,negativa,negativa
word37 word116 word357 word112 word32 word480 word113 word258 word413 word495 word405 word170 word428 word7 word164 word100 word265 word446 word387 word500 word69 word377 word363 word229 word49 word53 word457 word148 word319 word473 word247 word105 word243 word115 word91 word406 word173 word343 word364 word275 word271 word91 word265 word376 word98 word117 word346 word491 word197 word415 word92 word285 word472 word221 word254 word78 word265 word293 word491 word101 word184 word324 word472 word119 word348 word440 word317 word214 word118,negativa,negativa
word248 word198 word105 word422 word287 word253 word187 word387 word174 word119 word42 word437 word37 word423 word190 word2 word464 word371 word362 word274 word381 word67 word118 word272 word368 word295 word204 word336 word30 word255 word198 word250 word66 word452 word427 word472 word421 word333 word144 word58 word306 word474 word182 word497 word78 word142 word325 word247 word381 word173 word388 word151 word75,positiva,positiva
word113 word194 word198 word459 word34 word317 word385 word382 word97 word207 word172 word204 word44 word42 word13 word484 word209 word114 word399 word248 word183 word58 word194 word324 word312 word196 word307 word384 word466 word265 word114 word65 word79 word6 word280 word107 word114 word363 word160 word415 word69 word171 word26 word268 word63 word121 word368 word441 word273 word483 word379 word377 word496,neutra,neutra
word65 word449 word400 word48 word402 word442 word272 word226 word500 word436 word194 word239 word472 word461 word316 word325 word369 word145 word459 word148,positiva,positiva
word238 word267 word446 word131 word296 word344 word7 word448 word496 word44 word131 word394 word405 word79 word459 word165 word147 word179 word336 word104 word272 word38 word74 word385 word192 word397 word369 word499 word69 word468 word446 word218 word68 word67 word256 word6 word48 word266 word282 word431 word488 word134 word166,neutra,neutra
word88 word162 word304 word236 word59 word196 word99 word464 word402 word157 word118 word68 word369 word460 word137 word320 word118 word459 word150 word49 word441 word473 word199 word454 word122 word136 word269 word301 word193 word400 word396 word61 word496 word80 word264 word212 word226 word65 word172 word16 word487 word72 word242 word109 word89 word196 word485 word240 word481 word414 word218 word451 word175 word251 word341 word295 word415 word82 word250 word333 word166 word434 word151 word151 word164 word339 word60,neutra,neutra
word246 word453 word285 word446 word182 word466 word363 word384 word8 word404 word82 word469 word95 word413 word318 word197 word446 word195 word32 word38 word427 word193 word410 word11 word39 word495 word72 word344 word176 word251 word58 word134 word380 word268 word253 word473 word206 word402 word363 word231 word147 word178 word436 word153 word327 word63 word174 word468 word270 word412 word130 word381 word493 word463 word218 word341 word449 word407 word490 word16 word268 word396 word365 word77 word287 word83 word46 word56 word477 word137 word229 word129 word448 word445 word328 word415 word53,positiva,positiva
word487 word388 word429 word494 word350 word429 word153 word358 word315 word226 word322 word361 word206 word422 word19 word163 word184 word416 word255 word467 word476 word230 word364 word124 word54 word246 word151 word366 word261 word68 word226 word201 word3 word273 word468 word449 word453 word447 word462 word49 word215 word273 word417 word187 word355 word391 word256 word121 word39 word223 word84 word323 word120 word439 word448 word419 word333 word58 word492 word33 word284 word403 word43 word249 word239 word99 word56 word455 word451 word47 word140 word197,positiva,positiva
word356 word104 word277 word115 word32 word319 word226 word321 word246 word186 word8 word139 word441 word378 word232 word16 word493 word370 word12 word106 word86 word452 word478 word207 word89 word322 word137 word61 word130,positiva,positiva
word390 word452 word195 word329 word349 word370 word453 word44 word97 word460 word273 word265 word202 word182 word123 word200 word37 word147 word497 word82 word367 word18 word367 word133 word352 word249 word388 word334 word280 word367 word483 word298 word87 word59 word274,positiva,positiva
word158 word54 word134 word180 word419 word169 word81 word424 word176 word460 word55 word11 word461 word50 word5 word322 word159 word243 word205 word149 word241 word130 word113 word113 word60 word263 word275 word9 word230 word370 word1 word151 word481 word214 word9 word264 word206 word106 word37 word442 word407 word342 word9 word436 word237 word238 word439 word217,neutra,neutra
word41 word141 word122 word211 word179 word35 word345 word299 word190 word444 word181 word59 word425 word66 word36 word238 word290 word141 word420 word139 word482 word320 word93 word206 word38 word423 word324 word215 word340 word308 word300 word199 word176 word129 word394 word236 word235 word361 word266 word477 word121 word22 word211 word266 word411 word318 word470 word43 word269 word415 word252 word138 word385 word438 word130 word277 word403 word77 word6 word370 word377 word79 word299 word361 word482 word405 word110 word288 word367 word136 word82 word219 word360 word265 word303,positiva,positiva
word450 word430 word127 word239 word353 word307 word34 word296 word20 word59 word327 word52 word170 word295 word328 word223 word48 word400 word475 word445 word375 word202 word439 word245 word69 word426 word161 word470 word185 word435 word269 word234 word149 word418 word31 word235 word185 word272 word128 word333 word193 word95 word99 word349 word131 word154 word314 word165 word195 word123 word173 word347 word267 word499 word386 word9 word190 word145 word294 word133 word484 word150 word261 word62,negativa,negativa
word230 word192 word96 word93 word278 word376 word279 word329 word131 word473 word412 word439 word334 word348 word36 word81 word67 word242 word294 word60 word376 word275 word298 word459 word293 word2 word385 word439 word42 word270 word235 word76 word139 word428 word196 word269 word389 word225 word446 word250 word493 word74 word445 word57 word407 word331 word280 word441 word321 word348 word378 word421 word117 word423 word295 word17 word460 word386 word446 word387 word173 word175 word139 word205 word18 word373 word377 word494 word276 word494 word105 word237 word392 word395 word387 word234 word37 word433 word191 word325 word67 word469 word129 word499 word358 word166 word185 word490,positiva,positiva
word409 word74 word376 word350 word452 word186 word464 word354 word127 word107 word452 word323 word60 word63 word414 word85 word110 word308 word432 word169 word333 word352 word301 word343 word114 word311 word2 word366 word397 word397 word15 word456 word218 word41 word268 word286 word202 word375 word272 word109 word311 word132 word60 word134 word453 word287 word159 word184 word430 word334 word387 word306 word497 word329 word201 word127 word24 word384 word467 word333 word244 word66 word322 word101 word312 word151 word433 word469 word118 word164 word462 word10 word259 word71 word217 word17 word71 word202 word31 word399 word290 word226,neutra,neutra
word334 word91 word467 word124 word314 word45 word23 word64 word472 word106 word440 word291 word45 word221 word240 word134 word303 word431 word442 word263 word447 word462 word45 word318 word387 word8 word302 word457 word135 word429 word467 word318 word315 word268 word205 word227 word262 word242 word414 word385 word174 word257 word108 word89 word185 word30 word428 word64 word164 word126 word104 word184 word360 word447 word95 word120 word235 word160,neutra,neutra
word438 word127 word146 word411 word232 word257 word353 word69 word436 word183 word330 word217 word377 word306 word87 word94 word439 word260 word138 word72 word65 word460 word489 word197 word101 word210 word69 word275 word314 word493 word160 word99 word67 word189 word301 word34 word380 word231 word397 word232 word78 word11 word279 word270 word407 word439 word81 word158 word104 word54 word2 word42 word263 word76 word98 word59 word363 word318 word482 word56 word105 word228 word325 word66 word106 word211 word10 word198 word380 word264 word218 word244 word474 word261,negativa,negativa
word21 word16 word223 word315 word26 word255 word200 word467 word302 word212 word294 word68 word238 word165 word91 word197 word320 word292 word482 word138 word350 word276 word437 word455 word354 word212 word267 word326 word403 word115 word437 word401 word45 word135 word118 word290 word105 word151 word95,neutra,neutra
word103 word91 word184 word292 word200 word175 word171 word170 word202 word418 word289 word211 word375 word264 word475 word282 word109 word282 word387 word107 word102 word300 word443 word168 word254 word328 word332 word73 word198 word498 word445 word387 word13 word209 word26 word151 word433 word194 word85 word361 word380 word328 word405 word352 word318 word445 word163 word229 word282 word335 word239 word221 word83 word320 word62 word238 word205 word389 word239 word3 word254 word108 word191 word149 word84 word473 word127,neutra,neutra
word492 word378 word415 word152 word79 word84 word429 word216 word205 word124 word179 word185 word375 word413 word234 word167 word226 word88 word35 word117 word13 word18 word120 word451 word93 word349 word74 word232 word304 word281 word400 word128 word372 word202,positiva,positiva
word485 word414 word237 word48 word494 word363 word92 word27 word310 word21 word308 word222 word441 word191 word224 word273 word492 word352 word335 word155 word242 word98 word196 word412 word50 word83 word293 word400 word488 word294 word329 word145,positiva,positiva
word394 word251 word215 word435 word157 word220 word464 word75 word261 word290 word351 word465 word172 word58 word200 word79 word364 word284 word379 word170 word478 word448 word458 word357 word94 word74 word479 word436,positiva,positiva
word248 word280 word151 word461 word239 word386 word180 word371 word113 word367 word23 word53 word177 word242 word356 word180 word10 word163 word220 word272 word323 word124 word306 word316 word389 word262 word406 word111 word356 word23 word52 word433 word238 word311 word302 word348 word123 word90 word22 word433 word112 word288 word228 word82 word207 word42 word89 word70 word413 word284 word463 word218 word101 word305 word465 word267 word9 word152 word463 word260 word476 word255 word7 word437 word382 word358 word486 word99 word453 word117 word486 word96 word276 word395 word40 word34 word425 word31 word307 word470 word308 word241 word209 word320 word286 word251 word77 word332 word370 word355,negativa,negativa
word482 word382 word456 word160 word203 word289 word225 word122 word188 word305 word19 word168 word147 word36 word62 word248 word52 word173 word281 word437 word50 word218 word52 word215 word241 word400 word222 word468 word69 word27 word3,negativa,negativa
word394 word349 word292 word2 word271 word430 word323 word3 word144 word285 word406 word223 word429 word398 word134 word98 word452 word295 word425 word462 word213 word23 word455 word292 word61 word265 word14 word145 word174 word228 word283 word420 word176 word368 word472 word375 word128,negativa,negativa
word331 word414 word267 word254 word94 word249 word21 word57 word271 word110 word174 word181 word237 word350 word224 word423 word242 word497 word500 word214 word383 word227 word438 word384 word170 word161 word441 word271 word348 word339 word83 word119 word451 word140 word435 word179 word424 word289 word50 word136 word477 word105 word114 word75 word305,positiva,positiva
word472 word33 word413 word173 word199 word359 word124 word79 word482 word175 word85 word345 word109 word388 word36 word260 word202 word479 word261 word463 word125 word237 word407 word81 word464 word387 word339 word122 word410 word422 word147 word294 word31 word198 word76 word279 word275 word267 word339 word463 word99 word108 word108 word465 word47 word16 word81 word385 word290 word460 word103 word198 word278 word37 word460 word403 word72 word422 word225 word169 word474 word260 word114 word405 word358 word97 word339 word315 word138 word216 word420 word88 word362 word416 word469 word163,neutra,neutra
word321 word285 word455 word135 word278 word154 word182 word76 word397 word352 word357 word72 word59 word392 word333 word15 word333 word491 word376 word139 word159 word377 word201 word369 word481 word203 word287 word245 word255 word38 word494 word271 word115 word287 word199 word411 word380 word192 word357 word17 word484 word256 word328 word323 word157 word345 word199 word341 word45 word74 word462 word368 word65 word107 word273 word3 word201 word164 word68 word150 word147 word34 word317 word137 word16 word12 word483 word60,neutra,neutra
word266 word48 word471 word330 word123 word307 word175 word260 word84 word251 word54 word77 word293 word251 word147 word30 word212 word463 word355 word30 word469 word212 word288 word1 word156 word394 word166 word84,neutra,neutra
word340 word20 word239 word470 word149 word391 word169 word136 word429 word179 word434 word328 word407 word408 word457 word278 word477 word30 word246 word199 word49 word437 word401 word375 word317 word301 word191 word342 word488 word126 word170 word55 word454 word266 word297 word134 word19 word403 word431 word171 word382 word287 word322 word87 word308 word81 word110 word179 word108 word455 word15 word453 word78 word436 word169 word461 word271 word245 word66 word217 word279 word492 word132 word42 word127 word122 word474,neutra,neutra
word306 word46 word430 word317 word2 word7 word80 word332 word259 word242 word281 word248 word172 word4 word14 word345 word372 word120 word122 word204 word323 word297 word280 word19 word216 word377 word296 word404 word348 word450 word287 word285 word279 word133 word219 word85 word216 word75 word246 word478 word227 word370 word220 word453 word106 word418 word363 word445 word67,neutra,neutra
word411 word71 word392 word254 word315 word26 word218 word184 word77 word382 word253 word440 word80 word366 word303 word326 word155 word346 word124 word382 word221 word240 word291 word43 word184 word102 word482 word211 word3 word14 word457 word79 word1 word107 word109 word40 word499 word30 word365 word419 word323 word67 word364 word165 word205 word126 word393 word290 word78 word204 word397 word469 word470 word68 word429 word284 word370 word193 word326 word130 word261 word113 word198 word204 word433 word315 word324 word142 word218 word237 word393,neutra,neutra
word381 word199 word34 word433 word134 word180 word288 word220 word133 word401 word179 word296 word333 word467 word240 word236 word457 word240 word149 word22 word163 word99 word153 word270 word263 word94 word233 word227 word22 word142 word362 word11 word151 word238 word84 word324 word358 word170 word116 word389 word108 word74 word17 word46 word436 word468 word273 word461 word354,positiva,positiva
word80 word33 word244 word286 word122 word106 word118 word172 word5 word6 word186 word10 word160 word291 word16 word309 word311 word287 word314 word405 word36 word85 word159 word345 word437 word460 word292 word206 word206 word30 word233 word257 word105 word384 word406 word152 word458 word54 word456 word385 word112 word326 word156 word400 word81 word123 word154 word100 word167 word302 word317 word277 word95 word102 word460 word126 word52 word227 word4 word172 word428 word134 word352 word245 word178 word331 word298 word160 word112 word459 word85 word480 word236 word499 word177 word283,negativa,negativa
word192 word70 word268 word277 word374 word99 word274 word423 word135 word418 word362 word215 word442 word484 word119 word490 word2 word65 word22 word184 word469 word301 word309 word43 word259 word192 word240 word131 word101 word477 word280 word206 word37 word382 word237 word194 word334 word66 word267 word432 word232 word1 word115 word28 word251 word183 word67 word344 word89 word171 word494 word34 word124 word159 word255 word123 word486 word3 word475 word268 word20 word59 word52 word144 word167 word321 word156 word363 word147 word132 word138,negativa,negativa
word389 word69 word474 word296 word93 word291 word309 word327 word161 word471 word119 word247 word420 word39 word202 word240 word387 word394 word399 word180 word246 word14 word412 word152 word234 word342 word389 word44 word384 word188 word209 word67 word359 word238 word52 word71 word361 word55 word261 word349 word457 word80 word148 word78 word440 word297 word492 word22 word353 word17 word55 word216 word184 word183 word34 word273 word171 word497 word395 word218 word383 word289 word248 word460 word294 word242 word284 word391 word371 word275 word89 word319 word216 word467 word455 word1 word500 word451 word454 word249 word136 word304 word442 word226 word493 word131 word427,positiva,positiva
word201 word168 word124 word113 word196 word386 word91 word116 word500 word498 word114 word211 word202 word149 word77 word32 word307 word21 word311 word48 word78 word3 word199 word164 word167 word156 word470 word216 word405 word117 word242 word32 word130 word36 word11 word92 word80 word159 word372 word74 word306 word183 word202 word462 word233 word131 word120 word85 word402 word333 word134 word246 word253 word24 word455 word394 word268 word358 word55 word489 word321 word470 word433 word293 word145 word344 word257 word205 word356 word445 word86 word277 word390 word163 word171 word5 word162 word294 word486 word263 word146 word406 word94 word94 word261 word408 word107 word8 word362 word294 word343 word199 word60,neutra,neutra
word114 word190 word305 word63 word377 word424 word418 word98 word441 word65 word54 word363 word381 word64 word208 word206 word362 word258 word301 word41 word489 word278 word335 word241 word124 word335 word145 word110 word277 word179 word448 word330 word187 word18 word171 word58 word110 word142 word327,positiva,positiva
word145 word79 word77 word300 word155 word312 word380 word3 word430 word15 word58 word363 word311 word490 word284 word209 word335 word382 word336 word186 word480 word151 word174 word139 word150 word107 word291 word365 word215 word462 word237 word234 word35 word452 word75 word83 word468 word260 word35 word221 word296 word6 word378 word335 word6 word310 word112 word368 word189 word102 word254 word222 word171 word440 word325 word244 word114 word285 word13 word443 word1 word350 word173 word360 word181 word14 word475 word383 word23 word17 word266 word479 word289 word6 word350 word214 word320 word176 word5 word10 word316 word318 word162 word42 word387 word76 word95 word227 word359 word498 word313 word481 word327 word424 word88 word29 word335 word488 word369 word172,neutra,neutra
word113 word438 word148 word249 word479 word204 word334 word293 word38 word397 word180 word238 word153 word498 word276 word319 word262 word155 word294 word397 word48 word76 word83 word468 word289 word171 word100 word343 word263 word313 word358 word48 word340 word361 word139 word156 word297 word191 word466 word49 word85 word406 word341 word431 word12 word68 word419 word407 word413 word449 word116 word49 word149 word499 word259 word3 word372 word422 word62 word280 word373 word479 word304 word170 word456 word181 word317 word421 word266 word356 word421 word301 word211 word323 word201 word342 word41 word24 word238 word59 word366 word91 word250 word89 word461 word422 word1 word198 word472,positiva,positiva
word418 word296 word272 word60 word474 word188 word270 word449 word315 word368 word93 word231 word271 word88 word193 word416 word466 word412 word467 word500 word100 word428 word311 word430 word320 word63 word282 word381 word63 word253 word328 word233 word400 word64 word173 word476 word258 word91 word59 word297 word466 word25 word55 word188 word105 word61 word150 word322 word413 word154 word351 word412 word4 word427 word92 word343 word376 word423 word202,neutra,neutra
word419 word124 word137 word479 word327 word96 word435 word92 word82 word223 word346 word95 word377 word79 word391 word48 word233 word321 word133 word307 word345 word326 word199 word387 word366 word164 word367 word460 word409 word367 word384 word403 word145 word361 word100 word180 word468 word142 word422 word212 word105 word49 word275 word226 word256 word22,negativa,negativa
word358 word71 word221 word201 word403 word482 word54 word108 word388 word88 word249 word473 word488 word475 word68 word75 word89 word385 word90 word215 word410 word247 word471 word250 word190 word485 word274 word93 word318 word387 word420 word3 word55 word315 word371 word327 word192 word377 word290 word463 word184 word377 word72 word367 word366 word127 word31 word497 word39 word235,neutra,neutra
word373 word5 word227 word345 word397 word208 word432 word337 word23 word139 word469 word2 word55 word173 word497 word353 word74 word197 word470 word110 word288 word233 word381 word377 word417 word60 word227 word346 word210 word334 word318 word186 word51 word486 word413 word448 word150 word159 word162 word16 word85 word155 word494 word103 word254 word274 word180 word460 word47 word436 word372 word153 word384 word215 word486 word19 word15,negativa,negativa
word365 word179 word287 word273 word283 word253 word151 word246 word266 word10 word362 word223 word147 word15 word153 word203 word419 word324 word210 word63 word138 word459 word64 word316 word259 word109 word437 word198 word331 word49 word483 word12 word156,positiva,positiva
word102 word124 word264 word278 word374 word149 word437 word165 word268 word466 word270 word341 word455 word488 word250 word209 word99 word269 word460 word244 word175 word54 word195 word119 word489 word264 word69 word34 word426 word466 word382 word62 word50 word99 word376 word383 word419 word49 word77 word451 word465 word363 word54 word35 word28 word346 word423 word316 word132 word379 word30 word415 word446 word360 word440 word294 word235 word162 word461 word349 word96 word479 word30 word294 word96 word333 word207 word219 word336 word379 word191 word499 word250 word81 word4 word102 word346 word270 word169 word241 word420 word286 word30 word25 word242,negativa,negativa
word207 word297 word160 word350 word399 word305 word263 word487 word327 word115 word329 word241 word12 word458 word398 word309 word337 word289 word172 word467 word277,positiva,positiva
word152 word490 word228 word374 word402 word225 word159 word246 word193 word209 word119 word458 word287 word399 word330 word177 word160 word492 word13 word148 word368 word273 word309 word11 word110 word300 word158 word236 word479 word320 word316 word99 word298 word481 word320 word393 word478 word451 word170 word148 word141 word386 word189 word412 word401 word333,positiva,positiva
word122 word112 word478 word204 word348 word96 word214 word352 word448 word219 word38 word207 word322 word438 word417 word380 word83 word260 word289 word235 word462 word480 word106 word479 word424 word353 word191 word381 word294 word450 word356 word483 word210 word42 word246 word499 word328 word352 word313 word297 word31 word207 word44 word169 word360 word403 word112 word328 word114 word101 word480 word305 word99 word71 word25 word249 word51 word292 word217 word318 word104 word73 word51 word48 word37 word130 word401 word304 word126 word466 word381 word390 word450 word373 word479 word166 word429 word56 word151 word446 word67 word251 word171 word51 word118 word268 word316 word338 word66 word160 word53 word5 word196 word311 word186 word21 word110,neutra,neutra
word452 word475 word281 word475 word486 word477 word482 word34 word16 word289 word375 word420 word321 word157 word467 word296 word341 word129 word380 word65 word436 word427 word342 word491 word456 word35 word111 word61 word161 word295,negativa,neutra
word298 word31 word197 word248 word458 word110 word249 word173 word68 word52 word183 word42 word34 word176 word101 word278 word9 word151 word227 word482 word318 word441 word172 word225 word211 word444 word480 word482 word376 word252 word271 word491 word143 word174 word449 word194 word118 word281 word163 word446 word455 word154 word265 word492 word372 word108 word296 word310 word327 word13 word150 word428 word121 word150 word162 word89 word78 word174 word438 word1 word142 word31 word281 word126 word396 word293 word392 word318 word220 word431 word239 word475 word498 word295 word338 word128 word408 word336 word452,negativa,negativa
word2 word389 word165 word259 word142 word246 word226 word265 word197 word269 word413 word218 word181 word66 word180 word63 word92 word477 word45 word242 word418 word477 word74 word82 word187 word278 word480 word104 word83 word127 word438 word16 word191 word60 word79 word459 word1 word161 word458 word305 word36 word233 word486 word201 word265 word266 word331 word94 word420 word495 word72 word410 word409 word371 word186 word235 word420 word77 word415 word461 word341 word171 word280 word26 word466 word172 word29 word398 word329 word312 word28 word376 word319 word397 word414 word106 word106 word462 word266 word219 word144 word320 word377 word2 word277 word497 word141 word141 word440 word32 word199,negativa,negativa
word53 word322 word263 word279 word454 word217 word156 word188 word401 word265 word85 word345 word373 word125 word279 word282 word88 word5 word360 word308 word357 word189 word258 word491 word113 word327 word67 word33 word479 word65 word328 word258 word405 word274 word349 word448 word415 word361 word82 word85 word249 word330 word334 word394,neutra,neutra
word162 word258 word484 word429 word417 word232 word393 word193 word344 word320 word125 word134 word31 word70 word217 word239 word83 word209 word303 word117 word170 word184 word253 word184 word369 word164 word217 word190 word92 word343 word118 word149 word397 word475 word336 word459 word428 word241 word386 word165 word231 word268 word481 word425 word245 word327 word102 word403 word277 word267 word384 word317 word37 word145 word89 word368 word18 word102 word299 word348 word252 word431 word460,negativa,negativa
word98 word398 word393 word26 word468 word399 word190 word226 word40 word469 word51 word462 word328 word460 word186 word448 word214 word176 word169 word476 word233 word240 word322 word278 word271 word190 word83 word498 word246 word487 word231 word300 word273 word483 word56 word259 word77 word435 word266 word462 word138 word82 word315 word73 word187 word157 word111 word66 word329 word380 word197 word141 word79 word339 word405 word275 word216 word325 word458 word495 word97 word239 word439 word317 word408 word498 word52,neutra,neutra
word64 word382 word343 word469 word213 word287 word75 word346 word500 word299 word467 word197 word492 word269 word72 word182 word246 word34 word448 word120 word338 word460 word218 word305 word259 word383 word20,neutra,neutra
word118 word86 word466 word49 word445 word87 word434 word467 word121 word111 word54 word394 word175 word322 word308 word260 word122 word183 word251 word47 word202 word356 word211 word198 word421 word268 word369 word26 word465 word388 word414 word347 word270 word265 word313 word249 word365 word169 word385 word172 word238 word35 word451 word344 word125 word23 word426 word1 word241 word16 word347 word102 word214 word286 word186 word341 word255 word211 word162 word205 word161 word289 word383 word299 word17 word423 word394 word410 word25 word412 word234 word423 word391 word440 word61 word278 word365 word298 word406 word364 word18 word100 word318 word181 word179 word457 word45 word262 word156 word26 word188 word203 word228,positiva,positiva
word234 word35 word85 word211 word399 word391 word131 word211 word77 word378 word124 word400 word422 word345 word166 word477 word344 word323 word429 word441 word39 word441 word383 word104 word154 word377 word109 word227 word345 word326 word455 word56 word148,negativa,negativa
word99 word348 word218 word269 word272 word312 word207 word408 word439 word242 word85 word140 word386 word129 word390 word332 word225 word64 word270 word347 word77 word413 word98 word207 word266 word370 word113 word168 word404 word165 word309 word199 word29 word258 word179 word133 word430 word388 word139 word262 word360 word27 word47 word270 word466 word464 word225,positiva,positiva
word220 word136 word83 word216 word119 word370 word454 word97 word4 word438 word147 word128 word428 word420 word291 word78 word353 word370 word222 word281 word269 word331 word258 word488 word18 word27 word76 word75 word250 word40 word96 word260 word450 word402 word109 word28 word370 word390 word465 word217 word30 word471 word144 word192 word208 word493,positiva,positiva
word443 word483 word373 word328 word177 word450 word472 word496 word478 word321 word479 word392 word121 word16 word491 word214 word437 word145 word181 word413 word263 word339 word161 word308 word244 word466 word247 word45 word369 word477 word442 word51 word500 word174 word417 word316 word487 word171 word304 word342 word78 word388 word72 word415 word64 word90 word248 word92 word39 word27 word144 word246 word23 word69 word306 word160 word379 word421 word16 word475 word342 word412 word240 word1 word443 word285 word19 word84 word104 word188 word222 word214 word435,neutra,neutra
word365 word227 word84 word398 word42 word438 word13 word162 word114 word118 word241 word376 word200 word258 word486 word249 word397 word193 word40 word128 word80 word454 word14 word412 word70 word76 word265 word41 word39 word388 word30 word299 word60 word43 word335 word197 word10 word341 word485,positiva,positiva
word420 word139 word359 word223 word75 word186 word489 word479 word394 word496 word287 word379 word83 word150 word87 word469 word308 word467 word209 word202 word338 word284 word187 word159 word257 word38 word94 word22 word78 word100 word38 word28 word410 word92 word278 word50 word474 word120 word375 word321 word385 word315 word255 word387 word408 word190 word472 word494 word361 word465 word53 word271 word326 word464 word61 word404 word39 word180 word347 word146 word418 word466 word80 word130 word38 word356 word444 word301 word67 word87 word18 word245 word361 word76 word424 word127 word258 word334 word270 word239 word169 word216 word120 word148 word378 word442 word425 word166 word161 word30 word137 word293 word134,neutra,neutra
word163 word292 word319 word286 word263 word172 word67 word214 word441 word359 word378 word369 word461 word114 word361 word35 word123 word15 word216 word71 word194 word68 word18 word239 word206 word209 word173 word205 word2 word240 word424 word70 word72 word391 word251 word129 word393 word163 word303 word279 word85 word378 word310 word105 word379 word311 word428 word411 word160 word469 word17 word168 word304 word268 word113 word100 word391 word439 word340 word266,neutra,neutra
word195 word168 word298 word126 word151 word373 word88 word467 word149 word409 word42 word160 word189 word228 word46 word124 word439 word462 word221 word60 word138 word476 word460 word407 word432 word356,positiva,positiva
word6 word430 word223 word39 word417 word265 word175 word227 word113 word466 word394 word100 word368 word90 word227 word375 word19 word363 word113 word350 word250 word14 word381,negativa,negativa
word61 word69 word487 word96 word309 word117 word333 word236 word53 word187 word366 word401 word145 word149 word365 word213 word36 word62 word187 word136 word60 word392 word230 word354 word1 word202 word240 word289 word485 word230 word245 word448 word200 word198 word80 word362 word10 word110 word210 word218 word20 word265 word486 word53 word247 word294 word163 word288 word171 word80 word421,positiva,positiva
word325 word13 word392 word304 word308 word433 word248 word231 word309 word99 word76 word422 word108 word253 word135 word116 word299 word402 word221 word70 word123 word83 word442 word160 word187 word36 word224 word457 word205 word326 word91 word72 word366 word33 word225 word159 word9 word266 word483 word35 word408 word270 word362 word49 word435 word6 word454 word329 word169 word4 word306 word44 word305 word387 word134 word120 word111 word113 word57 word125 word330 word152 word391 word410 word381 word270 word159 word465 word103 word233 word227 word373 word274 word400 word460 word196 word438 word85 word459 word89 word426 word196 word483 word65 word233 word451,negativa,negativa
word264 word19 word434 word428 word7 word82 word182 word254 word363 word213 word306 word6 word330 word458 word264 word228 word149 word478 word17 word144 word70 word434 word242 word462 word333 word279 word259 word102 word282 word343 word483 word275 word470 word473 word262 word220 word72 word135 word440 word70 word199 word350 word121 word488 word325 word15 word124 word371 word432 word464 word426 word38 word365 word56 word39 word346 word240 word324 word426 word35 word264 word418 word221 word262 word249 word454 word25 word439 word409 word407 word207 word258 word185 word126 word438 word253 word362 word51 word395 word330 word499 word67 word271 word256 word270 word28 word237 word150 word309 word117 word218 word311,negativa,negativa
word316 word320 word490 word458 word200 word346 word411 word14 word343 word459 word61 word377 word31 word201 word410 word494 word364 word361 word130 word413 word330 word472 word302 word20 word256 word388 word394 word194 word86 word435 word412 word440 word336 word415 word202 word390 word245 word398 word74,positiva,positiva
word390 word453 word148 word465 word314 word298 word164 word209 word326 word182 word144 word410 word208 word323 word16 word39 word425 word72 word398 word451 word241 word443 word214 word476 word119 word214 word195 word393 word22 word415 word12 word158 word299 word73 word246 word499 word412 word16 word296 word299 word35 word326 word261 word341 word149 word128 word368 word361 word81 word109 word294 word415 word101 word110 word404 word349 word452 word392 word477 word95 word136 word119 word28 word390 word331 word43 word100 word96 word202 word228 word145 word466,negativa,negativa
word473 word395 word202 word464 word157 word12 word399 word207 word18 word103 word36 word499 word424 word465 word92 word402 word282 word148 word335 word477 word231 word15 word422 word95 word92 word309 word400 word397 word434 word442 word65 word151 word361 word196 word358 word228 word226 word14 word305 word432 word410 word169 word339 word100 word317 word205 word464 word356 word37 word436 word363 word108 word142 word87 word156 word472 word452 word276 word182 word183 word479 word100,neutra,neutra
word53 word466 word274 word274 word494 word342 word56 word383 word487 word119 word232 word52 word359 word72 word213 word326 word421 word160 word455 word13 word84 word60 word374 word181 word11 word395 word139 word342 word277 word56 word302 word431 word183 word417 word136 word142 word86 word106 word120 word325 word66 word273 word131 word74 word411 word270 word144 word320 word454 word142 word123 word342 word246 word337 word84 word467 word9 word137 word313 word261 word169 word489 word173 word340 word204 word221 word389 word178 word200 word391 word44 word217 word140,positiva,positiva
word199 word398 word293 word236 word65 word328 word161 word109 word97 word491 word52 word400 word434 word16 word295 word289 word180 word334 word205 word220 word216 word401 word317 word190 word464 word402 word467 word366 word196 word387 word165 word136 word226 word485 word284 word192 word231 word146 word330 word176 word278 word185 word161 word486 word173 word36 word190 word267 word48 word153 word84 word251 word362 word485 word195 word432 word108 word391 word282 word380 word378 word267 word129 word264 word414 word486 word464 word91 word299 word53 word335 word497 word27 word329 word473 word424 word197 word52 word462 word461 word290 word490 word3 word309 word20,negativa,negativa
word16 word27 word389 word442 word115 word353 word422 word57 word93 word66 word396 word386 word68 word88 word332 word449 word390 word84 word194 word34 word123 word282 word173 word304 word149 word282 word317 word98 word23 word170 word21 word80 word144 word170 word139 word27 word89 word442 word359 word223 word12 word180 word463 word405 word379 word125 word202 word15 word430 word57 word310 word142 word286 word414 word157 word9 word332 word267 word70 word25 word263 word307 word59 word300 word223 word69 word309 word323 word78 word337 word112 word299 word407 word469 word128 word170 word48 word485 word166 word402 word468 word238 word347 word237,positiva,positiva
word498 word428 word360 word450 word109 word492 word46 word7 word100 word305 word124 word317 word56 word349 word115 word262 word59 word486 word189 word303 word244 word298 word228 word37 word415 word322 word127 word43 word444 word167 word455 word383 word480 word330 word91 word18 word123 word220 word312 word448 word71 word318 word43 word241 word37 word187 word304 word370 word403 word263 word130 word457 word467 word484 word396 word389 word39 word287 word204 word130 word35 word107 word458 word455 word372 word51 word344 word64 word342 word17 word143 word62 word467 word285 word462 word11 word370 word240 word235 word437 word24,neutra,neutra
word106 word187 word482 word98 word443 word407 word184 word186 word3 word396 word334 word492 word146 word200 word344 word171 word160 word86 word495 word238 word385 word328 word300 word157 word158 word243 word68 word269 word46 word138 word317 word12 word23 word108 word378 word402 word1 word140 word29 word7 word472 word213 word398 word342 word225 word377 word125 word207 word190 word286 word106 word373 word421 word445 word448 word320 word399 word346 word477 word50 word100 word211 word311 word445 word48 word81 word431,neutra,negativa
word82 word56 word260 word413 word267 word391 word89 word225 word307 word174 word8 word37 word464 word303 word133 word130 word20 word473 word55 word380 word121 word168 word137 word413 word17 word177 word140 word137 word97 word457 word190 word210 word193 word491 word170 word171 word164 word164 word45 word303 word13 word113 word102 word146 word379 word300 word496 word176 word465 word23 word253 word400 word266 word467 word158 word17 word387 word35 word383 word367 word423 word240,negativa,negativa
word1 word435 word139 word61 word329 word241 word228 word220 word73 word430 word1 word242 word136 word321 word275 word193 word268 word114 word66 word453 word307 word327 word500 word453 word293 word397 word264 word119,neutra,neutra
word85 word218 word61 word384 word358 word404 word383 word155 word35 word465 word247 word48 word464 word498 word223 word386 word19 word47 word139 word329 word67 word18 word335 word386 word370 word400 word402 word302 word260 word429 word175 word49 word376 word138 word490 word208 word426 word22 word330 word225 word232 word133 word486 word197 word426 word213 word25 word440 word93 word136 word431 word447 word459 word213 word379 word164 word371 word252 word26 word209 word234 word129 word188 word252 word25 word76 word384 word176 word305 word283 word276 word207 word242 word412 word483 word129 word335 word485 word4 word393 word249 word484 word290 word420 word84 word72 word464 word264 word280 word85 word114 word410,negativa,negativa
word284 word419 word256 word411 word30 word181 word357 word192 word366 word296 word243 word279 word451 word340 word492 word48 word407 word446 word464 word270 word244 word292 word458 word434 word468 word485 word312 word130 word76 word449 word77 word36 word237 word372 word368 word128 word251 word448 word400 word459 word385 word46 word102 word85 word67 word430 word353 word457 word161 word490 word466 word54 word435 word56 word226 word91 word291 word9 word424 word239 word436 word217 word279 word370 word486 word188 word261 word163 word21,positiva,positiva
word358 word369 word35 word69 word35 word16 word418 word88 word4 word469 word140 word409 word481 word262 word464 word485 word73 word74 word185 word280 word394 word92 word97 word154 word136 word471 word198 word435 word28 word51 word402 word125 word42 word298 word74 word31 word204 word276 word264 word293 word12 word146 word172 word147 word280 word115 word316 word468 word331 word195 word218 word293 word362 word151 word20 word352 word331 word51 word314 word36 word322 word373 word8 word364 word61 word133 word353 word178 word489 word479 word494 word53 word89 word92 word293 word216 word373 word142 word100 word325 word309 word346 word157 word264 word465 word306 word467 word217 word23 word381,neutra,neutra
word479 word167 word214 word381 word307 word21 word39 word99 word436 word12 word36 word390 word312 word492 word110 word330 word68 word296 word54 word455 word208 word128 word493 word34 word400 word255 word344 word131 word441 word226 word210 word229 word149 word160 word71 word244 word238 word191 word493 word57 word456 word434 word12 word351 word105 word21,neutra,neutra
word440 word482 word42 word330 word43 word209 word371 word272 word404 word457 word487 word337 word337 word402 word117 word151 word171 word373 word176 word70 word400 word375 word298 word441 word396 word451 word130 word59 word171 word415 word463 word55 word428 word240 word409 word342 word31 word243 word45 word170 word379 word342 word353 word331 word8 word292 word243 word265 word107 word353 word304 word202 word29 word35 word180 word269 word499 word362 word243 word150 word85 word71 word36 word456 word8 word432 word292 word310 word480 word394 word74 word485 word89 word285 word321,positiva,positiva
word45 word61 word352 word200 word494 word4 word187 word133 word441 word61 word205 word434 word486 word459 word327 word82 word49 word206 word240 word258 word25 word338 word198 word55 word458 word179 word117 word247 word476 word413 word50 word344,neutra,neutra
word6 word132 word420 word256 word352 word381 word281 word289 word119 word125 word75 word149 word315 word465 word220 word302 word431 word339 word132 word141 word319 word144 word125 word296 word319 word127 word25 word385 word196 word317 word87 word158 word303 word63 word159 word360 word386 word177 word58 word14 word279 word347 word297 word203 word12 word114 word18 word232 word155 word36 word305 word186 word482 word209 word46 word353 word352 word465 word347 word181 word335 word400,neutra,neutra
word55 word152 word302 word404 word282 word247 word436 word86 word451 word157 word138 word477 word323 word216 word166 word221 word396 word77 word88 word153 word242 word408 word106 word394 word454 word218 word481 word447,neutra,neutra
word4 word244 word28 word135 word359 word281 word355 word440 word235 word272 word30 word144 word363 word31 word180 word69 word429 word281 word323 word342 word113 word25 word199 word93 word161 word160 word392 word160 word76 word480 word25 word102 word174 word32 word450 word177 word392 word68 word261 word64 word116 word204 word432 word154 word378 word46 word126 word303,neutra,neutra
word213 word390 word97 word28 word211 word315 word229 word106 word260 word472 word138 word201 word157 word147 word328 word188 word311 word10 word332 word53 word189 word437 word169 word350 word176 word452 word476 word455 word198 word159 word304 word409 word262 word370 word439 word377 word185 word125 word218 word288 word422 word151 word81 word158 word298 word117 word200 word129 word493 word257 word361,neutra,neutra
word122 word386 word456 word67 word138 word302 word183 word7 word11 word117 word484 word305 word128 word29 word379 word189 word197 word281 word115 word364 word157 word353 word259 word75 word312 word38 word358 word189 word336 word121 word204 word153 word126 word172 word27 word199 word62 word260 word46 word5 word220 word150 word439 word133 word200 word119 word445 word395 word86 word126 word94 word76 word121,positiva,positiva
word63 word63 word377 word173 word284 word324 word312 word314 word488 word316 word175 word143 word401 word211 word280 word408 word118 word112 word27 word37 word309 word252 word149 word106 word348 word43 word351 word453 word228 word248 word269 word48 word314 word183 word235 word12 word439 word167 word38 word392 word490 word260 word17 word496 word105 word121 word355 word166 word43 word342 word132 word431 word77,neutra,neutra
word498 word110 word397 word192 word52 word241 word235 word251 word428 word140 word320 word100 word440 word230 word400 word135 word157 word492 word98 word281 word162 word196 word348 word391 word241 word320 word22 word117 word372 word333 word23 word446 word205 word152 word232 word198 word252 word83 word70 word495 word374 word181 word425 word398 word349 word361 word476 word418 word129 word364 word81 word252 word34 word85 word361 word186 word82 word490 word470 word115 word300 word147 word403 word344 word218 word466 word368 word76 word222 word415 word270 word50 word387 word241 word120 word408 word443 word294,positiva,positiva
word227 word193 word270 word418 word355 word38 word230 word370 word112 word495 word405 word424 word41 word290 word264 word314 word426 word177 word267 word340 word377 word386 word169 word500 word5 word247 word305 word31 word226 word298 word304 word60 word139 word123 word320 word165 word286 word366 word399 word92 word452 word83 word11 word23 word101 word437 word104 word347 word210 word20 word223 word15 word239 word280 word261 word142 word384 word299 word128 word218 word55 word462 word377 word144 word338 word340 word305 word28 word440 word478 word488 word491 word465 word370 word29 word233 word123 word110 word416 word407 word262 word369 word65 word111 word431 word226 word274 word232 word102 word414 word380 word342 word177 word322 word477,negativa,negativa
word140 word213 word17 word343 word308 word154 word187 word165 word326 word380 word55 word207 word7 word227 word125 word168 word229 word162 word198 word383 word406 word3 word189 word424 word266 word103 word297 word73 word11 word317 word258 word379 word173 word428 word211 word370 word51 word49 word392 word417 word472,negativa,negativa
word347 word307 word120 word67 word2 word203 word342 word151 word112 word195 word116 word218 word277 word137 word16 word51 word209 word89 word400 word83 word14 word310 word312 word336 word80 word341 word432 word303 word196 word241 word407 word72 word362 word135 word439 word70 word259 word201 word244 word192 word19 word429 word267 word301 word261 word265 word304 word210 word66 word15 word270 word94 word228 word303 word298 word85 word331 word471 word181 word60 word253 word309 word198 word300 word383 word290 word399 word74,positiva,positiva
word465 word281 word114 word263 word257 word433 word284 word435 word325 word286 word165 word129 word50 word275 word461 word7 word477 word430 word220 word157 word291 word428 word15 word225 word24 word323 word39 word159 word370 word376 word114 word257 word93 word296 word5 word407 word12 word305 word203 word112 word271 word71 word290 word323 word229 word181 word230 word479 word377 word3 word145 word13 word119 word390 word428 word229 word345 word186 word239 word415 word138 word160 word69 word110 word19 word408 word427 word211 word297 word125 word23 word258,neutra,neutra
word310 word204 word59 word283 word173 word197 word445 word202 word227 word344 word448 word370 word247 word153 word90 word62 word380 word369 word177 word470 word484 word311 word132,positiva,positiva
word95 word5 word334 word322 word392 word167 word417 word85 word116 word458 word442 word300 word305 word351 word412 word116 word35 word93 word179 word118 word263 word70,neutra,neutra
word472 word446 word88 word301 word76 word284 word159 word376 word287 word250 word341 word238 word7 word298 word390 word246 word88 word4 word149 word385,neutra,neutra
word431 word364 word310 word46 word373 word376 word247 word292 word310 word61 word129 word397 word487 word136 word201 word458 word82 word131 word28 word118 word319 word175 word492 word446 word448 word364 word352 word255 word496 word48 word362 word71 word170 word128 word301 word394 word40 word301 word111 word39 word209 word291 word101 word195 word477 word174 word498 word418 word186 word289 word355 word233 word204 word165 word70 word13 word169 word398 word117 word90 word165 word300 word108 word111 word57 word167 word109 word416 word453 word186 word43 word44,negativa,negativa
word258 word15 word127 word267 word404 word427 word94 word362 word481 word400 word359 word398 word279 word304 word267 word478 word182 word389 word11 word210 word458 word122 word398 word252 word68 word54 word62 word233 word155 word448 word382 word72 word252 word383 word328 word5 word4 word292 word462 word26 word83 word95 word160 word446 word474 word154 word367 word6 word256 word314 word432 word411 word31 word207 word39 word5 word78 word467 word133 word370 word355 word434 word267 word488 word214 word394 word392 word272 word159 word80 word43 word250 word199 word105 word384 word82 word238 word215 word489 word53 word429 word343 word396 word389 word387 word218 word291 word183 word451 word113,neutra,positiva
word87 word380 word351 word353 word231 word161 word36 word18 word89 word264 word71 word344 word310 word173 word44 word259 word412 word197 word404 word144 word41 word325 word445 word442 word480 word54 word22 word285 word476 word499 word140 word188 word333 word457 word88 word488 word409 word35 word421 word321 word490 word105 word497 word24 word38 word224 word329 word84 word137 word195 word63 word88 word75 word478 word469 word315 word342 word69 word26 word189 word493 word239 word404 word185 word155 word407 word236 word366 word364 word364 word339 word405 word232 word152 word257 word163 word22 word181 word251 word261 word171 word363 word143 word324 word135 word494 word325 word279 word215 word378 word213 word402 word80 word411,neutra,neutra
word352 word386 word338 word314 word92 word367 word244 word78 word241 word162 word100 word281 word448 word9 word68 word457 word346 word120 word185 word45 word422 word333 word117 word97 word346 word281 word375 word125 word498 word83 word90 word368 word283 word195 word369 word288 word202 word109 word359 word277 word448 word211 word133 word26 word136 word364 word144 word277 word108 word464 word451 word404 word367 word286 word5 word22 word222 word376 word66 word275 word478 word418 word276 word289 word32 word2 word158 word408 word3 word400 word129 word50,negativa,positiva
word389 word241 word40 word33 word259 word13 word8 word477 word267 word237 word51 word394 word256 word111 word377 word119 word252 word281 word140 word439 word352 word145 word79 word165 word233 word276 word201 word21 word339 word190 word168 word279 word418 word3 word481 word320 word274 word26 word356 word360 word281 word401 word420 word420 word164 word337 word29 word281 word73 word154 word339 word213 word432 word44 word486 word354 word216 word13 word21 word207 word287 word254 word149 word326 word308,positiva,positiva
word29 word83 word361 word237 word141 word384 word8 word87 word235 word458 word375 word342 word356 word157 word224 word443 word365 word300 word42 word367 word183 word193 word337 word197 word287 word7 word93 word269 word479 word381 word209,neutra,neutra
word212 word462 word74 word460 word74 word290 word422 word453 word272 word247 word391 word455 word6 word132 word143 word417 word9 word63 word2 word477 word17 word133 word261 word175 word46 word207 word400 word145 word259 word235 word123 word2 word420 word497 word255 word416 word176 word472 word284 word401 word337 word462 word280 word424 word467 word381 word177 word46 word205,negativa,neutra
word18 word391 word363 word367 word87 word433 word312 word79 word58 word302 word390 word391 word294 word258 word348 word66 word183 word50 word420 word303 word389 word249,positiva,positiva
word460 word90 word216 word48 word132 word276 word66 word223 word468 word36 word116 word142 word456 word368 word92 word351 word10 word400 word113 word356 word247 word367 word175 word266 word454 word402 word273 word462 word59 word351 word313 word129 word195 word203 word340 word313 word394 word329 word493 word415 word289 word10 word184 word64 word217 word497 word202 word409 word226 word289 word16 word344 word124 word231 word494 word112 word465 word415 word25 word185 word490 word228 word396 word460 word2 word366 word457 word289 word481 word350 word315 word62 word395 word428 word167 word80 word287 word470 word366 word406 word281 word209,positiva,neutra
word447 word120 word346 word430 word477 word259 word157 word350 word244 word314 word371 word356 word122 word378 word271 word466 word330 word446 word490 word498 word373 word299 word60 word194 word238 word391 word295 word220 word74 word358 word216 word19 word143 word440 word60 word204 word257 word42 word83 word471 word296 word106 word85 word213 word362 word366 word98 word363 word449 word114 word14 word480 word261 word389 word161 word150 word113 word109 word236,negativa,negativa
word436 word426 word345 word337 word267 word13 word194 word366 word407 word280 word355 word11 word235 word254 word447 word156 word115 word177 word86 word280 word322 word401 word486 word37 word124 word151 word125 word414 word70 word15 word431 word481 word114 word167 word252 word263 word496 word203 word7 word212 word279 word259 word257 word462 word404 word126 word178 word334 word206 word215 word84 word128 word371 word422 word393 word154 word69 word80 word197 word259 word447 word450 word2 word354 word150 word99 word278 word17 word168 word277 word137 word297 word231 word400 word91 word29 word265 word129 word354 word47 word288 word495 word47 word151 word423 word267 word88 word107 word383 word431 word181 word237 word392 word89 word104,negativa,negativa
word55 word487 word396 word322 word364 word437 word72 word124 word19 word245 word248 word15 word331 word5 word397 word353 word408 word60 word436 word274 word432 word349 word329 word17 word346 word225 word425 word343 word38 word445 word32 word150 word109 word488 word77 word423 word112 word326 word46 word196 word312 word356 word437 word409 word260 word152 word131 word497 word305 word455 word217 word243 word413 word362 word101 word263 word107,negativa,negativa
word183 word145 word488 word361 word274 word445 word378 word319 word161 word494 word360 word473 word484 word275 word179 word474 word500 word61 word320 word302 word375 word488 word127 word488 word322 word42 word256 word67 word479 word382 word453 word302 word199 word215 word474 word76 word443 word212 word296 word334 word42 word75 word81 word390 word39 word306 word54 word384 word489 word208 word107 word223 word346 word364 word319 word291 word316 word109 word104 word466 word290 word431 word313 word228 word286 word346 word94 word232 word362 word44 word37 word81 word296 word120 word219 word67 word126 word9 word404 word234 word88 word264 word467 word413 word443 word204 word181 word159 word153 word460 word69 word426 word459 word423,negativa,negativa
word428 word16 word409 word256 word480 word43 word466 word287 word52 word255 word19 word42 word266 word408 word55 word132 word196 word271 word1 word320 word249 word482 word151 word247 word41 word459 word417 word178 word231 word429 word148 word118 word121 word354 word106 word45 word83 word494 word437 word477 word139 word222 word246 word262 word14 word299 word20 word138 word147 word338 word449 word350 word218 word263 word257 word74 word479 word460 word121 word58 word83 word315 word15 word52 word325 word74 word35 word11 word353 word182,negativa,negativa
word70 word266 word393 word129 word312 word8 word93 word378 word7 word179 word254 word34 word490 word255 word170 word489 word280 word340 word46 word80 word23 word258 word419 word451 word288 word28 word314 word319 word299 word361 word279 word353 word244 word76 word40 word454 word221,neutra,neutra
word87 word75 word271 word317 word58 word435 word152 word331 word376 word19 word433 word486 word480 word70 word197 word117 word226 word488 word382 word386 word211 word469 word461 word404 word408 word326 word48 word143,neutra,neutra
word491 word19 word400 word67 word146 word274 word341 word46 word55 word142 word341 word202 word138 word79 word485 word353 word493 word248 word410 word320 word263 word238 word251 word207 word320 word247 word486 word450 word233 word199 word380 word322 word116 word417 word342 word311 word392 word114 word400 word61 word397 word296 word291 word364 word156 word385 word13 word347 word398 word2 word348 word387 word262 word303 word30 word495 word484 word383 word8 word216 word409 word339 word453 word308 word357 word169 word407 word267 word401 word103 word135 word44 word338 word367 word142 word193 word285 word378 word152 word245 word93 word405 word437 word370 word408,positiva,positiva
word197 word484 word466 word409 word366 word272 word175 word84 word485 word193 word215 word71 word139 word318 word214 word293 word106 word42 word443 word217 word181 word144 word329 word282 word195 word466 word451 word100 word322 word485 word245 word16 word67 word334 word451 word65 word274 word249 word143 word316 word439 word120 word28 word180 word158 word364 word269 word9 word170 word368 word239 word282 word133 word160 word66 word41 word19 word313 word79,negativa,negativa
word135 word133 word281 word482 word103 word456 word260 word487 word192 word499 word330 word335 word282 word226 word263 word426 word397 word12 word348 word418 word373 word249 word168 word337 word332 word188 word204 word185 word23 word16 word42 word212 word256 word205 word478 word113 word197 word124 word150 word293 word155 word159 word336 word416 word107 word56 word120 word289 word480 word81 word22 word265 word496 word277 word463 word322 word16 word214 word386 word255 word98 word91,negativa,negativa
word428 word63 word132 word491 word15 word213 word100 word267 word487 word114 word186 word225 word400 word493 word49 word245 word377 word5 word404 word122 word260 word490 word318 word495 word302 word106 word347 word308 word156 word39 word325 word289 word387 word63 word270 word410 word446 word470 word106 word87 word289 word232 word118 word52 word72 word170 word370 word33 word53 word133 word437 word496 word221,negativa,negativa
word449 word207 word284 word298 word419 word478 word128 word63 word133 word132 word151 word459 word108 word212 word179 word137 word99 word499 word314 word52 word328 word306 word180 word395 word402 word394 word320 word221 word104 word22 word460 word421 word101 word402 word24 word119 word76 word171 word160 word257 word230 word58 word75 word411 word275 word462 word66 word155 word79 word463 word80 word401 word97 word364 word228 word485 word35 word163 word362 word458 word270 word50 word315 word240 word388 word277 word449 word62 word312 word369 word203 word238 word348 word228 word197 word291 word402 word68 word437 word101 word49 word91 word39 word476 word146 word387 word92 word265 word213 word330 word495 word325,positiva,positiva
word457 word120 word374 word154 word209 word325 word249 word303 word50 word149 word406 word310 word421 word483 word178 word133 word155 word287 word127 word196 word87 word193 word474 word212 word380 word216 word217 word330 word56 word178 word70 word100 word355 word88 word102 word287 word174 word62 word479 word462 word291 word263 word405 word487 word52 word49 word166 word153 word448 word255 word406 word334 word362 word479 word294 word389 word135 word130 word293 word451 word26 word251 word102 word443 word260 word22 word1 word320 word117 word21 word77 word78 word173 word360 word430 word267 word474 word396 word83 word368 word116 word482 word424 word33 word87 word221 word371 word277 word43 word315 word325 word465 word133 word20 word375 word352 word260,positiva,positiva
word189 word213 word423 word189 word413 word476 word56 word468 word284 word301 word153 word167 word271 word100 word359 word334 word5 word106 word257 word372 word146 word444 word268 word270 word55 word315 word409 word106 word272 word4 word106 word36 word385 word498 word19 word352,positiva,positiva
word322 word326 word467 word61 word201 word262 word44 word56 word156 word430 word294 word282 word276 word406 word273 word361 word155 word408 word17 word171 word126 word70 word269 word446 word82 word443 word429 word442 word4 word495 word214 word299 word153 word257 word276 word399 word171 word56 word294 word392 word8 word407 word402 word289 word475 word194 word67 word329 word305 word458 word113 word79 word340 word156 word93 word336,positiva,positiva
word489 word178 word65 word308 word391 word65 word21 word449 word467 word79 word453 word455 word499 word109 word290 word498 word452 word303 word99 word43,negativa,negativa
word358 word338 word71 word174 word325 word109 word35 word161 word340 word332 word65 word339 word98 word371 word284 word64 word176 word410 word217 word345 word375 word16 word466 word168 word397 word234 word289 word181 word427 word59 word449 word104 word442 word13 word7 word47 word274 word134 word299 word410 word14 word264 word370 word213 word463 word332 word18 word271 word192 word66 word476 word112 word42 word112 word412 word300 word410 word231 word59 word194 word100 word279 word135 word486 word189 word158 word493 word261,negativa,negativa
word198 word260 word219 word228 word83 word277 word202 word424 word239 word483 word149 word165 word19 word370 word37 word143 word456 word306 word280 word403 word386 word444 word333 word225 word66 word185 word353 word127 word336 word67 word31 word183 word115 word436 word190 word210 word202 word159 word459 word370 word80 word108 word41 word129 word329 word468 word241 word41 word24 word208 word133 word289 word60 word116 word278 word141 word183 word111 word26 word173 word165 word450 word447 word216 word144 word209 word304 word194 word379 word483 word202 word59 word61 word436 word209 word164 word310 word479 word213 word158 word432 word42 word423 word261 word11 word114 word340 word377 word98 word329 word495 word344 word352,neutra,neutra
word157 word170 word215 word240 word38 word99 word395 word27 word225 word438 word44 word463 word237 word212 word357 word389 word237 word42 word485 word5 word436 word218 word258 word383 word471 word76 word406 word331 word185 word213 word386 word71 word253 word362 word270 word224 word261 word256 word402 word411 word460 word37 word160 word439 word321 word189 word315 word232 word444 word280 word224 word312 word96 word386 word102 word12 word26 word34 word51 word26 word151 word481 word52,positiva,positiva
word192 word108 word415 word35 word119 word214 word78 word459 word173 word122 word127 word96 word332 word241 word116 word437 word329 word202 word257 word329 word77 word405 word130 word15 word261 word439 word367 word155 word200 word298 word117 word411 word148 word109 word48 word347 word13 word403 word487 word56 word49 word468 word63 word204 word436 word70 word332 word192 word219 word466 word325 word160 word468 word291,neutra,neutra
word30 word408 word494 word12 word327 word438 word347 word488 word138 word320 word410 word35 word279 word481 word236 word408 word371 word135 word186 word246 word215 word298 word327 word207 word320 word330 word486 word409 word282 word89 word161 word166 word144 word474 word268 word495 word60 word357 word295 word382 word196 word260 word176 word349 word97 word331 word248 word399 word19 word92 word304 word187 word143 word467 word453 word46 word264 word334 word391 word102 word426 word328 word440 word341 word436 word15 word113 word267 word152 word99 word354 word497 word269 word305 word305 word209 word339 word404 word58 word138 word85 word397 word319 word336 word313 word267 word409 word79 word347 word418 word104 word355 word36,positiva,neutra
word67 word409 word268 word83 word213 word151 word175 word26 word9 word175 word151 word500 word132 word165 word458 word430 word29 word43 word48 word230 word287 word176 word7 word101 word308 word187 word62 word326 word307 word246 word471 word423 word20 word453 word25 word241 word451 word491 word12 word37 word121 word139 word140 word209 word160 word292 word427 word273 word166 word284 word311 word449 word474 word139 word460 word409 word65 word280 word77 word246 word23 word150 word295 word153 word6 word195 word271 word382 word69 word239 word100 word77,neutra,neutra
word285 word125 word145 word170 word278 word143 word311 word223 word306 word78 word312 word463 word68 word164 word347 word309 word338 word280 word342 word305 word38 word376 word224 word26 word205 word218 word44 word499 word112 word166 word221 word417 word372 word386 word119 word423 word415 word232 word273 word19 word381 word481 word237 word271 word250 word42 word310 word361 word464 word465 word246 word480 word265 word322 word301 word500 word369 word61 word36 word205 word258 word335 word241 word258 word461 word168 word247 word279 word235 word485 word482 word257 word226 word295 word91 word213 word109 word73 word48 word294 word1 word324 word216 word184 word385 word270 word367 word355 word17 word108 word285 word488 word78 word53 word471 word484 word84 word201 word314,negativa,negativa
word481 word201 word341 word331 word409 word235 word397 word178 word246 word250 word353 word310 word40 word405 word380 word53 word481 word331 word43 word246 word419 word140 word467 word210 word114 word179 word263 word345 word464 word98 word481 word264 word64 word464 word175 word311 word350 word7 word111 word344 word163 word5 word12 word414 word77 word51 word282 word60 word327,negativa,negativa
word311 word465 word172 word73 word254 word178 word318 word392 word253 word155 word283 word222 word93 word387 word167 word270 word455 word94 word214 word88 word219 word151 word458 word152 word308 word69 word229 word418 word337 word142 word486 word402 word202 word487 word94 word166 word466 word486 word412 word96 word110 word324 word28 word496 word471 word405 word485 word115 word441 word129 word61 word132 word388 word472 word306 word123 word301 word255 word259 word175 word70 word181 word446 word205 word11,positiva,positiva
word350 word225 word104 word489 word152 word246 word198 word116 word209 word76 word1 word145 word57 word208 word432 word82 word1 word56 word255 word138 word245 word15 word167 word206 word216 word276 word391 word234 word421 word265 word131 word115 word162 word299 word122 word458 word240 word432 word342 word167 word115 word372 word166 word124 word466 word242 word25 word248 word231 word432 word356 word96 word76 word302 word24 word160 word70 word11 word460 word45 word5 word467 word95 word409 word16 word77 word56 word354 word311 word238 word121 word45 word285 word116 word296 word344 word425 word247 word3 word141 word427 word267 word310 word229 word82 word449 word387 word498 word428 word146 word128 word125,negativa,negativa
word437 word219 word47 word163 word394 word261 word281 word216 word147 word300 word317 word450 word309 word498 word414 word40 word197 word193 word2 word91 word382 word177 word74 word144 word138 word88 word51 word383 word413 word249 word308 word460 word422 word17 word477 word34 word14 word202 word373 word41 word147 word132 word199 word494 word166 word105 word62 word100 word67 word287 word211 word249 word417 word291 word78 word189 word157 word414 word154,negativa,negativa
word131 word269 word331 word313 word399 word101 word254 word401 word432 word309 word326 word433 word313 word475 word64 word174 word57 word46 word236 word113 word204 word219 word311 word473 word425 word190 word163 word386 word62 word271 word212 word92 word309 word161 word93 word327 word88 word337 word82 word218 word404 word115 word384 word361 word452 word85 word358 word469 word382 word94 word412 word54 word295 word249 word266 word260 word16 word255 word469 word219 word139 word498 word50 word244 word257 word239 word461 word211 word487 word34 word367 word297 word121 word114 word360 word319 word306 word26 word299 word491 word9 word235 word248 word449 word142 word238 word359 word31 word401 word412 word360 word325 word374,negativa,negativa
word76 word269 word297 word385 word245 word442 word173 word161 word365 word274 word41 word326 word140 word421 word419 word211 word427 word476 word365 word304 word467 word437 word240 word42 word301 word232 word183 word90 word359 word456 word299 word118 word1 word357 word79 word32 word99 word101 word170 word160 word99 word391 word414 word126 word185 word409 word477 word395 word277 word497 word364 word339 word15 word319 word144 word301 word287 word55 word231 word257 word24 word426 word469 word11 word61 word64 word221 word301 word121 word424 word156 word154 word295 word436 word125 word169 word170 word233 word215 word477 word74 word209 word127 word300 word391 word468 word219 word133 word482 word46 word66 word480 word444 word280 word165 word483,positiva,positiva
word345 word103 word437 word435 word41 word153 word279 word246 word128 word265 word482 word154 word110 word370 word286 word347 word324 word381 word365 word303 word228 word231 word133 word225 word303 word359 word387 word189 word367 word219 word180 word82 word133 word340 word109 word39 word136 word496 word75 word72 word202 word192 word461 word119 word209 word146 word125 word162 word129 word360 word396 word89 word248 word132 word434 word51 word205 word166 word182 word471 word271 word191 word404 word389,neutra,neutra
word433 word225 word124 word368 word64 word203 word391 word386 word129 word84 word16 word45 word413 word392 word253 word286 word164 word97 word6 word336 word18 word53 word397 word292 word245 word110 word75 word234 word180 word268 word83 word116 word57 word213 word139 word112 word275 word249 word106 word350 word172 word171 word239 word70,negativa,negativa
word426 word301 word305 word122 word481 word394 word437 word492 word175 word72 word430 word237 word480 word348 word129 word178 word306 word198 word141 word105 word325 word18 word47 word22 word368 word15 word210 word61 word294 word18 word13 word206 word348 word55 word248 word406 word313 word376 word158 word472 word73 word303 word218 word16 word472 word352 word114 word27 word338 word273 word25 word494 word360 word232 word120 word136 word226 word29 word184 word109 word57 word63 word173 word192 word176 word345 word262 word97 word487 word366 word236 word25 word458 word373 word231 word81 word54 word145 word116 word105 word204 word24 word163 word436 word433 word5,negativa,negativa
word31 word382 word5 word480 word48 word180 word50 word184 word306 word44 word263 word386 word228 word57 word346 word94 word9 word219 word136 word15 word389 word300 word455 word241 word220 word422 word41 word181 word400 word147 word443 word143 word207 word449 word122 word485 word22 word133 word296 word298 word455 word480 word339 word330,negativa,negativa
word6 word440 word304 word172 word368 word309 word385 word41 word30 word322 word152 word120 word211 word363 word90 word487 word211 word76 word36 word429 word57 word210 word335 word257 word132 word54 word356 word246 word25 word91 word282 word85 word196 word63 word399 word316 word392 word27 word188 word134 word312 word411 word114 word385 word291 word413 word41 word496 word218 word141 word92 word493 word442 word66 word223 word367 word296 word95 word181 word185 word145 word481 word102 word354 word456 word398 word400 word80 word67 word392 word374 word371 word210 word262 word8 word146 word265 word63 word66 word23 word105 word497 word349 word475 word129 word300 word446 word177 word329 word347 word417 word485 word308 word292 word435,negativa,negativa
word414 word381 word226 word475 word293 word219 word174 word457 word128 word439 word115 word382 word142 word418 word418 word366 word497 word257 word420 word277 word20 word209 word17 word333 word77 word163 word436 word370 word169 word253 word291 word177 word375 word74 word214 word128 word340 word321 word404 word185 word116 word17 word431 word165 word378 word184 word167 word118 word391 word144 word149 word353 word259 word374 word52 word480 word119 word60 word55 word156 word212 word39 word312 word307 word389 word9 word49 word103 word220 word294 word101 word180 word257 word273 word264 word321 word378 word420 word483 word197 word165 word140 word176 word270 word303 word35 word500 word21 word201 word227 word173 word110 word266 word4 word372,positiva,positiva
word399 word112 word17 word224 word152 word93 word212 word435 word293 word364 word75 word38 word168 word388 word443 word51 word239 word199 word373 word103 word243 word425 word233 word391 word311 word299 word130 word497 word125 word466 word495 word256,neutra,neutra
word132 word61 word44 word151 word278 word31 word132 word316 word437 word495 word119 word52 word287 word470 word211 word453 word372 word450 word476 word54 word206 word25 word23 word238 word331 word444 word65 word17 word53 word464 word331 word241 word52 word186 word65 word16 word220 word252 word227 word436 word457 word61 word139 word251 word201 word218 word354 word90 word414 word133 word175 word111 word316 word348 word313 word247 word152 word344 word60 word156 word342 word347 word135 word171 word160 word444 word287 word60 word81 word35 word121 word112 word224 word374 word440 word280,positiva,positiva
word121 word6 word172 word292 word353 word450 word389 word161 word413 word98 word105 word180 word270 word102 word451 word136 word196 word303 word215 word202 word493 word218 word57 word366 word353 word110 word426 word196 word76 word87 word358 word109 word235 word368 word427 word245 word454 word152,negativa,negativa
word475 word203 word414 word347 word398 word474 word49 word151 word161 word34 word54 word55 word475 word429 word295 word423 word172 word238 word442 word74 word74 word264 word127 word335 word318 word167 word58 word42 word222 word161 word17 word346 word479 word490 word59 word96 word216 word458 word288 word229 word463 word332 word493 word432 word500 word279 word188 word31 word365 word133 word6 word402 word213 word277 word392 word165 word409,positiva,positiva
word126 word33 word363 word379 word464 word461 word52 word311 word353 word301 word10 word23 word336 word429 word90 word24 word203 word157 word492 word463 word280 word475 word115 word496 word224 word239 word26 word89 word98 word244 word95 word52 word303 word437 word35 word281 word481 word203 word92 word40 word469 word203 word53 word434 word402 word352 word43 word42 word110 word80 word266 word197 word383 word51 word364 word468 word66 word327 word255 word48 word147 word395 word435 word185 word54 word123 word422 word285 word216 word7 word392 word233 word273 word422 word282 word465 word280 word172 word462 word322 word381 word114 word336 word281 word53 word128 word456 word286 word388 word86,negativa,negativa
word429 word360 word135 word240 word345 word409 word187 word108 word8 word428 word408 word476 word374 word107 word121 word122 word230 word482 word346 word218 word369 word418 word202 word422 word10 word156,positiva,positiva
word363 word432 word249 word48 word4 word77 word29 word224 word26 word93 word210 word368 word338 word30 word452 word275 word175 word192 word425 word233 word123 word213 word35 word77 word158 word111 word175 word33 word306 word58 word109 word489 word3 word140 word251 word154 word161 word64 word212 word378 word294 word463 word350 word395 word216 word307 word290 word407 word251 word203 word36 word430 word218 word400 word340 word1 word326 word244 word120 word133 word319 word44 word304 word424 word44 word4 word31 word366 word424 word495 word15 word242 word25 word186 word154 word303 word455 word403 word32 word121 word138 word126 word177 word304 word370 word470 word352 word150 word93,negativa,negativa
word231 word300 word321 word213 word72 word221 word2 word253 word223 word179 word331 word378 word132 word252 word255 word255 word202 word105 word86 word16 word27 word405 word35 word428 word449 word121 word222 word181 word197 word180 word172 word343 word207 word94 word190 word490 word494 word31 word288 word487 word97 word35 word106 word159 word468 word126 word166,positiva,positiva
word82 word273 word482 word373 word224 word154 word177 word14 word15 word389 word422 word485 word313 word465 word209 word128 word123 word119 word373 word5 word473 word388 word191 word351 word68 word216 word55 word57 word4 word398 word372 word447 word491 word483 word497 word8 word393 word362 word82 word69 word489 word442 word164 word38 word167 word3 word344 word191 word25 word490 word413 word453 word499 word8 word388 word394 word391,negativa,negativa
word352 word365 word92 word425 word262 word237 word362 word255 word273 word157 word464 word485 word66 word367 word12 word185 word485 word88 word189 word110 word365 word232 word297 word472 word261 word368,negativa,negativa
word133 word428 word382 word165 word157 word174 word60 word80 word497 word347 word339 word141 word428 word89 word485 word252 word166 word376 word209 word135 word342,positiva,positiva
word247 word154 word286 word415 word377 word261 word39 word136 word289 word193 word229 word151 word39 word234 word223 word391 word57 word243 word427 word134 word159 word44 word288 word428 word241 word209 word375 word221 word200 word382 word143 word425 word135 word256 word126 word317 word218 word120 word372 word468 word15 word284 word360 word360 word111 word58 word257 word319 word145 word185 word267 word226 word242 word342 word493 word399 word5 word175 word5 word437 word323 word110 word420 word282 word26 word76 word405 word145 word263 word448 word145 word6 word42 word458 word300 word165 word40 word348 word20 word46,neutra,neutra
word435 word415 word415 word206 word25 word493 word497 word429 word239 word141 word88 word186 word168 word138 word476 word330 word112 word320 word353 word262 word474 word483 word217 word237 word109 word392 word466 word330 word101 word260 word398 word22 word296 word329 word269 word322 word448 word63 word286 word398 word411 word234 word499 word163 word221 word412 word220 word172 word278 word311 word485 word309 word93 word27 word484 word212 word101 word112 word54 word100 word391 word328 word300,neutra,neutra
word145 word320 word177 word346 word77 word151 word51 word44 word132 word245 word73 word47 word439 word258 word358 word364 word51 word311 word431 word225 word432 word473 word274 word51 word309 word441 word290 word401 word268 word210 word473 word77 word224 word78 word328 word461 word499 word117 word364 word438 word417,neutra,neutra
word321 word177 word141 word90 word484 word54 word406 word350 word64 word458 word82 word81 word273 word52 word52 word313 word483 word27 word320 word301 word34 word75 word222 word347 word111 word218 word246 word356 word124 word345 word416 word292 word361 word84 word454 word151 word99 word275 word193 word231 word403 word268 word187 word401 word190 word480 word494 word235 word386 word355 word431 word231 word204 word139 word293 word308 word226 word156 word226 word252 word64 word331 word422 word161 word196 word47 word291 word214 word429 word454 word387 word106 word100 word243 word310 word16 word248 word44 word131 word180 word21 word132 word315 word499 word390 word154 word471 word221 word178 word424 word200 word370 word82 word167 word493 word122 word425 word234 word479,positiva,positiva
word486 word405 word188 word244 word31 word184 word17 word373 word455 word96 word337 word300 word209 word367 word340 word135 word400 word328 word157 word368 word321 word59 word84 word162 word23 word204 word231 word388 word86 word284 word333 word225 word454 word160 word204 word3 word206 word11 word492 word121 word407 word59 word138 word60 word185 word302 word210 word303 word404 word23 word213 word297 word262 word73 word104 word189 word326 word495 word185 word262 word154 word18 word200 word174 word76 word336 word130 word113 word195 word483 word319 word213 word411 word11 word169 word271,neutra,neutra
word147 word26 word473 word42 word110 word229 word180 word20 word165 word390 word126 word433 word181 word7 word55 word406 word203 word491 word395 word16 word157 word363 word32 word500 word84 word399 word421 word253 word402 word443 word368 word354 word195 word147 word434 word113 word208 word257 word196 word187 word300 word165 word495 word89 word195 word423,neutra,neutra
word86 word436 word425 word50 word77 word19 word139 word496 word63 word17 word230 word177 word315 word304 word414 word208 word231 word12 word486 word107 word298 word441 word303 word313 word88 word355 word96 word346 word289 word245 word361 word360 word103 word188 word243 word76 word179 word21 word220 word103 word112 word410 word71 word61 word161 word12 word435 word494 word403 word400 word51 word278 word44 word151 word247 word341 word139 word129 word412 word113 word244 word144 word427 word268 word55 word74 word486 word471 word384 word39 word366 word331 word471 word244 word236 word317 word75 word373 word249 word94 word408 word133 word430 word137 word245 word219 word367 word94 word124 word97 word116 word227 word294 word432 word211 word205 word81 word50 word381,positiva,positiva
word292 word318 word468 word446 word115 word127 word499 word164 word230 word153 word197 word283 word147 word207 word177 word54 word394 word446 word247 word103 word322 word268 word276 word298 word359 word21 word50 word48,neutra,neutra
word379 word434 word365 word309 word375 word149 word32 word283 word280 word402 word121 word445 word248 word222 word495 word272 word46 word127 word298 word116 word83 word149 word256 word47 word261 word364 word229 word348 word320 word249 word488 word306 word403 word321 word480 word216 word95 word91 word497 word400 word153 word224 word18 word477 word219,positiva,positiva
word187 word463 word228 word434 word51 word135 word312 word354 word402 word179 word313 word311 word493 word59 word9 word288 word8 word98 word251 word134 word134 word174 word344 word183 word397 word80 word52 word84 word459 word139 word15 word158 word345 word181 word193 word44 word334 word111 word49 word358 word469 word306 word469 word202 word260 word179 word255 word447 word318 word14 word291 word189 word272 word279 word295 word434 word430 word486 word306 word143 word98 word425 word457 word19 word108 word340 word83 word26 word499 word49 word107 word495 word51 word400 word282 word270 word414 word11 word31 word98 word246 word482 word35 word211 word215 word99 word172 word101 word69 word261 word466 word203 word318 word336 word422 word413 word453 word408 word466 word484,neutra,neutra
word463 word407 word22 word463 word411 word180 word329 word129 word125 word358 word102 word178 word179 word76 word415 word337 word431 word262 word88 word140 word177 word471 word119 word347 word62 word478 word324,neutra,neutra
word255 word235 word5 word342 word183 word381 word57 word148 word28 word143 word462 word246 word220 word137 word133 word334 word493 word374 word369 word237 word50 word362 word405 word256 word46 word357 word461 word113 word80 word370 word166 word358 word352 word134 word22 word278 word204 word428 word179 word125 word431 word368 word310 word477 word392 word434 word400 word201 word32 word304 word383 word496 word341 word285 word288 word58 word4 word23 word453 word396 word131 word212 word242 word124 word212 word174 word348 word379 word50 word233 word496 word435 word397 word368 word3,negativa,negativa
word408 word220 word252 word224 word397 word277 word235 word205 word188 word277 word345 word217 word404 word414 word215 word455 word87 word467 word148 word283 word142 word222 word171 word353 word41 word420 word452 word282 word274 word350 word100 word375 word110 word339 word153 word374 word396 word105 word309 word250 word148 word295 word497 word2 word479 word428 word265 word306 word185 word65 word286 word409 word116 word359 word375 word380 word171 word197 word209 word428 word451 word208 word485 word286 word193 word1 word306 word323 word485 word360 word15 word284 word372 word249 word215 word405 word306 word341 word233 word140 word260 word480 word302 word354 word63 word494 word123 word486 word223 word460 word446 word378 word459 word305 word425 word87 word36 word272,negativa,negativa
word86 word183 word391 word48 word61 word281 word250 word479 word377 word329 word168 word314 word293 word140 word186 word466 word270 word236 word399 word134 word110 word494 word402 word212 word474 word186 word338 word18 word349 word90 word121,neutra,neutra
word160 word499 word413 word232 word372 word458 word142 word164 word382 word142 word47 word298 word102 word294 word54 word240 word120 word265 word114 word126 word451 word491 word164 word323 word178 word86 word50 word446 word33 word247 word110 word381 word68 word289 word173 word261 word94 word59 word90 word289 word324 word453 word472 word377 word7 word352 word353 word354 word330 word344 word293 word310 word347 word22 word255 word64,positiva,positiva
word209 word201 word98 word439 word85 word429 word358 word387 word16 word370 word484 word198 word225 word57 word245 word337 word150 word371 word43 word338 word295 word115 word173 word120 word313 word319 word278 word98 word109 word406 word231 word218 word155 word466 word120 word385 word385 word122 word6 word125 word135 word373 word266 word216 word239 word477 word471 word13 word422 word181 word376 word493 word258 word313 word215 word38 word19 word181 word411 word171 word216 word266 word161 word245 word304 word426 word378 word409 word262 word350 word75 word74 word461 word303 word57 word204 word485 word11 word222 word419 word474 word185 word458 word359 word204 word390 word401 word138 word45 word391 word42 word390 word178 word352 word305 word20 word5 word315 word258 word22,positiva,positiva
word270 word128 word230 word388 word136 word172 word230 word34 word206 word67 word4 word194 word380 word492 word220 word377 word112 word319 word334 word167 word224 word336 word157 word302 word116 word268 word30 word224 word252 word414 word188 word4 word21 word270 word407 word446 word405 word170 word246 word445 word420 word227 word241 word35 word85 word265 word259 word288 word157 word114 word227 word440 word486 word27 word178 word261 word108 word177 word65 word232 word442 word465 word8 word319 word454 word385 word31 word195 word377 word490 word147 word142 word125 word448 word90 word184 word68 word470 word34 word254 word78 word204 word295 word350 word285 word214 word141 word402,positiva,positiva
word495 word462 word294 word88 word112 word9 word388 word363 word162 word366 word289 word409 word44 word100 word404 word185 word480 word441 word48 word202 word366 word69 word431 word50 word55 word272 word124 word320 word196 word136 word419 word80 word247 word85 word69 word103 word129 word207 word234 word70 word20 word48 word316 word487,positiva,positiva
word489 word375 word78 word321 word216 word168 word311 word368 word447 word209 word80 word432 word168 word380 word399 word30 word206 word43 word303 word398 word281 word162 word487 word43,positiva,positiva
word497 word420 word481 word371 word254 word330 word250 word21 word59 word278 word330 word127 word16 word35 word158 word431 word210 word487 word447 word430 word485 word122 word487 word462 word400 word97 word145 word327 word23 word411 word213 word11 word149 word198 word328 word302 word186 word310 word446 word176 word188 word51 word189 word143 word380 word57 word296 word387 word128 word34 word339 word295 word282 word440 word53 word99 word234 word282,positiva,positiva
word226 word346 word455 word247 word174 word381 word263 word196 word230 word268 word71 word29 word333 word88 word266 word391 word108 word191 word490 word18 word378 word84 word453 word206 word4 word359 word74 word182 word252 word373 word210 word430 word241 word171 word169 word401 word333 word64 word376 word208 word175 word49 word500 word27 word499 word33 word253 word53,neutra,neutra
word388 word163 word421 word84 word83 word204 word210 word359 word324 word497 word339 word102 word45 word133 word492 word385 word371 word137 word235 word352 word474 word292 word11 word428 word467 word17,positiva,positiva
word490 word462 word480 word197 word317 word84 word448 word160 word225 word298 word394 word366 word478 word357 word399 word287 word208 word457 word189 word311 word146 word242 word184 word130 word411 word384 word351 word42 word125 word110 word356 word447 word190 word166 word279 word494 word186 word140 word261 word458 word365 word260 word366 word8 word377 word49 word196 word175 word346 word121 word120 word443 word239 word371 word292 word310 word344 word334 word456 word393 word153 word85 word423 word187 word156 word56 word276 word257 word415 word375 word362 word270,neutra,neutra
word466 word346 word359 word288 word382 word251 word312 word309 word377 word450 word148 word350 word16 word267 word450 word323 word134 word304 word179 word217 word115 word313 word100 word222 word470 word379 word208 word485 word7 word480 word177 word411 word474 word301 word306 word375 word120 word90 word172 word240 word372 word129 word283 word2 word16 word484 word426 word432 word165 word257 word338 word128 word373 word347 word204,negativa,negativa
word33 word98 word38 word382 word295 word259 word405 word206 word202 word104 word223 word88 word295 word499 word267 word150 word345 word411 word236 word126 word357 word94 word499 word159 word176 word364 word7 word102 word63 word196 word277 word90 word173 word387 word470 word8 word314 word13 word261 word440,negativa,negativa
word121 word374 word453 word120 word472 word46 word223 word37 word224 word324 word436 word76 word444 word500 word34 word481 word454 word15 word32 word363 word210 word131 word203 word171 word488 word121 word45 word416 word420 word447 word486 word21 word385 word136 word211 word225 word493 word261 word112 word44 word295 word416 word356 word467 word21 word202 word306 word429 word157 word339 word104 word296 word388 word410 word226 word237 word441 word274 word176 word138 word356 word357 word269 word80 word81 word122 word6 word240 word208 word193 word468 word120 word405 word96 word306 word431 word419 word296,positiva,positiva
word262 word33 word161 word199 word112 word471 word181 word251 word268 word111 word284 word177 word6 word205 word292 word59 word390 word331 word155 word297 word152 word324 word77 word306 word28 word9 word128 word88 word246 word83 word123 word49 word444 word368 word109 word61 word426 word335 word443 word90 word180 word60 word212 word82 word3 word255 word490 word323 word379 word406 word487 word65 word126 word309 word411 word387 word364 word157 word183 word40 word157 word78 word470 word46 word182 word444 word478 word189 word233 word262 word412 word385 word263 word186 word187 word325 word418 word39 word385 word241 word73 word49 word169 word125 word53 word147 word417 word359 word105 word338,neutra,neutra
word170 word137 word125 word2 word8 word214 word309 word7 word101 word455 word496 word321 word261 word292 word186 word101 word188 word350 word332 word339 word305 word31 word314 word441 word325 word290 word112 word397 word226 word132 word245 word62 word464 word352 word164 word397 word28 word194 word326 word12 word355 word410 word298 word104 word375 word170 word368 word315 word47 word50 word8 word36 word150 word13 word470 word459 word87 word156 word372 word331 word291 word495 word315 word335 word252 word263 word146 word261 word460 word189 word67 word300 word393 word480 word272 word395 word126 word213 word210 word167 word359 word442 word164 word68 word413,negativa,negativa
word242 word24 word97 word319 word150 word231 word344 word89 word114 word149 word209 word280 word37 word237 word344 word426 word270 word313 word407 word364 word268 word284 word498 word379 word121 word227 word372 word262 word217,positiva,positiva
word292 word65 word283 word20 word302 word18 word88 word176 word308 word360 word235 word66 word194 word394 word46 word358 word193 word2 word348 word14 word185 word98 word292 word29 word46 word266 word497 word20 word231 word402 word146 word247 word420 word364 word147 word376 word338 word254 word221 word463 word438 word496 word338 word180 word55 word63 word476 word182 word56 word112 word11 word266 word296 word190,negativa,negativa
word38 word292 word276 word87 word275 word406 word164 word363 word486 word228 word54 word149 word69 word177 word323 word102 word258 word500 word133 word440 word153 word308 word79 word135 word434 word295 word285 word256 word123 word465 word197 word6 word454 word24 word444 word134 word35 word111 word328 word273 word77 word151 word106 word327 word433 word128 word448 word205 word42 word162 word437 word405 word365 word200 word388 word356 word396 word279 word254 word484 word474 word269 word101 word205 word253 word339 word160 word23 word412 word475 word42 word160 word217 word381 word387 word172 word157 word203 word121 word219 word132 word31 word357 word394 word144 word201 word202 word12,neutra,neutra
word190 word366 word254 word276 word405 word326 word326 word241 word418 word12 word44 word339 word305 word140 word301 word54 word304 word181 word295 word171 word362 word56 word423 word248 word115 word482 word53 word269 word37 word450 word80 word126 word328 word443 word209 word131 word175 word459 word455 word62 word451,positiva,positiva
word328 word159 word306 word152 word155 word494 word456 word327 word297 word343 word377 word28 word180 word53 word265 word148 word166 word422 word103 word456 word211 word96 word72 word358 word452 word438 word86 word440 word113 word230 word3 word130 word160 word479 word140 word139 word137 word127 word270 word103 word146 word267 word379 word54 word175 word286 word459 word472 word437 word253 word50 word483 word311 word453 word461 word397 word211 word305 word346 word441 word114 word278 word298 word104 word201 word463 word9 word252 word305 word454 word142 word197 word41 word168 word499 word383 word215 word318 word483 word220 word148 word440,positiva,positiva
word137 word105 word261 word72 word337 word443 word185 word287 word489 word353 word202 word441 word22 word295 word127 word91 word259 word357 word370 word374 word145 word207 word57 word309 word402 word243 word157 word167 word326 word337 word239 word124 word206 word164 word49 word203 word425 word308 word67 word427 word107 word308 word284 word364 word384 word147 word389 word294 word175 word52 word285 word232,positiva,positiva
word435 word270 word1 word122 word316 word392 word324 word367 word121 word48 word475 word282 word370 word479 word92 word436 word184 word313 word194 word100 word440 word174 word13 word76 word481 word411 word333 word390 word325 word456 word50 word32 word348 word483 word291 word484 word201 word338 word255 word441 word324 word220 word123 word157 word38 word78 word255 word16 word236 word21 word81 word346 word15 word169 word96 word28 word105 word57 word41 word333 word63 word470 word244 word204 word438,positiva,positiva
word74 word2 word281 word178 word188 word255 word270 word1 word54 word395 word477 word419 word454 word232 word414 word442 word447 word75 word74 word202 word252 word480 word159 word416 word444 word483 word95 word121 word110 word368 word344,neutra,neutra
word209 word275 word389 word65 word240 word18 word250 word113 word456 word131 word101 word8 word67 word109 word115 word370 word444 word428 word479 word450 word228 word195 word325 word160 word302 word500 word100 word385 word468 word269 word179 word128 word84 word161 word374 word258 word111 word272 word405 word7 word11 word480 word375 word288 word454 word295 word261 word106 word406 word383 word148 word369 word364 word48 word81 word298 word312 word330 word187 word418 word223 word104 word58 word439 word354 word231 word105 word49 word77 word53 word265 word99 word64 word142 word350 word249 word77 word375 word245 word94 word346 word497 word271,negativa,negativa
word32 word94 word404 word234 word309 word494 word215 word191 word402 word34 word228 word428 word114 word153 word237 word38 word36 word126 word449 word111 word366 word214 word381 word166 word438 word186 word396 word416 word216 word334 word60 word249 word187 word478 word468 word392 word475 word488 word384 word297 word103 word408 word98 word93 word440 word58 word71 word256 word293 word23 word190 word113 word152 word91 word339 word237 word480 word5 word389 word455 word244 word350 word221 word298 word454 word266 word290 word494 word249,neutra,neutra
word185 word166 word26 word392 word72 word188 word97 word81 word187 word460 word473 word191 word253 word493 word118 word473 word53 word113 word170 word19 word408 word428 word192 word419 word387 word401 word402 word287 word56 word462 word305 word451 word480 word94 word202 word97 word26 word484 word462 word466 word442,negativa,negativa
word261 word83 word41 word127 word228 word81 word54 word426 word188 word293 word263 word368 word370 word149 word424 word186 word418 word203 word56 word381 word16 word387 word22 word104 word302 word471 word205 word61 word117 word449 word364 word51 word193 word133 word89 word424 word309 word90 word326 word207 word31 word225 word93 word123 word440 word356 word68 word426 word288 word438 word374 word170 word268 word266 word360 word125 word167 word123 word149 word81 word19 word471 word38,negativa,negativa
word18 word373 word327 word131 word434 word82 word126 word78 word94 word365 word352 word322 word431 word35 word311 word58 word478 word317 word380 word286 word192 word343 word418 word90 word436 word364 word43 word469 word91 word301 word65 word99 word322 word340 word344 word172 word411 word25,negativa,negativa
word477 word420 word97 word301 word182 word302 word279 word148 word326 word131 word454 word474 word83 word364 word465 word64 word370 word469 word113 word292 word399 word167 word119 word199 word168 word363 word186 word189 word473 word290 word465 word356 word443 word98 word470 word473 word21 word179 word207 word210 word390,negativa,negativa
word254 word235 word151 word54 word439 word361 word201 word481 word92 word390 word227 word313 word19 word306 word340 word489 word174 word37 word31 word75 word150 word416 word98 word73 word16 word192 word302 word141 word248 word122 word401 word13 word101 word284 word422 word201 word35 word276 word136 word153 word462 word471 word130 word296 word271 word481 word474 word176 word13 word2 word3 word391 word370 word414 word70 word30 word86 word313 word5 word331 word445 word73 word370 word277 word473 word122 word114 word9 word353 word434 word10 word246 word363 word391 word466 word362 word461 word497 word464 word219 word204 word214 word476 word141 word377 word313 word31 word244 word98 word365 word224 word179 word33 word66 word383 word432 word146 word415 word277,neutra,neutra
word394 word337 word45 word476 word343 word414 word190 word99 word411 word26 word92 word77 word43 word276 word115 word484 word467 word85 word415 word20 word143 word330 word104 word40 word79 word330 word111 word123 word103 word441 word445 word403 word10 word126 word441 word277 word21 word125 word414 word440 word213 word76 word39 word113 word400 word414 word129 word489 word440 word494 word377 word287 word491 word345 word416 word202 word121 word287 word205 word176 word349 word306 word159 word121 word274 word164 word119 word112 word332 word208 word172 word58 word28 word348 word484 word163 word422 word301 word152 word284 word65 word169 word368 word426 word111 word456 word303 word115,positiva,positiva
word147 word392 word41 word354 word352 word376 word109 word123 word100 word197 word262 word60 word284 word120 word282 word152 word478 word160 word436 word88 word43 word95,negativa,negativa
word434 word208 word307 word325 word155 word367 word251 word184 word149 word374 word125 word63 word441 word166 word321 word359 word420 word313 word354 word419 word472 word24 word372 word88 word446 word25 word124 word97 word302 word3,negativa,negativa
word495 word78 word264 word169 word32 word339 word14 word13 word406 word142 word453 word298 word263 word205 word186 word113 word352 word304 word12 word162 word450 word247 word129 word115 word96 word431 word156 word149 word32 word445 word195 word353 word358 word176 word250 word51 word334 word337 word107 word98 word199 word347 word260 word31 word287 word354 word94 word223 word404 word163 word46 word463 word50 word31 word125 word376 word328 word118 word39 word478 word4 word463 word237 word98 word174 word156 word79 word216 word328 word237 word321 word486 word61 word370 word115 word10 word183 word197 word496 word173 word385 word468 word169 word90 word483 word230 word228 word365,negativa,positiva
word81 word398 word335 word433 word254 word489 word448 word405 word402 word62 word373 word474 word147 word408 word176 word107 word366 word83 word241 word469 word79 word78 word472 word389 word231 word203 word482 word362 word455 word46 word266 word363 word18 word256,neutra,neutra
word404 word325 word374 word420 word490 word419 word224 word67 word280 word223 word468 word20 word429 word317 word36 word122 word32 word466 word323 word310 word261 word201 word86 word366 word66 word104 word489 word46 word476 word44 word244 word292 word57 word445 word479 word112 word111 word381 word186 word19 word376 word177 word204 word327,positiva,negativa
word493 word133 word395 word253 word23 word46 word274 word212 word5 word466 word366 word252 word494 word486 word487 word130 word441 word253 word364 word430 word82 word225 word65 word140 word207 word428 word432 word195 word165 word266 word456 word489 word114 word94 word354 word151 word100 word16 word202 word196 word282 word101 word358 word341 word232 word91 word254 word338 word187 word132 word254 word178 word201 word175 word152 word359 word231 word234 word327 word181 word51 word427 word28 word286 word133 word107 word21 word451 word215 word172 word371 word20 word283 word248 word277 word62 word477 word120 word340 word374 word172 word66 word149 word404 word454 word469 word114 word304 word76 word356 word208 word357 word343 word497 word245 word171,negativa,negativa
word424 word390 word341 word400 word390 word374 word255 word10 word299 word137 word387 word235 word453 word298 word276 word460 word238 word188 word186 word438 word379 word82 word247 word186 word324 word27 word358 word372 word114 word76 word314 word129,negativa,negativa
word202 word438 word405 word171 word147 word255 word343 word92 word364 word475 word423 word275 word160 word162 word371 word228 word54 word339 word70 word494 word209 word171 word28 word84 word474 word269 word451 word478 word25 word191 word420 word248 word255 word286 word351 word470 word444 word313 word289 word181 word59 word355,negativa,negativa
word278 word130 word498 word340 word206 word388 word492 word6 word279 word214 word378 word154 word163 word384 word446 word72 word308 word390 word83 word331 word490 word422 word98 word496 word179 word239 word146 word350 word63 word355 word28 word423 word163 word260 word115 word54 word12 word490 word69 word29 word257 word482 word42,positiva,positiva
word248 word398 word168 word212 word312 word222 word380 word7 word175 word88 word72 word27 word178 word109 word380 word252 word394 word443 word393 word211 word488 word193 word413 word87 word485 word152 word314 word177 word115 word165 word305 word56 word99 word460 word43 word362 word151 word160 word182 word192 word355 word403 word182 word86 word2 word363 word459 word18 word295 word110 word106 word415 word127 word152 word63 word453 word454 word457 word116 word94 word471 word307 word133 word24 word400 word402 word6 word240 word242 word233 word185 word165,positiva,positiva
word26 word77 word219 word71 word6 word347 word36 word71 word298 word461 word363 word17 word84 word371 word367 word196 word475 word445 word372 word375 word393 word75 word351 word470 word113 word8 word181 word135 word475 word223 word331 word491 word395 word375 word485 word345 word116 word364 word161 word166 word323 word158 word13,negativa,negativa
word452 word131 word273 word409 word241 word147 word372 word347 word6 word410 word60 word369 word50 word33 word61 word371 word227 word301 word141 word60 word393 word417 word420 word33,positiva,positiva
word231 word207 word225 word175 word412 word498 word14 word429 word433 word183 word243 word52 word176 word120 word454 word54 word170 word241 word489 word409 word469 word156 word134 word286 word171 word8 word407 word48 word98 word472 word366,neutra,neutra
word398 word484 word378 word251 word247 word420 word437 word132 word5 word404 word119 word499 word19 word456 word340 word153 word18 word424 word60 word48 word396 word339 word64 word172 word334 word330 word182 word207 word40 word5 word484 word116 word464 word22 word495 word214 word404 word421 word176 word369 word168 word395 word480 word404 word364 word186 word55 word254 word65 word255 word435 word57 word451 word300 word24 word361 word1 word306 word254 word373 word189,neutra,neutra
word450 word408 word420 word256 word480 word208 word452 word196 word223 word343 word200 word74 word449 word227 word464 word200 word487 word302 word385 word378 word101 word408 word473 word331 word474 word424 word334 word239 word429 word93 word281 word408 word473 word134 word47 word167 word432 word262 word28 word60 word170 word172 word68 word248 word240 word100 word117 word333 word477 word499 word280 word20 word449 word476 word140 word201 word13 word401 word388 word11 word352 word206 word273 word110 word408 word203 word421 word75 word294 word156 word483 word279 word360 word44 word339,negativa,negativa
word373 word273 word245 word69 word286 word47 word160 word120 word329 word237 word213 word424 word195 word382 word445 word81 word373 word36 word321 word113 word128 word427 word94 word258 word391 word404 word103 word185 word281 word296 word82 word298 word1 word314 word368 word236 word123 word120 word346 word215 word465 word488 word218 word137 word407 word363 word83 word473 word101 word284 word94,neutra,positiva
word57 word171 word342 word84 word241 word145 word246 word382 word443 word205 word414 word352 word461 word371 word276 word338 word159 word337 word355 word306 word52 word260 word356 word99 word394 word422 word270 word483 word429 word234 word443 word467 word55 word499 word3 word244 word469 word363 word134 word322 word108 word119 word456 word24 word482 word227 word33 word394 word25 word163 word121 word393 word199 word328 word37 word348 word356 word143 word441,neutra,neutra
word69 word391 word371 word82 word337 word136 word138 word44 word374 word404 word253 word388 word175 word283 word394 word216 word309 word73 word254 word426 word387 word151 word273 word310 word470 word415 word410 word377 word180 word189 word233 word214 word479 word438 word448 word304 word96 word72 word138 word326 word183 word328 word440 word168 word464 word256 word402 word30 word138 word466 word444 word286 word17 word30 word212 word450 word189 word443 word268 word68 word281 word183 word113 word338 word103 word453 word402 word392 word39 word481 word247 word367 word96 word385 word160 word354 word139 word467 word355 word227 word229 word1 word150 word395 word416 word500 word43 word126 word384 word181 word125 word141 word460 word429 word3 word421 word279,neutra,neutra
word350 word127 word388 word388 word305 word386 word290 word190 word369 word418 word421 word107 word339 word3 word286 word286 word182 word498 word442 word20 word105 word104 word449 word260 word365 word405 word384 word45 word71 word198 word170 word374 word79 word186 word119 word95 word87 word98 word283 word206 word218 word240 word371 word431 word264 word322 word370 word346 word68 word492 word83 word206 word327 word202 word122,negativa,negativa
word446 word428 word175 word467 word277 word33 word425 word455 word152 word125 word285 word180 word320 word186 word109 word117 word329 word220 word8 word253 word394 word75 word123 word180 word464 word175 word419 word338 word497 word291 word159 word359 word46 word392 word118 word334 word291 word121 word241 word252 word384 word234 word30 word38 word333 word448 word218 word46 word86 word489 word352 word16 word130 word365 word316 word144 word348 word453 word451 word413 word178 word13 word196 word11 word286 word302 word171 word75 word263 word8 word139 word484 word458 word317 word188 word6 word326 word246 word357 word79 word416 word403 word215 word15 word234 word186 word381 word120 word10 word491 word121,positiva,positiva
word217 word437 word461 word451 word392 word491 word360 word443 word271 word26 word409 word465 word157 word215 word287 word326 word338 word198 word428 word407 word472 word288 word39 word423 word40 word97 word143 word93 word362 word221 word110 word3 word109 word347 word398 word149 word37 word279 word392 word36 word398 word86 word129 word312 word26 word153 word70 word108 word387 word115 word22 word108 word44,negativa,negativa
word455 word148 word313 word294 word25 word263 word330 word103 word181 word293 word465 word31 word469 word409 word423 word24 word284 word185 word460 word371 word325 word14 word438 word245 word81 word438 word453 word249 word331 word306 word152 word375 word499 word468 word344 word181 word455 word464 word3 word170 word277 word289 word357 word257 word7 word83 word382 word347 word326 word221 word138 word155 word345 word253 word66 word200 word413 word300 word434 word255 word243 word475 word254 word68 word202 word324 word173 word206 word437 word218 word153 word54 word202 word384 word150 word236 word329 word464 word408 word144 word83 word336 word128 word197 word53 word388 word81 word191 word204 word22 word388 word310,neutra,neutra
word380 word413 word57 word29 word240 word385 word281 word414 word357 word353 word270 word28 word90 word372 word155 word362 word170 word7 word339 word447 word223 word67 word208 word481 word160 word36 word384 word120 word19 word346 word170 word69 word27 word93 word75 word6 word186 word414 word198 word19 word441 word317 word483 word292 word239 word256 word4 word188 word221,positiva,positiva
word244 word354 word127 word8 word394 word426 word309 word157 word186 word240 word211 word112 word186 word150 word224 word188 word265 word404 word166 word29 word410 word94 word465 word265 word262 word205 word356 word327 word466 word9 word96 word139 word95 word475 word37 word61 word222 word133 word166 word302 word281 word433 word226 word469 word96 word98 word196 word59 word15 word186 word269 word139 word136 word49 word57 word442 word33 word352 word358 word102 word124 word184 word330 word19 word408 word171 word250 word455 word67,positiva,positiva
word353 word324 word166 word373 word119 word375 word65 word348 word57 word435 word313 word21 word55 word94 word481 word295 word140 word139 word13 word102 word428 word300 word184 word11 word172 word192 word60 word304 word331 word500 word180 word138 word412 word176 word316 word369 word440 word160 word312 word66 word390 word23 word349 word105 word232 word39 word345 word242 word332 word174 word4 word291 word350 word333 word132 word359 word271 word106,neutra,neutra
word124 word42 word382 word112 word44 word490 word275 word39 word145 word277 word104 word496 word438 word443 word258 word495 word163 word278 word374 word253 word427 word52 word222 word415 word92 word193 word498 word307 word180 word182 word103 word368 word52 word105 word62 word377 word472 word44 word474 word459 word254 word19 word347 word263 word417 word148 word279 word446 word334 word324 word484,positiva,positiva
word144 word414 word213 word107 word374 word246 word447 word439 word396 word487 word268 word274 word2 word85 word79 word461 word127 word312 word207 word383 word182 word469 word258 word122 word207 word183 word364 word162 word27 word392 word498 word126 word422 word20 word168 word6 word199 word305 word482 word421 word468 word327 word197,positiva,negativa
word312 word345 word289 word368 word408 word255 word57 word47 word208 word237 word432 word17 word445 word28 word250 word212 word279 word22 word382 word68 word390 word284 word445 word490 word422 word227 word208 word332 word325 word396 word242 word232 word59 word85 word411 word495 word301 word173 word30 word22 word339 word321 word142 word95 word35 word342 word304 word167 word367 word423 word259 word132 word3 word398 word289 word174 word4 word408 word464 word241 word134 word310 word436 word294 word7 word98 word49 word206 word226 word268 word380 word57 word472 word132 word261 word106 word178 word417 word23 word242 word292 word285 word191 word189 word455 word121 word241 word183,neutra,neutra
word16 word398 word385 word160 word313 word246 word126 word75 word481 word430 word450 word71 word483 word313 word257 word171 word118 word163 word87 word396 word475 word484 word446 word67 word371 word429 word256 word280 word193 word412 word352 word315 word5 word481 word263 word478 word340 word261 word377 word124 word226 word13 word373 word163 word48 word399 word117 word112 word73 word302 word170 word286 word173 word377 word187 word397 word233 word8 word219 word123 word246 word63 word377 word313 word72 word490 word176 word105 word1 word124 word15 word242 word304 word186 word439 word484 word153 word319,positiva,positiva
word33 word161 word359 word489 word260 word200 word221 word343 word273 word12 word270 word201 word351 word438 word482 word306 word182 word222 word89 word468 word424 word427 word165 word162 word429 word273 word353 word245 word222 word317 word407 word168 word405 word123 word202 word457 word478 word462 word159 word422 word469 word490 word11 word373 word499 word383 word117 word382 word53 word241 word314 word229 word350 word121 word304 word323 word317 word145 word153 word129 word231 word293 word182 word205 word144 word110 word329 word409 word146 word431,negativa,negativa
word399 word65 word218 word77 word394 word317 word249 word197 word77 word461 word324 word160 word207 word364 word360 word231 word152 word330 word330 word300 word37 word237 word307 word476 word263 word172 word278 word89 word46 word340 word494 word424 word292 word21 word494 word225 word145 word447 word374 word375 word139 word496 word227 word266 word376 word330 word87 word152 word181 word474 word358 word184 word368 word370 word198 word202 word448,negativa,negativa
word34 word19 word202 word498 word131 word321 word163 word152 word82 word282 word330 word176 word264 word239 word136 word346 word277 word33 word247 word195 word398 word154 word478 word308 word66 word202 word442 word128 word353 word392 word347 word46 word188 word175 word172 word440 word3 word270,negativa,negativa
word367 word208 word363 word46 word135 word391 word461 word14 word390 word35 word434 word127 word182 word359 word421 word208 word158 word490 word483 word263 word12 word485 word310 word277 word57 word497 word360 word109 word182 word172 word436 word238 word437 word344 word185 word203 word405 word250 word341 word62 word214 word289 word172 word424 word106 word425 word32 word214 word259,positiva,positiva
word299 word125 word48 word134 word115 word277 word11 word120 word284 word197 word318 word328 word483 word419 word115 word347 word314 word298 word400 word74 word188 word409 word447 word19 word236 word133 word84 word29 word270 word334 word266 word185 word386 word327 word455 word174 word120 word228 word254 word229 word417 word23 word264 word216 word106,negativa,negativa
word45 word261 word367 word238 word135 word297 word331 word296 word437 word157 word305 word428 word107 word141 word25 word188 word23 word374 word45 word347 word290 word494 word175 word173 word122 word269 word110 word57 word475 word340 word60 word310 word153 word91 word236 word394 word1 word178 word461 word198 word50 word215 word342 word499 word315 word26 word405 word391 word326 word449 word385 word117,neutra,neutra
word18 word117 word411 word30 word428 word141 word459 word147 word218 word331 word64 word279 word253 word392 word499 word333 word205 word204 word209 word408 word161 word84 word168 word12 word54 word46 word386 word362 word349 word231 word359 word81 word451 word251 word470 word77 word249 word349 word248 word224 word84 word191 word120 word151 word342 word316 word304 word181 word480 word44 word172 word60 word170 word481 word184 word455 word248 word350 word229 word133 word383 word485 word132 word390 word131 word359 word395 word225 word369 word137 word40 word49 word224 word452 word64 word228 word353 word102 word361 word153 word405 word290 word274 word89 word232 word429 word10 word380 word247,negativa,negativa
word297 word410 word13 word35 word18 word198 word364 word332 word106 word329 word329 word96 word375 word212 word30 word196 word385 word349 word135 word379 word195 word231 word44 word499 word420 word98 word281 word391 word253 word106 word485 word135 word168 word186 word446 word251 word360 word451 word465 word429 word454 word475 word496 word322 word66 word57 word399 word159 word403 word468 word323 word383 word140 word218 word483 word409 word103 word469 word250 word422 word261 word302 word81 word170 word362 word422 word45 word39 word347,negativa,negativa
word295 word394 word153 word287 word201 word155 word100 word18 word375 word410 word326 word121 word10 word316 word100 word275 word486 word3 word289 word498 word168 word408 word415 word244 word154 word341 word310 word239 word97 word373 word106 word68 word34 word224 word61 word168 word121 word230,neutra,neutra
word271 word150 word294 word70 word403 word343 word323 word257 word111 word470 word133 word184 word464 word21 word63 word381 word184 word290 word291 word414 word311 word214 word275,neutra,neutra
word102 word472 word165 word126 word304 word401 word233 word334 word48 word267 word34 word69 word296 word103 word19 word90 word387 word294 word191 word487 word193 word439 word173 word13 word56 word137 word94 word79 word192 word488 word101 word118 word498 word101 word416 word311 word464 word279 word297 word113 word288 word336 word494 word49 word79 word10 word396 word42,negativa,negativa
word282 word90 word279 word451 word493 word225 word124 word374 word38 word76 word281 word496 word165 word222 word162 word221 word4 word298 word299 word158 word133 word381 word94 word24 word21 word441 word183 word51 word440 word75 word169 word11 word340 word350 word379 word132 word165 word470 word411 word19 word346 word407 word280 word320 word1 word16 word18 word80 word496 word318 word392 word148 word469 word100 word452 word16 word11 word40 word396 word129 word226 word236 word395 word175 word4 word194 word145 word366 word376 word46 word397 word36 word310 word195 word151 word242 word156 word397,negativa,negativa
word357 word327 word154 word52 word6 word211 word446 word322 word338 word130 word244 word204 word69 word307 word182 word202 word299 word16 word469 word112 word340 word389 word77 word125 word207 word409 word318 word234 word425 word237 word443 word386 word87 word192 word13 word120 word12 word53 word3 word336 word205 word235 word383 word405 word267 word229 word325 word208 word222 word150 word95 word100 word328 word416 word212 word48 word306 word452 word264 word14 word41 word262 word431 word30 word377 word390 word26 word106 word2 word283 word88 word459,neutra,neutra
word426 word292 word379 word293 word173 word329 word311 word361 word95 word321 word143 word396 word400 word313 word474 word269 word13 word304 word389 word51 word53 word137 word423 word264 word489 word437 word278 word340 word166 word46 word200 word297 word92 word111 word8 word368 word450 word414 word190 word297 word481 word296 word148 word170 word364 word224 word419 word433 word18 word362 word185 word260,negativa,negativa
word496 word288 word144 word432 word133 word146 word415 word441 word170 word365 word462 word400 word3 word333 word85 word424 word34 word497 word89 word211 word118 word407 word197 word373 word34 word227 word456 word464 word105 word198 word205 word283 word269 word53 word382 word113 word158 word421 word345 word199 word457 word198 word283 word123 word92 word246 word282 word403 word196 word448 word304 word36 word370 word288 word195 word234 word151 word308 word284 word224 word143 word200 word249 word236 word155 word291 word114 word251 word61 word237 word392 word409 word348 word373 word33 word171 word328 word401 word292 word427 word137,negativa,negativa
word15 word178 word333 word188 word404 word251 word496 word436 word236 word418 word225 word5 word155 word205 word489 word414 word74 word1 word265 word267 word368 word130 word407 word207 word168 word211 word473 word196 word281 word446 word10 word269 word355 word452,neutra,neutra
word39 word362 word98 word177 word2 word301 word223 word434 word168 word103 word83 word101 word226 word44 word202 word428 word384 word319 word447 word391 word327 word432 word63 word410 word148 word367 word457 word249 word45 word186 word204 word469 word472 word285 word476 word219 word206 word419 word334 word262 word229 word353 word377 word246 word16 word51 word73 word232,negativa,negativa
word178 word413 word299 word500 word88 word186 word44 word11 word462 word247 word330 word139 word26 word447 word330 word356 word267 word203 word212 word382 word114 word171 word154 word261 word484 word462 word273 word101 word471 word157 word179 word443 word132 word231 word459 word159 word313 word19 word498 word210 word336 word251 word217 word204 word9 word139 word191 word185 word137 word322 word415 word446 word487 word325 word206,neutra,neutra
word72 word36 word405 word424 word284 word123 word441 word225 word147 word184 word149 word142 word163 word338 word9 word182 word85 word325 word498 word394 word125 word257 word10 word207 word140 word251 word205 word342 word274 word470 word35 word473 word396 word357 word413 word26 word107 word1 word400 word178 word181 word306 word212 word319 word469 word167 word446 word267 word188 word460 word245 word64 word144 word423 word258 word281 word341 word98 word47 word221 word460 word64 word360 word490 word49 word67 word435 word55 word372 word399 word157 word146 word261 word254 word431 word297 word485 word120 word141 word121 word326 word17 word431,neutra,neutra
word258 word62 word362 word25 word117 word55 word257 word346 word325 word70 word172 word74 word172 word116 word371 word376 word410 word101 word7 word18 word422 word453 word106 word439 word265 word93 word157 word133 word382 word95 word92 word360 word152 word126 word404 word466 word278 word414 word421 word295 word415 word5 word18 word442 word71 word364 word211 word394 word333 word36 word169 word355 word461 word403 word446 word479 word448 word291 word169 word255 word398 word213 word416 word351 word105 word461 word424 word300 word98 word114 word420 word9 word242 word310 word117,neutra,neutra
word433 word35 word436 word335 word410 word250 word81 word75 word60 word403 word267 word109 word63 word40 word130 word375 word447 word305 word498 word198 word167 word347,neutra,neutra
word1 word434 word287 word12 word323 word441 word436 word445 word488 word327 word307 word59 word317 word439 word407 word450 word86 word101 word430 word471 word264 word441 word342 word103 word254 word197 word395 word169 word88 word250 word248 word445 word5 word438 word106 word88 word210 word276 word465 word268 word73 word226 word461 word358 word109 word323 word367 word138 word264 word175 word91 word445 word161 word163 word51 word223,positiva,positiva
word152 word55 word131 word275 word428 word346 word117 word148 word153 word369 word260 word12 word39 word38 word481 word253 word246 word381 word96 word16 word136 word105 word400 word410 word318 word455 word233 word121 word166 word71 word451 word303 word387 word141 word360 word166 word224 word326 word491 word280 word356 word298 word212 word467 word481 word156 word448 word226 word370 word259 word384 word436 word212 word351 word254 word400 word96 word365 word298 word226 word185 word351 word174 word17 word475 word224 word83 word113 word415 word166 word141 word244 word15 word281 word21 word418 word215 word110 word228 word88 word161,neutra,neutra
word112 word118 word397 word304 word261 word495 word44 word463 word134 word312 word163 word147 word161 word280 word439 word57 word332 word431 word368 word491 word7 word182 word214 word268 word159 word127 word426 word117 word477 word19 word212 word305 word487 word383 word8 word375 word163 word430 word388 word96 word181 word411 word461 word302 word110 word195 word398 word300 word101 word143 word99 word235 word223 word271 word473 word326 word293 word184 word318 word478 word5 word175 word29 word102 word34 word297 word410 word471 word119 word350 word165 word158 word305 word340 word292 word50 word206 word143 word3 word21 word225 word51 word370 word29 word118 word493 word355 word279 word8 word22 word455 word400 word476 word405 word2 word403 word229,neutra,neutra
word450 word145 word120 word342 word319 word70 word417 word100 word403 word4 word399 word394 word391 word333 word236 word353 word139 word391 word278 word230 word253 word285 word19 word70 word123 word58 word220 word335 word328 word236 word428 word283 word40 word383 word288 word318 word283 word277 word46 word280 word398 word152 word302 word16 word174 word219 word492 word108 word139 word205 word497,negativa,negativa
word3 word19 word254 word313 word469 word380 word129 word408 word246 word414 word87 word14 word29 word496 word41 word470 word364 word74 word433 word73 word72 word288 word145 word146 word98 word304 word14 word123 word277 word244 word350 word109 word324 word380 word195 word129 word278 word290 word48 word283 word78 word285 word466 word269 word381 word155 word462 word407 word459 word371 word325 word263 word465 word425 word209 word43 word2 word117 word32 word106 word55 word491 word48 word314 word176 word88 word351 word486 word396 word488 word296 word337 word74 word427 word374 word128,negativa,negativa
word341 word486 word57 word329 word257 word295 word47 word9 word304 word100 word307 word14 word401 word167 word226 word173 word210 word266 word323 word345 word496 word90 word436 word301 word155 word459 word354 word93 word88 word330 word365 word23 word315 word266 word485 word371 word455 word18 word383 word167 word277 word439 word435 word113 word121 word362 word440 word307 word28 word82 word375 word371 word449 word267 word214 word57 word391 word475 word23 word246 word178 word373 word382 word109,neutra,neutra
word10 word370 word318 word116 word407 word56 word125 word475 word372 word57 word73 word129 word36 word92 word286 word4 word144 word158 word486 word488 word423 word171 word264 word253 word431 word373 word454 word276 word460 word372 word370 word331 word168 word305 word179 word325 word128 word400 word286 word356 word111 word396 word402 word73 word176 word339 word437 word369 word236 word150 word455 word438 word449 word153 word219 word122 word478 word434 word87 word124 word277 word208 word230 word184 word337 word450 word459 word228 word414 word348 word99 word398 word176 word314 word361 word472 word475 word402 word253 word201 word221 word476 word103 word263 word340 word12 word318 word131 word141 word311 word5 word79 word228 word293 word55,negativa,negativa
word330 word366 word364 word470 word385 word161 word54 word308 word459 word488 word116 word119 word19 word71 word278 word274 word186 word155 word415 word231 word405 word482 word159 word102 word477 word318 word146 word311 word258 word453 word128 word496 word469 word91 word83 word267 word23 word150 word218,negativa,negativa
word447 word448 word330 word35 word395 word379 word152 word82 word67 word139 word372 word473 word77 word208 word418 word43 word472 word10 word142 word17 word381 word214 word219 word274 word150 word379 word216 word398 word324 word338 word495 word254 word151 word364 word353 word242 word168 word466 word126 word40 word316 word41 word381 word422 word359 word119 word472 word45 word54 word153 word271 word356 word146 word458 word409 word116 word32 word351 word88 word141 word387 word95 word178 word464 word341 word311 word500 word386 word230 word333 word267 word182 word488,positiva,positiva
word45 word289 word272 word144 word229 word488 word44 word465 word351 word57 word153 word420 word352 word39 word74 word465 word79 word313 word498 word84 word23 word409 word475 word258 word117 word30 word456 word400 word449 word395 word217 word242 word192 word366 word51 word21 word481 word160 word18 word337 word200 word116 word218 word226 word306 word466 word441 word414 word247 word279 word67 word289 word336 word444 word24 word432 word260 word45 word498 word233 word206 word96 word37 word42 word134 word147 word232 word306 word496 word398 word243 word457 word279 word212 word109 word212 word21 word77 word473 word98 word284 word52 word301,positiva,positiva
word133 word42 word161 word196 word310 word129 word80 word85 word470 word477 word111 word98 word28 word480 word354 word381 word146 word321 word30 word339 word290 word166 word356,negativa,negativa
word304 word417 word35 word344 word377 word101 word269 word384 word302 word125 word333 word380 word5 word284 word253 word184 word23 word42 word376 word414 word210 word470 word464 word333 word291 word483 word305 word468 word490 word98 word331 word366 word411 word175 word431 word244 word194 word79 word161 word488 word359 word364 word448 word134 word331 word186 word424 word212 word428 word374 word386 word463 word396 word161 word261 word237 word33 word297 word219 word197 word55 word253 word290 word53 word318 word84 word73 word201 word195 word458 word34 word175 word368 word125 word491 word372 word474 word475 word55,negativa,negativa
word436 word41 word232 word101 word342 word391 word482 word178 word150 word155 word381 word223 word12 word474 word53 word465 word81 word270 word157 word344 word202 word184 word239 word486 word123 word110 word34 word370 word339 word305 word12 word396 word405 word473 word465 word132 word356 word202 word298 word167 word329 word477 word327 word461 word466 word60 word483 word410 word214 word301 word309 word394 word402 word52 word1 word124 word264 word425 word327 word68 word359 word235 word185 word386 word148 word310 word92 word191 word279 word312 word460 word146 word448 word409 word180 word71 word129 word329 word395 word307,neutra,neutra
word305 word334 word94 word372 word496 word163 word465 word465 word210 word398 word467 word426 word195 word334 word297 word207 word320 word468 word14 word451 word185 word415 word54 word446 word225 word459 word214 word374 word299 word101 word125 word270 word244 word308 word404 word387 word30 word248 word75 word257 word268 word498 word195 word227 word256 word66 word30 word355 word151 word182 word497 word125 word453 word315,positiva,positiva
word103 word242 word461 word478 word222 word42 word144 word308 word169 word360 word497 word311 word313 word265 word94 word290 word466 word345 word377 word432 word194 word169 word485 word230 word367 word318 word62 word158 word164 word90 word390 word484 word484 word98 word225 word117 word32 word310 word430 word39 word321 word18 word422 word33 word218 word62 word207 word215 word270 word415 word499 word171 word462 word214 word60 word301 word362 word152 word295 word217 word73 word194 word214 word171 word458 word195 word314 word6 word157 word444 word447 word489 word29 word432 word134 word3 word47 word376 word296 word287 word441 word48 word42 word467 word304,neutra,neutra
word469 word443 word442 word453 word284 word411 word318 word69 word13 word49 word173 word250 word320 word261 word184 word367 word431 word112 word131 word466 word486 word155 word255 word289 word318 word433 word53 word262 word109 word377 word299 word375 word453 word396 word428 word406 word313 word197 word169 word182 word304 word402 word184 word290 word207 word304 word410 word206 word199 word101 word250 word229 word81 word485 word430 word146 word473 word137 word210 word66 word307 word241 word134 word145 word468 word344 word77 word68 word36 word124 word370 word31 word125 word21 word325 word408 word265 word453 word345 word382 word157 word433 word316 word44 word42,positiva,positiva
word116 word108 word414 word292 word27 word178 word493 word319 word435 word274 word22 word90 word47 word368 word379 word229 word363 word276 word370 word337 word228 word327 word160 word375 word457 word104 word334 word56 word189 word335 word139 word118 word192 word58 word313 word66 word167 word157 word484 word496 word40 word79 word367 word150 word323 word461 word82 word482 word27 word115 word254 word441 word277 word70 word125 word381 word281 word7 word251 word204 word1 word124 word468 word353 word36 word9 word173 word233 word227 word349 word87 word24 word337,neutra,neutra
word397 word201 word499 word3 word252 word154 word493 word335 word386 word146 word448 word421 word393 word239 word461 word335 word33 word442 word11 word342 word125 word449 word365 word405 word350 word284 word432,neutra,neutra
word322 word450 word10 word19 word322 word15 word320 word246 word228 word304 word448 word64 word68 word349 word26 word215 word248 word196 word267 word57 word134 word3 word481 word416 word127 word19 word136 word479 word406 word330 word462 word89 word269 word397 word10 word218 word178 word89,positiva,positiva
word48 word298 word175 word186 word477 word303 word308 word176 word191 word343 word20 word119 word301 word312 word47 word394 word272 word119 word376 word496 word212 word142 word150 word297 word24 word242 word13 word20 word216 word373 word442 word44 word123 word211 word288 word494 word343 word270 word31 word41 word77 word331 word166 word121 word336 word408 word220 word441 word368 word359 word434 word92 word380 word479 word497 word290 word378 word445 word427 word449 word417 word191 word366 word206 word401 word406 word468 word295 word238 word83 word320 word284 word258 word339 word426 word75 word216 word362 word410 word390 word400,negativa,negativa
word377 word477 word191 word116 word467 word341 word439 word190 word175 word63 word387 word423 word410 word146 word245 word247 word61 word1 word168 word256 word495 word437 word358 word482 word388 word264 word456 word460 word102 word142 word485 word3 word260 word192 word373 word480 word160 word111 word165 word358 word180 word322 word175 word371 word32 word172 word155 word299 word324 word364 word451 word399 word21 word339,positiva,positiva
word141 word239 word318 word147 word2 word419 word364 word62 word189 word131 word489 word471 word346 word221 word27 word124 word47 word395 word45 word339 word477 word154 word343 word440 word214 word225 word101 word214 word437 word332 word101 word264 word354 word39 word382 word101 word148 word209 word253 word459 word112 word128 word190 word429 word483 word228 word347 word459 word424 word341 word271 word493 word120 word182 word357 word11 word251 word428 word89 word402 word207 word431 word318 word79 word368 word29 word122 word445 word438 word24 word190 word48 word136 word484,negativa,negativa
word328 word496 word499 word156 word338 word277 word106 word254 word69 word61 word179 word131 word73 word26 word285 word3 word392 word37 word330 word75 word309 word72 word218 word330 word87 word67 word319 word321 word210 word62 word153 word109 word330 word151 word190 word131 word85 word406 word242 word286 word145 word44 word367 word362 word24 word444 word427 word425 word231 word347 word8 word300 word67 word455,positiva,positiva
word115 word125 word322 word286 word475 word209 word142 word25 word4 word187 word463 word262 word447 word51 word47 word417 word54 word26 word203 word463 word345 word50 word419 word422 word401 word452 word120 word490 word161 word402 word290 word390 word314 word322 word309 word390 word370 word68 word414,negativa,negativa
word49 word159 word134 word218 word252 word359 word216 word76 word273 word28 word425 word386 word113 word132 word14 word183 word20 word469 word68 word330 word286 word119 word405 word55 word444 word371 word318 word440 word202 word141 word78 word463 word201 word415 word167 word478 word436 word155 word244 word397 word114 word12 word145 word296 word69 word167 word460 word38 word26 word212 word7 word14 word92 word52 word406 word62 word262 word353 word313 word327 word179 word445 word35 word54 word429 word35,negativa,negativa
word352 word328 word353 word497 word113 word223 word246 word75 word332 word25 word449 word45 word56 word87 word447 word431 word462 word417 word462 word236 word3 word220 word111 word123 word346 word84 word161 word197 word31 word351 word382 word280 word15 word394 word224 word134 word474 word430 word221 word222 word456 word96 word205 word286,neutra,neutra
word230 word328 word41 word498 word189 word8 word330 word279 word321 word376 word238 word414 word186 word273 word80 word310 word131 word349 word401 word430 word465 word62 word69 word464 word191 word14 word144 word419,negativa,negativa
word397 word299 word257 word208 word240 word319 word32 word294 word111 word394 word98 word36 word218 word221 word260 word431 word350 word182 word364 word252 word112 word11 word2 word113 word410 word232 word226 word200 word128 word358 word7 word306 word469 word441 word185 word428 word119 word121 word172,positiva,positiva
word461 word69 word158 word135 word85 word324 word4 word193 word61 word308 word376 word234 word223 word225 word100 word188 word467 word21 word394 word83 word58 word143 word135 word159 word425 word453 word347 word74 word473 word424 word39 word194 word388 word45 word39 word303 word169 word221 word376 word273 word356 word64 word2 word126 word101 word163 word390 word76 word64 word101 word164 word99 word92 word290 word56 word77 word419 word10 word31 word35 word269 word348 word347 word346 word29 word173 word317 word342 word168 word424 word417 word383 word399 word488,positiva,positiva
word266 word280 word151 word150 word315 word376 word195 word74 word394 word87 word2 word162 word410 word379 word154 word260 word480 word360 word380 word44 word121 word53 word490 word172 word250 word276 word262 word27 word455 word191 word460,neutra,neutra
word369 word327 word379 word322 word185 word185 word299 word237 word171 word245 word269 word120 word320 word158 word134 word210 word52 word302 word367 word478 word142 word270 word252,negativa,negativa
word483 word414 word424 word29 word66 word150 word381 word40 word42 word16 word96 word460 word361 word359 word147 word313 word390 word267 word429 word285 word163 word320 word472 word414 word250 word299 word488 word375 word252 word141 word453 word489 word36 word16 word58 word194 word80 word442 word458 word91 word415 word71 word394 word183 word21 word215 word412 word467 word61 word419 word147,negativa,negativa
word368 word445 word455 word128 word7 word330 word230 word11 word136 word496 word182 word131 word328 word333 word167 word425 word291 word81 word163 word424 word45 word7 word329 word221 word127 word237 word92 word188 word117 word294 word337 word458 word34 word164 word133 word290 word267 word439 word460 word387 word100 word21 word450 word472 word126 word24 word341 word295 word445 word288 word381 word394 word5 word75 word391 word90 word104 word377 word103 word75 word7 word235 word319 word366 word453 word326 word379 word106 word171 word152 word33 word485 word121 word225 word179 word23 word452 word110 word51 word172 word72 word500 word95 word152 word136 word14 word7 word257 word117 word42 word146 word138 word213 word497 word154 word353 word385 word26,negativa,negativa
word125 word421 word62 word331 word460 word406 word380 word329 word473 word433 word138 word313 word215 word133 word410 word21 word65 word53 word102 word257 word472 word486 word451 word380 word230 word388 word135 word332 word5 word452 word486 word368 word88 word130 word370 word250 word274 word203 word418 word83 word221 word112 word346 word143 word150 word87 word432 word109 word435 word459 word483 word172 word328 word414 word40 word33 word104 word491 word45 word383 word420 word454 word265 word263 word372 word318,positiva,positiva
word457 word498 word201 word215 word305 word216 word140 word354 word226 word471 word110 word222 word266 word454 word290 word35 word169 word444 word137 word171 word76 word360 word70 word184 word356 word448 word111 word167 word59 word219 word500 word153 word130 word200 word449 word274 word305 word391 word358 word300 word281 word267 word91 word208 word424 word20 word414 word283 word175 word58 word382 word1 word272 word82 word455 word92 word402 word288 word21 word361 word440 word111 word485 word400 word372 word169 word60 word215 word404 word294 word324 word391 word170 word19 word443 word307 word283 word287 word427 word385 word336 word392,neutra,neutra
word472 word270 word80 word374 word101 word419 word301 word178 word490 word258 word193 word95 word325 word135 word77 word60 word321 word461 word127 word109 word307 word72 word45 word319 word263 word15 word119 word100 word341 word333 word374 word50 word425 word105 word497 word436 word230 word393 word336 word387 word10 word42 word453 word391 word308 word157 word211 word197 word218 word315 word379 word192 word417 word46 word404 word339 word256 word188 word186 word181 word473 word14 word318 word495 word272 word320 word300 word253 word315 word452 word357 word425 word277 word387 word438 word106 word430 word344 word222 word388 word85 word350 word289 word445 word311 word263 word262 word278 word446 word393 word47 word267 word144 word83 word433 word429 word470,neutra,neutra
word40 word126 word333 word307 word492 word450 word406 word1 word302 word115 word134 word105 word228 word62 word266 word84 word251 word313 word90 word52 word404 word370 word131 word444 word111 word464 word57 word331 word10 word99 word203 word43 word229 word117 word50 word481 word491 word482 word78 word191 word164 word163 word209 word256 word243 word146 word490 word490 word166 word111 word267 word185 word494 word215 word20 word63 word38 word192 word159 word429 word446 word71 word473 word293 word154 word204 word221 word86,negativa,negativa
word474 word294 word224 word371 word86 word149 word275 word101 word249 word428 word392 word446 word431 word167 word357 word187 word486 word89 word135 word471 word120 word310 word146 word143 word336 word398 word117 word492 word45 word51 word489 word28 word158 word61 word112 word38 word180 word148 word80 word360 word18 word238 word153 word326 word169 word237 word406 word73 word218 word282 word369 word269 word368 word398 word395 word308 word460 word12 word250 word402 word52 word410 word20 word394 word94 word334 word415 word408 word288 word455 word71 word119 word67 word360 word446 word466 word261 word67 word86 word314 word449 word494 word361 word441 word239 word99 word233 word50 word337 word165,positiva,positiva
word275 word48 word444 word334 word448 word307 word454 word434 word108 word87 word81 word400 word121 word226 word394 word215 word31 word181 word48 word193 word369 word260 word338 word54 word376 word213 word144 word326 word68 word250 word212 word83 word477 word182 word21 word222 word484 word335 word319 word451 word42 word276 word161 word339 word427 word39 word80 word478 word246 word158 word77 word178 word3 word112 word92 word43 word485 word396 word471 word121 word145 word142 word280 word91 word118 word488 word177 word391 word115 word465 word347 word431 word259 word454 word182 word240 word31 word86 word386 word164 word52 word147 word177 word359 word46 word13 word363 word72 word210,neutra,neutra
word60 word283 word135 word271 word394 word461 word128 word332 word213 word252 word81 word429 word85 word20 word379 word203 word34 word341 word143 word489 word491 word276 word238 word223 word304 word455 word321 word50 word99 word315 word185 word240 word201 word298 word116 word37 word117 word334 word304 word405 word55 word71 word65 word282 word287 word80 word225 word26 word306 word285 word14 word45 word353 word450 word425 word284 word263 word405 word421 word454 word200 word239 word40 word88 word189 word405 word224 word294 word433 word238 word168 word366 word158 word195 word445 word219 word126 word418 word322 word384 word164 word391 word476 word82 word95 word283 word362 word1 word276 word64 word490,positiva,positiva
word128 word20 word427 word421 word278 word175 word108 word154 word464 word45 word412 word153 word133 word405 word481 word496 word134 word296 word147 word97 word193 word32 word83 word298 word344 word136 word279 word383 word448 word285 word121 word357 word86 word70 word180 word165 word74 word27 word474 word339 word359,neutra,neutra
word243 word88 word207 word128 word263 word118 word200 word454 word42 word382 word40 word229 word335 word478 word126 word27 word376 word447 word283 word31 word251 word196 word226 word28 word159 word500 word23 word458 word259 word293 word467 word109 word493 word139 word175 word225 word301 word162 word397 word11 word334 word329 word268 word307 word374 word453 word110 word239 word282 word173 word487 word256 word297 word98 word208 word313 word215 word386 word69 word77 word170 word160 word408 word434 word236 word253 word148 word266 word354 word362 word485 word289 word171 word35 word344 word402 word277 word462 word159 word27 word317 word61 word43 word351 word218 word303 word374 word192 word306 word270 word291 word352 word191 word253 word296 word71 word106 word45 word100 word220,neutra,neutra
word364 word402 word176 word374 word247 word330 word195 word89 word415 word109 word94 word444 word469 word305 word291 word181 word306 word305 word259 word328 word278 word440 word334 word193,neutra,neutra
word22 word146 word218 word65 word348 word302 word351 word212 word466 word336 word461 word44 word334 word173 word97 word91 word99 word47 word228 word387 word232 word66 word354 word88 word435 word184 word1 word147,positiva,neutra
word263 word430 word39 word369 word123 word254 word442 word247 word19 word11 word369 word466 word146 word468 word227 word30 word266 word487 word126 word481 word326 word199 word347 word201,negativa,negativa
word324 word412 word43 word380 word406 word358 word293 word450 word327 word424 word91 word333 word219 word435 word441 word422 word108 word247 word1 word490 word129 word313 word244 word453 word411 word389 word322 word60 word460 word32 word228 word190 word196 word489 word116 word290 word110 word456 word369 word208 word41 word77 word122 word204 word443 word60 word289 word174 word24 word310 word353 word480 word254 word163 word428 word124 word342 word472 word3 word463 word103 word241 word129 word73 word352 word242 word255 word242 word374 word484 word257 word78 word164 word249 word52 word115 word102 word487 word201 word440 word276 word254 word470 word346 word120 word141 word334 word2 word77 word38 word357 word221 word6 word371 word328 word360 word82,neutra,neutra
word299 word278 word75 word317 word421 word53 word362 word71 word375 word210 word4 word484 word83 word299 word91 word467 word370 word403 word217 word234 word318 word393,negativa,negativa
word58 word300 word147 word200 word119 word103 word222 word460 word318 word175 word217 word265 word123 word261 word348 word122 word293 word355 word260 word146 word278 word397 word111 word288 word341 word161 word194 word445 word182 word300 word75 word463 word299 word381 word302 word178 word171 word351 word430 word64 word423 word416 word55 word55 word348 word422 word197 word321 word500 word162 word113 word496 word141 word237 word222 word262 word135 word340 word346 word101 word241 word29 word111 word494 word254 word312 word445 word357 word397 word357 word250 word317 word145 word446 word90 word443 word440 word72 word356 word495 word287 word171 word440 word257 word61 word125 word342 word228 word109 word400 word61 word110 word233,negativa,negativa
word378 word304 word89 word184 word331 word59 word177 word437 word221 word255 word341 word161 word414 word9 word237 word299 word120 word392 word40 word326 word317 word394 word104 word78 word291 word486 word393 word106 word204 word134 word390 word257 word219 word3 word317 word222 word20 word98 word364 word375 word247 word379 word370 word308 word105 word211 word409,positiva,positiva
word207 word275 word217 word405 word496 word218 word361 word28 word201 word436 word344 word264 word107 word405 word486 word197 word405 word295 word199 word166 word252 word205 word309 word74 word239 word371 word423 word141 word301 word151 word395 word178 word337 word217 word134 word289 word312 word342 word396 word338 word426 word212 word255 word241 word290 word71 word428 word261 word277 word439 word233 word231 word283 word470 word127 word78 word54 word369 word6 word354 word443 word341 word86 word332 word222 word12 word99 word372 word281 word250 word389 word263 word485 word26 word144 word95 word207,positiva,positiva
word284 word328 word477 word243 word463 word284 word108 word327 word96 word450 word77 word250 word410 word5 word246 word254 word170 word337 word163 word188 word138 word313 word442 word89 word205 word113 word123 word486 word356 word473 word318 word334 word358 word327 word411 word164 word51 word245 word1 word24 word26 word39 word354 word299 word468 word145 word166 word246 word391 word466 word365 word254 word490 word91 word236 word124 word84 word199 word383 word160 word410 word306 word354 word122 word432 word102 word186 word392 word346 word150 word132 word217 word224 word30 word122 word78,neutra,neutra
word32 word338 word465 word433 word203 word249 word82 word36 word383 word215 word249 word172 word157 word493 word409 word346 word195 word361 word170 word258 word73 word355 word31 word362,neutra,neutra
word457 word247 word157 word238 word165 word167 word273 word499 word205 word108 word381 word148 word269 word127 word106 word126 word179 word478 word336 word348 word27 word6 word172 word444 word9 word384 word411 word139 word59 word77 word39,positiva,positiva
word235 word217 word445 word112 word156 word92 word286 word403 word442 word114 word215 word369 word23 word356 word68 word17 word57 word441 word341 word395 word346 word399 word249 word405 word29 word292 word378 word497 word180 word90 word361 word37 word389 word353 word346 word147 word61 word305 word182 word196 word94 word167 word416 word447 word175 word72,neutra,neutra
word254 word245 word320 word351 word52 word285 word20 word256 word212 word103 word496 word130 word29 word180 word379 word5 word247 word209 word433 word2 word9 word283 word90 word353 word140 word282 word19 word347 word260 word1 word133 word30 word23 word350 word214 word402 word129 word359 word308 word332 word415 word354 word373 word370 word224 word363 word422 word370 word304 word38 word219 word32 word52 word181,neutra,neutra
word51 word36 word312 word464 word249 word77 word257 word242 word297 word217 word267 word163 word454 word269 word156 word2 word340 word191 word125 word240 word243 word402 word272 word351 word324 word425 word4,neutra,neutra
word27 word12 word82 word445 word229 word74 word453 word415 word74 word345 word166 word35 word32 word272 word422 word481 word353 word462 word118 word74 word56 word87 word377 word77 word217 word379 word464 word81 word94 word33 word57 word196 word158 word484 word223 word155 word235 word363 word169 word72 word211 word311 word159 word291 word163 word453 word444 word359 word419 word61 word327 word203 word389 word1 word94 word121 word279 word486 word449,positiva,positiva
word434 word386 word298 word186 word236 word272 word241 word431 word84 word42 word227 word104 word411 word425 word495 word194 word481 word51 word482 word124 word10 word413 word258 word207 word101 word208 word308 word72 word473 word362 word439 word23 word434 word433 word183 word285 word251 word414 word141 word460 word277 word1 word152 word72 word405 word205 word233 word176 word351 word497 word437 word495 word150 word333 word312 word152 word423 word460 word476 word494 word82 word74 word341 word363 word218 word82 word143 word65 word79 word94 word293 word257 word168 word272 word334 word49 word141 word101 word1 word59 word384 word438 word81 word384 word127 word70 word118 word460 word172 word371 word243 word218 word407 word496 word326 word425 word73,positiva,positiva
word267 word223 word261 word423 word95 word250 word121 word53 word347 word353 word426 word11 word89 word288 word407 word471 word395 word453 word408 word158 word291 word318 word176 word443 word386 word259 word240 word397 word111 word110 word202 word64 word229 word217 word253 word231 word449 word138 word206 word370 word143 word329 word482 word188 word121 word96 word6 word143 word425 word128 word478 word477 word342 word491 word204 word479 word272 word41 word417 word476 word443 word209 word52 word293 word434 word421 word309 word394 word17 word312 word55,positiva,positiva
word380 word460 word332 word190 word475 word249 word265 word318 word328 word247 word240 word159 word341 word337 word219 word357 word69 word209 word494 word367 word361 word432 word305 word332 word241 word414 word356 word262 word64,neutra,neutra
word167 word276 word143 word155 word233 word26 word108 word405 word83 word312 word383 word132 word230 word439 word418 word461 word315 word444 word200 word301 word334 word489 word185 word438 word255 word53 word328 word491 word227 word275 word464 word461 word201 word381 word316 word324 word361 word164 word153 word14 word429 word139 word338 word343 word352 word432 word434 word2 word421 word104 word323 word337 word27 word142 word456 word71 word116 word41 word84 word319 word421 word298 word143 word430 word184 word158 word253 word69 word179 word400 word305 word495 word388 word181 word384 word433 word316 word382 word252 word456 word119 word213 word127 word51 word308 word60 word114 word382 word121 word432 word25 word229 word34 word30,neutra,neutra
word271 word77 word188 word80 word396 word392 word97 word402 word161 word365 word470 word415 word94 word91 word57 word421 word274 word78 word294 word265 word299 word318 word83 word194 word361 word455 word122 word286 word475 word301 word114 word292 word9 word245 word284 word29 word102 word495 word315 word230 word115 word63 word215 word273 word90 word401 word215 word28 word69 word431 word169 word187 word100 word404 word409,positiva,positiva
word305 word260 word178 word326 word312 word6 word205 word432 word398 word428 word478 word31 word136 word230 word256 word394 word363 word354 word80 word339 word398 word377 word292 word45 word75 word372 word435 word413 word214 word294 word89,neutra,neutra
word194 word381 word477 word105 word176 word439 word157 word123 word416 word246 word292 word244 word302 word135 word366 word181 word262 word93 word6 word286 word70 word457 word480 word159 word145 word255 word103 word431 word51,neutra,neutra
word7 word35 word137 word72 word31 word192 word189 word63 word406 word442 word360 word262 word474 word176 word214 word8 word354 word47 word333 word392 word109 word307 word152 word200 word265 word125 word399 word198 word231 word408 word114 word227 word497 word200 word58 word143 word478 word380 word405 word127 word420 word197 word398 word441 word105 word470 word317 word366 word379 word85 word373 word107 word136 word59 word91 word490 word165 word194 word240 word357 word287 word269 word419 word248 word385 word456 word339 word18 word132 word309 word240 word143 word168 word40 word118 word392 word6 word419 word170 word404 word129 word415 word286 word426 word32 word399 word136 word180 word23 word478,negativa,negativa
word85 word221 word494 word332 word500 word10 word360 word38 word306 word163 word389 word63 word449 word241 word260 word286 word18 word156 word355 word481 word493 word268 word130 word239 word232 word199 word181 word435 word196 word15 word361 word333 word190 word315 word471 word463 word395 word292 word14 word257 word410 word423 word387 word494 word259 word55 word249 word160 word418 word389 word213 word195 word80 word22 word157 word121 word133 word500 word341 word276 word90 word421 word323 word258 word233 word277 word420 word361 word243 word334 word465 word164 word451 word304 word93 word484 word344 word193 word108 word458 word412 word23 word318 word58 word148 word285 word125 word257 word215 word291 word401,neutra,neutra
word412 word254 word247 word267 word422 word206 word92 word257 word317 word468 word57 word472 word403 word356 word118 word104 word214 word92 word328 word377 word240 word346 word390 word457 word345 word117 word66 word471 word387 word425 word212 word79 word299 word320 word109 word235 word212 word130 word409 word243 word464 word1 word470 word331 word351 word144 word40 word116 word222 word169 word97 word7 word349 word334 word81 word392 word489 word500 word98 word214 word27,positiva,positiva
word225 word254 word86 word233 word62 word473 word294 word18 word253 word464 word372 word137 word447 word93 word124 word78 word462 word359 word259 word334 word130 word36 word423 word483 word18 word26 word280 word22 word361 word473 word140 word148 word432 word179 word121 word43 word420 word463 word40 word402 word80 word70 word191 word219 word428 word350 word73 word293 word438 word332 word115 word65 word227 word237 word177 word55 word60 word265 word473 word299,negativa,negativa
word262 word496 word277 word322 word106 word374 word410 word340 word250 word99 word17 word314 word342 word387 word476 word249 word415 word359 word139 word423 word27 word300 word471 word330 word469 word29 word267 word391 word322 word441 word232 word342 word210 word437 word60 word128 word49 word352 word117 word159 word419 word181 word73 word11 word114 word458 word275 word498 word108 word176 word82 word200 word282 word405 word185 word386 word314 word146 word457 word218 word76 word482 word457 word25 word452 word474 word415 word128 word316 word270 word311 word309,negativa,negativa
word79 word225 word154 word497 word18 word429 word141 word19 word331 word340 word72 word20 word56 word205 word67 word352 word39 word395 word438 word359 word473 word470 word24 word171 word381 word170 word369 word388 word499 word165 word174 word13 word143 word141 word227 word211 word429 word387 word365 word3 word236 word365 word123 word213 word364 word398 word428 word215 word200 word192 word335 word210 word201 word85 word240 word119 word263 word445 word388 word240 word489 word491 word223 word382 word172 word440 word187 word130 word67 word422 word149 word407 word44 word251 word214,negativa,negativa
word370 word140 word78 word224 word14 word316 word283 word257 word16 word382 word18 word132 word198 word352 word204 word409 word468 word383 word20 word386 word104 word445 word490 word43 word50,negativa,negativa
word264 word451 word382 word212 word168 word357 word138 word442 word391 word342 word125 word311 word411 word36 word89 word258 word180 word355 word201 word499 word150 word181 word2 word124 word118 word382 word169 word102 word157 word282 word393 word490 word24 word421 word195 word405 word19 word314 word466 word20 word396 word58 word492 word373 word456 word449 word158 word208 word346 word88 word154 word50 word445 word124 word206 word227 word188,neutra,neutra
word229 word64 word12 word379 word52 word159 word422 word269 word437 word437 word331 word469 word19 word121 word139 word456 word311 word127 word105 word403 word430 word8 word183 word268 word118 word363 word379 word420 word394 word421 word183 word150 word159 word427 word325 word162 word361 word117 word134 word1 word484 word118 word377 word60 word19 word338 word50 word73 word166 word293 word10 word64 word169 word353 word49 word143 word97 word155 word129 word321 word34 word470 word123 word496 word365 word179 word152 word474 word499 word307 word24 word454 word239 word14 word401 word17 word186 word38 word219 word403 word65 word69 word479 word89 word57 word293 word139 word479 word82 word284 word461 word367 word15 word94 word63 word458 word101 word28 word192,positiva,positiva
word33 word265 word207 word392 word99 word479 word397 word371 word248 word322 word104 word5 word373 word225 word177 word135 word311 word257 word338 word476 word418 word161 word121 word81 word285 word413 word127 word496 word215 word391 word150 word70 word257 word276 word240 word203 word325 word317 word76 word335 word167 word404 word249 word121 word91 word483 word360 word108 word251 word63 word418 word415 word402 word232 word83 word246 word256 word160 word189 word24 word262 word97 word421 word381 word302 word113 word334 word497 word316 word394 word451 word425 word82 word437 word383 word360 word114 word234 word452 word459 word58 word214 word304 word48 word124 word299 word329 word53,positiva,positiva
word204 word106 word488 word372 word350 word326 word309 word441 word196 word71 word148 word115 word479 word284 word214 word13 word356 word324 word406 word66 word329 word181 word117 word112 word144 word367 word12 word474 word485 word484 word418 word162 word203 word64 word447 word386 word77 word496 word22 word384 word68 word375 word442 word476 word81 word83 word35 word412,positiva,positiva
word325 word394 word90 word127 word399 word47 word221 word126 word7 word226 word244 word174 word407 word49 word215 word91 word380 word279 word353 word54 word229 word26 word162 word473 word364 word40 word185,neutra,neutra
word313 word61 word130 word377 word478 word456 word376 word491 word83 word101 word203 word461 word400 word186 word9 word310 word155 word112 word108 word125 word160 word310 word82 word243 word461 word483 word415 word133 word74 word440 word202 word231 word214 word68 word361 word120 word117 word378 word357 word414 word354 word20 word209 word206 word161 word248 word249 word308 word480 word326 word467 word416 word368 word137 word289 word56 word462 word94 word120,neutra,negativa
word203 word200 word269 word320 word230 word443 word482 word101 word354 word151 word498 word127 word148 word358 word395 word65 word278 word173 word306 word279 word493 word467 word327 word340 word450 word92 word363 word387 word64 word441 word350 word174 word243 word245 word460 word485 word404 word327 word53 word458 word67 word84 word35 word474 word247 word118 word41 word206 word362 word498 word277 word304 word418 word451 word140 word496 word260 word466 word59 word49 word443 word337 word88 word448 word52 word342 word103 word36 word404 word424 word53 word47 word308 word15 word374 word458 word376 word116 word96 word341 word31 word269 word225 word373 word102 word382 word350 word120 word179 word34 word225 word131 word57 word280 word284 word43 word93 word42 word340 word170,negativa,negativa
word138 word447 word202 word44 word2 word491 word322 word75 word496 word21 word168 word375 word27 word453 word340 word475 word419 word413 word114 word103 word122 word78 word333 word30 word215 word291 word270 word244 word112 word55 word495 word233 word298 word284 word185 word362 word189 word208 word402 word160 word350 word333 word16 word343 word401 word136 word458 word10 word90 word473 word428 word378 word302 word101 word245 word283 word45 word298 word45 word63 word86 word96 word42 word479 word402 word255 word185 word96 word475 word399 word376 word236 word14 word320 word244 word149 word158 word29 word436 word83 word407 word487 word23 word312 word34 word416 word254 word11 word387 word383 word463 word243 word467 word333 word263 word180 word147 word311,neutra,neutra
word286 word336 word405 word318 word306 word396 word148 word415 word363 word92 word74 word440 word448 word497 word51 word448 word432 word384 word249 word255 word215 word15 word251 word119 word101 word28 word229 word24 word425 word445 word401 word151 word82 word253 word337 word11 word429 word220 word410 word39 word213 word230 word25 word354 word466 word271 word198 word319 word181 word180 word380 word296 word132 word204 word418 word265 word39 word429 word371 word134 word483 word476 word498 word189 word462 word404 word436 word274 word140 word114 word484 word252 word464 word278 word268 word37 word202 word279 word55 word82 word296 word125 word351 word231 word202 word59 word204 word272 word287 word136 word14 word468 word479 word453 word145 word302 word71 word453 word3 word236,negativa,negativa
word315 word147 word497 word164 word140 word362 word499 word429 word91 word408 word177 word111 word468 word475 word186 word14 word105 word271 word30 word114 word75 word477 word178 word191 word211 word7 word272 word457 word407 word126 word7 word387 word421 word461 word289 word237 word379 word346 word379 word143 word452 word19 word47 word328 word286 word278 word455 word436 word360 word83 word49 word70 word307 word357 word400 word52 word138 word170 word317 word24 word421 word41 word262 word467 word98 word344 word275 word410 word295 word425 word202 word82 word340 word484 word217 word410 word439,neutra,neutra
word65 word174 word475 word75 word52 word262 word13 word496 word452 word95 word87 word389 word261 word412 word484 word201 word127 word310 word318 word217 word150 word132 word261 word214 word229 word48 word441 word354 word460 word415 word310 word154 word327 word284 word462 word117 word13 word64 word88 word332 word74 word68 word199 word391 word213 word136 word143 word410 word217 word185 word387 word185 word179 word376 word164 word256 word333 word101 word65 word426 word149 word171 word295 word52 word23 word209 word485 word287 word290 word305 word431 word418 word13 word271 word274 word112 word488 word131 word417 word51 word301 word368 word253 word53 word62 word303 word432 word299 word51 word393,neutra,neutra
word387 word328 word220 word217 word430 word43 word349 word101 word48 word264 word488 word368 word381 word359 word394 word257 word65 word420 word226 word251 word186 word92 word464 word391 word322 word202 word412,negativa,negativa
word112 word59 word259 word26 word320 word220 word108 word300 word188 word195 word109 word339 word452 word310 word119 word417 word61 word145 word18 word425 word23 word274 word96 word107 word305 word402 word9 word80 word144 word472 word30 word90 word202 word163 word25 word271 word304 word89 word345 word29 word366 word130 word113 word99 word435 word252 word346 word102 word29 word20 word221 word164 word384 word395 word156 word217 word191 word338 word315 word326 word28 word169 word484 word171 word88 word100 word14 word391 word3 word299 word200 word48 word443 word371 word410 word469 word457 word351,negativa,negativa
word485 word256 word41 word342 word296 word197 word199 word269 word465 word380 word201 word124 word55 word98 word69 word403 word288 word19 word464 word76 word323 word7 word295 word278 word455 word301 word245 word266 word317 word208 word357 word265 word485 word97 word365 word414 word360 word491,positiva,positiva
word147 word359 word316 word278 word37 word39 word319 word235 word415 word15 word94 word395 word490 word368 word7 word26 word440 word250 word249 word481 word124 word143 word344 word453 word183 word76 word29 word4 word188 word266 word245 word120 word339 word440 word117 word337 word273 word344 word8 word337 word374 word340 word421 word374 word493 word335 word224 word418,positiva,positiva
word242 word224 word217 word374 word99 word446 word449 word90 word488 word132 word26 word200 word398 word423 word323 word406 word131 word440 word318 word67 word65 word134 word35 word142 word497 word121 word319 word489 word127 word349 word226 word143 word476 word329 word220 word407 word451 word391 word435 word162 word173 word117 word349 word402 word331 word300 word386 word91 word183 word354 word27 word456 word86 word394 word309 word424 word388 word258 word379,neutra,neutra
word138 word403 word190 word468 word392 word300 word108 word95 word474 word401 word257 word439 word392 word194 word414 word399 word240 word10 word371 word170 word183 word357 word406 word44 word412 word147 word284 word435 word110 word111 word486 word187 word474 word179 word310 word256 word492 word276 word252 word234 word188 word221 word231 word382 word23 word251 word275 word377 word334 word216 word55 word187 word128 word103 word361 word240 word397 word70 word493 word237 word127 word182 word421 word355 word87 word496 word66 word138 word365 word265 word223 word464 word397 word482 word142 word426 word107 word403 word275 word299 word58 word440 word140 word300 word84 word463 word161 word382 word383 word276 word61 word140 word306 word268 word293 word125 word270 word43 word243 word46,neutra,neutra
word39 word88 word108 word229 word348 word92 word55 word43 word401 word15 word313 word290 word51 word277 word144 word258 word69 word334 word399 word2 word267 word324 word2 word363 word272 word154 word242 word342 word322 word389 word18 word394 word18 word326 word175 word32 word345 word277 word334 word188 word140 word313 word109 word407 word342 word500 word14 word293 word279 word429 word213 word469 word120 word428 word261 word472 word109 word131 word283 word276 word75 word326 word203 word76 word256 word349 word16 word461 word306 word131 word376 word422 word479 word396 word102 word82 word105 word438 word153 word166 word446 word103 word204 word149 word151 word298 word371 word133 word19 word320 word275 word330 word226 word389 word313 word379 word366,neutra,neutra
word86 word95 word401 word231 word316 word282 word407 word110 word86 word367 word218 word408 word65 word136 word481 word422 word32 word409 word33 word61 word450 word64 word151 word68 word299 word29 word144 word164 word325 word249 word97 word233 word230 word177 word267 word164 word167 word392 word126 word165 word71 word350 word354 word340 word85 word226 word147 word382 word169 word208 word228 word381 word352 word410 word214 word410 word436 word262 word340,neutra,neutra
word204 word382 word165 word248 word44 word398 word318 word426 word432 word176 word21 word174 word73 word267 word74 word461 word302 word127 word461 word385 word219 word74,negativa,negativa
word406 word380 word353 word118 word266 word53 word188 word253 word335 word49 word407 word230 word441 word264 word274 word347 word410 word79 word256 word15 word238 word407 word433 word142 word194 word276 word198 word90 word153 word203 word260 word461 word273 word194 word331 word387 word216 word245 word109 word433 word434 word88 word174 word136 word462 word33 word104 word158 word281 word125 word269 word374 word415 word50 word70 word48 word455 word327 word266 word396 word294 word118 word256 word352 word19 word304 word249 word35 word132 word225 word172 word146 word325 word203 word249 word400 word47 word180 word37,negativa,negativa
word362 word490 word498 word294 word482 word351 word135 word468 word73 word235 word77 word393 word448 word410 word52 word136 word171 word58 word266 word18 word307 word288 word298 word457 word394 word130 word286 word402 word426 word322 word43 word218 word430 word37 word296 word271 word112 word173 word489 word298 word470 word236 word423 word310 word456 word164 word192 word21 word114 word70 word92 word155 word437 word190 word414 word408 word491 word255 word425 word210 word317 word406,neutra,neutra
word259 word98 word97 word405 word136 word198 word60 word403 word179 word353 word203 word401 word202 word448 word363 word241 word242 word311 word347 word354 word17 word133 word219 word269 word45 word100 word232 word224 word308 word35 word399 word151 word276 word474 word190 word157 word133 word327 word479 word280 word100 word474 word22 word206 word63 word17 word499 word43 word454 word273 word161 word432 word2 word346 word384 word182 word151 word5 word12 word22 word229 word266 word213 word352 word181 word396 word327 word469 word364 word64 word280 word329 word7 word23 word12 word86 word441 word121 word94 word224 word200,positiva,positiva
word322 word429 word247 word82 word129 word426 word325 word499 word450 word380 word20 word93 word188 word18 word468 word115 word192 word338 word18 word319 word51 word452 word346 word168 word351 word158 word58 word5 word110 word354 word282 word137 word344 word195 word79 word340 word229 word333 word282 word51 word25 word51 word112 word113 word460 word392 word440 word238 word162 word202 word434 word178 word317 word73 word491 word321 word484 word148 word309 word138 word234 word162 word72 word222 word266 word79 word200 word47 word323 word157 word45 word257 word418 word496 word484 word87 word105 word447 word317 word272 word401 word33 word278 word287 word468 word234 word256 word401 word136 word35 word236,positiva,positiva
word125 word462 word60 word441 word109 word60 word138 word73 word201 word166 word265 word269 word1 word63 word81 word98 word47 word158 word275 word155 word165 word235 word275 word166 word111 word205 word13 word247 word471 word199 word55 word354 word64 word97 word74 word442 word491 word285 word309 word323 word306 word273 word494 word367 word45 word196 word488 word202 word103 word435 word312 word282 word211 word63 word192,negativa,negativa
word423 word45 word215 word436 word98 word6 word368 word42 word151 word407 word446 word66 word249 word397 word196 word176 word272 word389 word21 word26 word54 word171 word140 word241 word151 word313 word161 word419 word155 word123 word431 word330 word24 word76 word25 word398 word314 word467 word165 word24 word230 word40 word73 word394 word190 word441 word257 word325 word418 word231 word160 word385 word416 word150 word412 word496 word97 word424 word44,positiva,positiva
word185 word372 word1 word47 word481 word332 word275 word8 word300 word218 word300 word21 word276 word289 word146 word28 word486 word355 word311 word384 word336 word68 word228 word445 word144 word487 word33 word166 word176 word309 word89 word115 word332 word143 word440 word436 word152 word280 word167 word173 word336 word147 word75 word130 word465 word130 word182 word315 word51 word135 word88 word463 word467 word378 word124 word309 word332 word435,negativa,negativa
word145 word142 word265 word390 word251 word148 word481 word287 word198 word5 word282 word311 word465 word116 word82 word500 word276 word14 word53 word238 word309 word122 word183 word369 word484 word246 word208 word181 word69 word27 word417 word19 word411 word124 word348 word476 word375 word365 word133 word300 word322 word213 word20 word457 word99 word487,negativa,negativa
word493 word141 word191 word149 word79 word36 word68 word424 word14 word448 word111 word303 word129 word446 word21 word358 word468 word221 word226 word75 word440 word480 word249 word347 word380 word178,positiva,positiva
word361 word500 word382 word228 word158 word437 word129 word242 word386 word462 word461 word44 word450 word58 word293 word465 word328 word474 word173 word158 word164 word178 word342 word227 word369 word209 word154 word96,negativa,negativa
word15 word414 word465 word12 word316 word40 word181 word169 word260 word459 word231 word200 word47 word444 word158 word232 word47 word145 word277 word451 word165 word281 word438 word181 word148 word23 word454 word56 word108 word70 word354 word183 word353 word304 word8 word154 word3 word33 word237 word133 word45 word205 word226 word497 word331 word197 word237 word45 word194 word291 word11 word460 word258 word394 word138 word419 word184 word465 word262 word319 word102 word498 word97 word17 word220 word418 word461 word429 word277 word459 word247 word240 word91 word394 word159 word98 word185 word302 word136 word180 word166,negativa,negativa
word434 word295 word178 word433 word482 word159 word261 word242 word351 word476 word275 word400 word298 word444 word203 word193 word212 word499 word306 word77 word21 word260 word403 word240 word281 word400 word259 word455 word319 word366 word391 word314 word26 word214 word71 word256 word72 word255 word172 word11 word63,negativa,negativa
word471 word211 word444 word405 word169 word475 word389 word64 word48 word64 word371 word72 word142 word218 word68 word166 word340 word487 word235 word374 word266 word234 word261 word480 word30 word257 word26 word438 word301 word24 word312 word218 word24 word490 word190 word12 word307,negativa,negativa
word460 word394 word155 word242 word479 word213 word420 word289 word250 word293 word112 word213 word153 word379 word307 word200 word412 word227 word477 word303 word443 word494 word164 word131 word418 word116 word377 word89 word435 word345 word261 word225 word319 word195 word199 word103 word79 word446 word375 word222 word416 word304 word300 word57 word270 word54 word342 word34 word258 word184 word66 word237 word101 word123 word445 word175 word202 word4 word151 word176 word360 word60 word465 word65 word327 word3 word410 word349 word419 word466 word417 word311 word420 word49 word323 word495 word189,neutra,neutra
word143 word410 word156 word32 word499 word295 word108 word1 word65 word85 word463 word89 word81 word419 word440 word105 word326 word268 word289 word156 word376 word441 word363 word452 word56 word329 word500 word268 word471 word175 word449 word470 word312 word353 word262 word159 word269 word482 word8 word103 word250 word170 word312 word181 word330 word54 word167 word347 word236 word357 word319 word165 word215 word483 word482 word18 word353 word246 word1 word318 word12 word160 word346 word407 word207 word405 word420 word224 word87 word330 word7 word447 word195 word381 word369 word237 word486 word399 word442 word47 word243 word476 word407 word228 word36 word142 word287 word321 word463 word47 word199 word137 word481 word84 word111,neutra,neutra
word62 word296 word58 word115 word151 word324 word216 word433 word150 word309 word382 word491 word123 word367 word43 word272 word207 word480 word387 word464 word426 word206 word367 word16 word279 word24 word363 word484 word341 word420 word118 word497 word276 word338 word386 word320 word159 word306 word327 word429 word241 word251 word252 word58 word46 word11 word334 word210 word433 word352 word71 word51 word184 word461 word25 word94 word15 word207 word495 word342 word247 word73 word178 word263 word138 word353 word491 word103 word127 word64 word363 word231 word142 word110 word36 word239 word342 word118 word1 word237 word338 word173 word126 word78 word374 word431 word385 word260 word363 word199 word13 word184 word352 word324 word496 word499 word122 word5,negativa,negativa
word305 word96 word13 word348 word480 word380 word483 word264 word308 word492 word252 word20 word120 word311 word429 word304 word203 word161 word342 word450 word140 word277 word214 word124 word203 word45 word266 word54 word238 word449 word73 word126,positiva,positiva
word454 word10 word389 word161 word279 word454 word452 word93 word236 word143 word308 word414 word159 word61 word33 word27 word184 word483 word126 word203 word338 word329 word136 word64 word79 word111 word44 word230 word323 word338 word455 word147 word328 word443 word15 word391 word45 word276 word416 word230 word280 word310 word289 word366 word430 word68 word208 word427 word191 word245 word372 word468 word126 word478 word355 word16 word431 word193 word142 word264 word289 word270 word28 word412 word171 word71 word283 word312 word52 word472 word301 word499 word336 word6 word105 word487 word280 word62 word38 word269 word298 word124 word98 word304 word218 word19,positiva,positiva
word346 word17 word235 word367 word199 word387 word354 word34 word279 word86 word244 word193 word404 word435 word231 word269 word314 word328 word318 word392 word491 word415 word68 word239 word231 word255 word265 word360 word211 word132 word229 word428 word156 word11 word489 word98 word302 word401 word138 word171 word141 word75 word77 word94 word230 word266 word8 word424 word338 word36 word422 word16 word281 word233 word252 word479 word464 word140 word290 word480 word365 word444 word218 word142 word256 word409 word465 word343 word354 word256 word160 word212 word249 word408 word278 word397 word14 word379 word254 word500 word236 word240 word64 word404 word351 word432 word47 word106 word439 word22 word255 word203 word470 word429 word449 word145 word294 word351 word484,negativa,negativa
word91 word286 word280 word110 word188 word27 word236 word339 word155 word269 word477 word118 word146 word60 word272 word102 word428 word146 word333 word95 word162 word86 word277 word14 word42 word251 word273 word165 word216 word209 word379 word224 word424 word109 word100 word202 word41 word336 word196 word184 word268 word42 word189 word487 word315 word287 word253 word235 word469 word466 word205 word463 word42 word160 word151 word349 word303 word237 word129 word254 word135 word249 word170 word445 word374 word88 word471 word330 word176 word266 word98 word24 word211 word392 word176 word193 word496 word494 word232 word23 word340 word358 word457 word475 word315 word54 word125 word359 word304 word218,neutra,neutra
word330 word73 word44 word492 word237 word326 word109 word51 word32 word178 word2 word211 word163 word264 word295 word155 word228 word40 word151 word490 word496 word243 word470 word251,negativa,negativa
word189 word403 word360 word466 word444 word315 word198 word314 word160 word175 word305 word286 word291 word193 word205 word6 word301 word288 word468 word253 word234 word34 word99 word170 word189 word182 word198 word385 word66 word167 word82 word154 word343 word24 word170 word12 word478 word364 word122 word100 word50 word237 word377 word293 word441 word172 word140 word240 word102 word488 word93 word240 word262 word29 word235 word228 word130 word64 word23 word5 word241 word45 word480 word123 word327 word337 word248 word442 word56 word118 word127 word68 word148 word157 word383 word151 word439 word387 word451 word53 word493 word307 word492 word178 word477 word295 word36 word206 word69 word471 word153 word112 word277 word213 word49 word409 word423 word372 word309 word202,negativa,negativa
word87 word489 word70 word276 word377 word394 word352 word213 word93 word20 word152 word487 word343 word204 word248 word168 word447 word227 word419 word26 word244 word302 word334 word12 word322 word420 word47 word166 word213 word128 word220 word447 word449 word301 word443 word408 word29 word194 word423 word222 word306 word207 word9 word283 word191 word387 word445 word53 word180 word197 word339 word199 word283 word455 word295 word50 word241 word444 word242,positiva,positiva
word401 word274 word43 word38 word211 word335 word157 word155 word431 word8 word40 word78 word492 word249 word80 word156 word485 word348 word112 word121 word38 word387 word69 word144 word175 word311 word304 word400 word149 word193 word195 word24 word369 word268 word238 word498 word90 word485 word341 word111 word340 word378 word182 word173 word418 word81 word7 word333 word454 word251 word68 word270 word126 word414 word307 word169 word313 word334 word340 word184 word286 word22 word202 word190 word268 word476 word477 word242 word324 word55 word242,negativa,negativa
word4 word246 word473 word380 word23 word295 word341 word264 word161 word340 word212 word475 word420 word455 word210 word339 word73 word377 word378 word388 word11 word228 word138 word458 word270 word306 word219 word57 word311 word306 word191 word315 word196 word331 word175 word387 word444 word243 word9 word342 word470 word355 word180 word283 word183 word388 word363 word313 word195 word87 word309 word169 word452 word32 word424 word390 word258 word497 word359 word21 word197 word421 word389 word81 word86 word463 word23 word475 word271 word404 word108 word173 word365 word82 word51 word305,positiva,positiva
word27 word351 word177 word276 word276 word386 word382 word282 word420 word285 word14 word430 word385 word213 word194 word448 word213 word187 word367 word165 word202 word390 word112 word6 word169 word87 word181 word36 word295 word257 word137 word315 word73 word6 word239 word81 word428 word152 word215 word148,positiva,positiva
word97 word46 word118 word488 word401 word10 word458 word103 word203 word164 word203 word381 word357 word298 word314 word364 word93 word198 word54 word353 word219 word319 word283 word137 word70 word487 word147 word55 word153 word452 word131 word494 word231 word431 word327 word22 word255 word209 word101 word275 word52 word350 word411 word47 word240 word328 word32 word195,negativa,negativa
word191 word151 word433 word221 word16 word359 word174 word468 word428 word53 word451 word475 word379 word138 word335 word435 word408 word216 word354 word193 word128 word337 word234 word113 word331 word161 word294 word181 word443 word426 word237 word356 word89 word499 word108 word434 word424 word90 word5 word369 word435 word359 word28 word323 word196 word458 word401 word400 word204 word162 word412 word58 word51 word32 word256 word38 word292 word84 word446 word217 word47 word347 word170 word131 word330 word478 word490 word218 word425 word105 word424 word472 word259 word262 word283 word37 word430 word369 word435 word58 word402 word182 word410 word497,neutra,neutra
word422 word256 word458 word252 word152 word258 word78 word413 word361 word74 word291 word269 word101 word62 word381 word133 word260 word124 word327 word25 word180 word274 word220 word307 word91 word221 word379 word167,negativa,negativa
word293 word383 word131 word372 word142 word124 word224 word81 word203 word179 word141 word388 word166 word348 word361 word333 word135 word415 word119 word139 word438 word170 word349 word22 word308 word435 word355 word292 word425 word150 word189 word35 word350 word362 word376 word375 word64 word334 word382 word102 word239 word457 word208 word377 word266 word329 word314,negativa,negativa
word497 word76 word446 word46 word375 word423 word446 word112 word447 word58 word260 word235 word158 word12 word387 word168 word331 word206 word187 word444 word48 word369 word374 word190 word132 word3 word469 word474 word121 word16 word62 word34 word416 word446 word77 word374 word90 word184 word300 word360 word438 word23 word99 word141 word156 word500 word389 word161 word486 word250 word251 word217 word72 word468 word7 word88 word115 word140 word66 word9 word339 word485 word61 word149 word254 word464 word348 word384 word291 word209 word100 word433 word403 word13 word358 word43 word370 word413 word66 word217 word62 word284 word464 word41 word199 word487 word151 word67 word245 word255 word332 word157 word478 word261 word144 word481 word463 word250,negativa,negativa
word423 word351 word353 word329 word333 word379 word118 word262 word66 word184 word146 word101 word274 word219 word228 word437 word181 word61 word396 word108 word487 word333 word128 word288 word467 word459 word199 word15 word40 word440 word331 word363 word361 word388 word255 word190 word118 word154 word376 word8 word73 word394 word325 word81 word19 word114 word60 word139 word417 word435,positiva,neutra
word496 word413 word242 word342 word276 word323 word477 word337 word57 word252 word410 word20 word179 word101 word361 word71 word313 word32 word462 word160 word204 word394 word190 word58 word453 word56 word249 word63 word349 word135 word467 word102 word335 word7 word57 word139 word442 word499 word307 word169 word157 word106 word171 word248 word343 word115 word18 word280 word122 word201,positiva,positiva
word369 word215 word48 word345 word106 word435 word417 word185 word278 word284 word327 word35 word163 word86 word349 word35 word259 word364 word475 word145 word4 word362 word1 word34 word496 word432 word354 word418 word38 word45 word151,negativa,negativa
word128 word17 word16 word115 word314 word229 word366 word117 word116 word203 word397 word252 word382 word47 word205 word219 word35 word158 word141 word228 word83 word135 word480 word72 word409 word272 word40 word201 word257 word139 word134 word357 word17 word465 word162 word191 word64 word441 word112 word402 word164 word16 word205 word262 word235 word494 word261 word390 word186 word73 word250 word280 word209 word384 word483 word41 word34 word137 word293 word22 word97 word205 word188 word424 word274 word437 word380 word208 word489 word422 word247 word426 word129 word105 word396 word395 word111 word377 word254 word280 word424 word81 word202 word145 word279 word79 word60 word349 word28 word209 word494 word500 word90 word464 word168 word100 word253,positiva,positiva
word67 word381 word98 word205 word358 word132 word63 word338 word141 word414 word450 word175 word370 word113 word465 word123 word441 word394 word157 word413 word317 word335 word190 word118 word349 word27 word175 word71 word1 word4 word47 word470 word386 word495 word43 word499 word300 word398 word429 word132 word371 word324 word207 word246 word105 word93 word462 word366 word284 word348 word203 word125 word472 word495 word108 word401 word222 word354 word55 word240 word63 word408 word200 word132 word350 word478 word170 word359 word345 word245 word403 word64 word439 word203 word23 word495,neutra,neutra
word155 word300 word500 word465 word467 word417 word288 word324 word367 word358 word320 word68 word440 word5 word213 word218 word499 word45 word238 word179 word49 word112 word212 word459 word195 word441 word367 word410 word427 word357 word367 word78 word359,negativa,negativa
word439 word407 word50 word81 word282 word331 word492 word378 word106 word19 word317 word277 word461 word288 word251 word152 word44 word439 word414 word82 word352 word183 word219 word425 word422 word96 word154 word411 word459 word40 word417 word245 word296 word38 word341 word339 word332 word396 word474 word425 word373 word491,negativa,negativa
word271 word350 word48 word7 word326 word353 word214 word42 word245 word320 word107 word151 word374 word107 word50 word315 word12 word218 word285 word33 word327 word412 word487 word134 word164 word310 word300 word305 word158 word29 word13 word499 word204 word224 word314 word103 word191 word219 word48 word302 word97 word2 word311 word151 word359 word269 word15 word348 word21 word157 word344 word202 word193 word111 word222 word147 word474 word344 word455 word169 word476 word140 word155 word150 word295 word307 word33 word281 word477 word204 word350 word317 word490 word322 word236 word7 word402 word170 word463 word123 word219 word415 word76 word138 word396 word159 word479 word269 word413 word274 word23 word406 word210 word194 word369 word141 word215,positiva,positiva
word433 word94 word94 word185 word103 word134 word65 word415 word399 word73 word269 word324 word314 word492 word321 word344 word17 word40 word310 word454 word200 word322 word106 word229 word376 word330 word58 word440 word464 word239 word171 word266 word401 word227 word16 word37 word406 word394 word387 word64 word86 word198 word116 word194 word280 word141 word62 word202 word362 word310 word161 word156 word292 word87 word417 word435 word13 word486 word12 word230 word334 word164 word102 word24 word364 word19,negativa,negativa
word357 word380 word121 word424 word175 word188 word394 word164 word38 word358 word332 word291 word72 word316 word100 word278 word254 word387 word489 word96 word58 word278 word476 word80 word244 word204 word160 word332 word148 word247 word423 word190 word11 word443 word138 word387 word382 word264 word44 word476 word341 word213 word427 word395 word381 word84 word317 word143 word40 word170 word53 word53 word364 word251 word199 word97 word386 word318 word293 word96 word62 word62 word13 word485 word184 word330 word492 word469 word161 word245 word232 word17 word385 word288 word186 word280 word368 word8,negativa,negativa
word358 word333 word480 word124 word181 word20 word194 word224 word227 word76 word405 word245 word220 word432 word244 word447 word112 word426 word495 word376 word447 word371 word301 word382 word481 word303 word344 word40 word480 word389 word81 word145 word113 word160 word443 word233 word210 word390 word186 word443 word378 word129 word316 word242 word173 word454 word199 word59 word205 word259 word64 word372 word115 word47 word269 word81 word391 word35 word210 word26 word192 word467 word326 word268 word79 word157 word191 word290 word105 word500 word326 word156 word57 word298 word224 word337 word299 word321 word417 word263 word363 word180 word472 word204 word340 word500 word175 word51 word116 word122 word29 word272,neutra,neutra
word244 word22 word377 word173 word86 word330 word393 word389 word138 word297 word233 word435 word95 word411 word174 word309 word252 word175 word116 word182 word304 word308 word312 word329 word26 word198 word158 word199 word192 word89 word483 word1 word298 word231 word352 word416 word325 word384 word137 word497 word44 word335 word74 word117 word413 word339 word317 word415 word140 word321 word101 word241 word203 word310 word33 word13 word16 word133 word289 word79 word496 word207 word152 word447 word88 word94 word191 word36 word341 word389 word177 word434 word4 word266 word366 word189 word474 word216 word460 word330 word116 word416 word16,positiva,positiva
word40 word428 word380 word355 word87 word398 word318 word196 word1 word265 word398 word17 word27 word192 word256 word238 word214 word128 word30 word16 word50 word346 word393 word218 word39 word208 word493 word125 word246 word269 word165 word220 word236 word237 word359 word291 word27 word4 word206 word454 word19 word36 word340 word226 word116 word104 word333 word262 word320 word141 word264 word431 word159 word199 word82 word320 word17 word125 word357 word10,negativa,negativa
word460 word211 word495 word116 word212 word230 word101 word192 word250 word350 word248 word52 word234 word425 word11 word500 word65 word5 word71 word126 word176 word415 word291 word320 word439 word66 word112 word485 word386 word30 word114 word187 word17 word292 word325 word168 word108 word213 word460 word360 word467 word277 word53 word30 word98 word261 word106 word159 word456 word22 word40 word195 word376 word412 word144 word146 word292 word433 word89 word447 word404 word134 word336 word315 word11 word201 word119 word35 word234 word352 word266 word45 word414 word36 word194 word285 word464 word377 word97 word214 word429 word124 word453 word267 word314 word332 word484,positiva,negativa
word138 word258 word492 word304 word362 word390 word390 word201 word385 word165 word293 word152 word470 word366 word292 word226 word261 word390 word137 word415 word141 word71 word369 word355 word168 word325 word365 word394 word477 word428 word220 word116 word49 word287 word334 word346 word5 word351 word394 word361 word263 word8 word245 word323 word285 word288 word259 word277 word162 word303,neutra,neutra
word181 word316 word275 word115 word258 word312 word452 word291 word83 word494 word290 word144 word378 word193 word186 word420 word434 word262 word187 word432 word87 word374 word293 word428 word211 word417 word8 word380 word35 word322 word98 word482 word385 word53 word447 word126 word273 word43 word53 word121 word268 word272 word428 word83 word375 word3 word146 word88 word62 word293 word451 word334 word428 word296 word27 word173 word412 word23 word49 word417 word32 word480 word380 word333 word269 word45 word208 word404 word452 word224 word420 word389 word29 word311 word309,negativa,negativa
word21 word291 word231 word481 word262 word466 word108 word224 word70 word288 word95 word247 word173 word93 word49 word257 word474 word100 word203 word113 word405 word208 word488 word123 word41 word292 word326 word496 word436 word443 word318,negativa,negativa
word478 word317 word68 word201 word85 word380 word499 word386 word123 word349 word11 word137 word152 word235 word161 word217 word5 word409 word198 word405 word29 word434 word314 word116 word377 word375 word364 word436 word477 word84 word142 word20 word34 word53 word346 word304 word18 word211 word56 word98 word28 word265 word41 word393 word467 word428 word412 word376 word456 word443 word109 word303 word154 word419 word6 word209 word190 word427 word148 word448 word249 word344 word266 word216 word153 word141 word321 word163 word433 word67 word108 word24 word432,positiva,positiva
word394 word358 word29 word33 word426 word142 word431 word250 word172 word137 word330 word55 word202 word173 word78 word177 word265 word339 word44 word437 word440 word346 word463 word214 word411,negativa,negativa
word51 word353 word7 word458 word178 word11 word418 word484 word460 word243 word31 word114 word16 word23 word80 word282 word384 word293 word103 word301 word116 word231 word445 word68 word438 word136 word336 word131 word83 word226 word191 word254 word119 word490 word336 word421 word390 word363 word72 word295 word449 word49 word232 word93 word398 word466 word26 word401 word181 word482 word8 word96 word360 word390 word40 word81 word170 word18 word391 word335 word375 word235 word321 word287 word348 word226 word326 word323 word321 word437 word175 word440 word15 word244 word221 word435 word23 word109 word235 word408 word233 word320 word90 word472 word393 word22 word353 word65 word280 word355 word463 word36 word144 word346 word132 word357 word92 word82,neutra,neutra
word164 word198 word321 word155 word207 word145 word380 word77 word116 word125 word453 word473 word251 word79 word379 word247 word425 word180 word500 word404 word112 word363 word144 word175 word126 word342 word132 word320 word292 word376 word497 word5 word496 word55 word264,negativa,negativa
word186 word220 word114 word337 word497 word293 word139 word335 word220 word461 word133 word260 word249 word443 word56 word309 word405 word181 word253 word148 word210 word476 word182 word101 word290 word235 word390 word19 word452 word351 word421 word204 word223 word168 word417 word36 word265 word130 word320 word482 word338 word23 word200 word16 word244 word87 word347 word267 word154 word429 word374 word314 word178 word137 word293 word396 word419 word389 word12 word493 word121 word6,positiva,positiva
word38 word184 word102 word494 word455 word54 word287 word4 word229 word78 word374 word37 word452 word116 word132 word443 word451 word48 word55 word427 word489 word245 word83 word77 word134 word343 word49 word321 word402 word72 word493 word494 word149 word57 word163 word130 word140 word463 word78 word159 word394 word29 word31 word151 word484 word420 word464 word432 word60 word201 word265 word84 word497 word302 word427 word130 word358,neutra,neutra
word78 word277 word339 word312 word63 word21 word240 word359 word194 word344 word484 word445 word316 word365 word45 word43 word351 word401 word98 word297 word144 word55 word190 word224 word389 word433 word473 word53 word463 word259 word86 word324 word31 word231 word415 word486 word145 word88 word292 word79 word490 word164 word94 word120 word188 word371 word434 word369 word325 word136 word469 word500 word316 word392 word152 word224 word403 word213 word380 word430 word467 word146 word239 word193 word252 word372 word162 word117 word135 word384,positiva,positiva
word374 word205 word99 word62 word403 word261 word258 word61 word394 word132 word300 word176 word114 word82 word408 word48 word2 word154 word445 word352 word410 word103 word486 word59 word18 word239 word219 word146 word85 word161 word187 word301 word180 word123 word299 word292 word219 word56 word483 word260 word139 word363 word210 word83 word351 word47 word139 word332 word362 word496 word355 word116 word357 word376 word338 word374 word409 word285 word498 word323 word28 word87 word249 word218 word407 word337 word1 word228,positiva,positiva
word394 word236 word93 word86 word282 word160 word51 word214 word327 word160 word478 word390 word257 word468 word217 word70 word18 word470 word480 word370 word52 word147 word21 word26 word124 word287 word33 word493 word228 word132 word259 word396 word157 word24 word26 word426 word56 word318 word193 word389 word31,negativa,negativa
word391 word284 word25 word187 word458 word106 word237 word419 word146 word341 word393 word163 word448 word224 word149 word113 word134 word282 word113 word180 word356 word438 word340 word265 word349 word206 word136 word375 word68 word453 word215 word409 word50 word248 word211 word179 word256 word332 word471 word409 word116 word490 word250 word229 word6 word335 word444 word147 word434 word44 word484 word127 word241 word8 word450 word255,positiva,positiva
word451 word341 word95 word261 word55 word402 word99 word304 word40 word79 word491 word193 word62 word350 word101 word295 word405 word342 word124 word119 word112 word316 word337 word261,neutra,neutra
word164 word180 word63 word109 word64 word49 word11 word148 word378 word432 word114 word212 word417 word354 word453 word211 word85 word72 word355 word14 word231 word177 word460 word500 word243 word291 word190 word389 word148 word373 word452 word86 word114 word190 word414 word321 word98 word185 word322 word483 word226 word38 word53 word15 word63 word207 word141 word151 word384 word239 word365 word271 word103 word475 word239 word419 word49 word425 word358 word125 word397 word372 word447 word105 word443 word382 word169 word176 word128 word239 word449 word419 word74 word66 word30 word308 word158 word381 word381 word99 word348 word383 word494 word362 word180,neutra,neutra
word191 word246 word175 word440 word141 word341 word181 word497 word459 word393 word383 word322 word294 word282 word14 word469 word491 word264 word436 word202 word57 word418 word255 word471 word107 word240 word334 word69 word499 word305 word86 word371 word440 word187 word305 word374,neutra,neutra
word37 word301 word460 word344 word133 word324 word125 word438 word423 word285 word68 word201 word61 word384 word341 word130 word429 word380 word469 word140 word88 word241 word133 word370 word213 word314 word86 word43 word469 word224 word70 word406 word67 word499 word194 word234 word130 word43 word205 word184 word225 word245 word316 word37 word182 word433 word476 word270 word184 word209 word392 word199 word473 word15 word303 word260 word226 word238 word80 word173 word177 word330 word300 word206 word259 word286 word24 word443 word447,positiva,positiva
word83 word205 word463 word179 word401 word345 word399 word287 word186 word129 word141 word264 word203 word203 word185 word461 word322 word447 word465 word309 word46 word483 word240 word188 word207 word44 word333 word24 word361 word417 word212 word192 word337 word431 word48 word230 word162 word6 word5 word265 word382 word298 word125 word226,positiva,positiva
word15 word283 word334 word180 word154 word415 word225 word133 word188 word247 word130 word281 word431 word372 word116 word236 word272 word341 word379 word243 word158 word330 word63 word338 word449 word355 word217 word412 word267 word271 word427 word97 word390 word340 word265 word39 word383 word110 word448 word397 word182 word218 word13 word250 word29 word494 word321 word118 word402 word10 word275 word56 word28 word123 word148 word363 word446 word388 word370 word283 word186 word128 word473 word261,neutra,neutra
word120 word155 word252 word337 word253 word253 word292 word429 word198 word417 word394 word481 word457 word400 word124 word388 word369 word145 word339 word127 word262 word399 word95 word169 word398 word227 word481 word4 word361 word408 word459 word79 word493 word197 word177 word178 word320 word330 word237 word36 word494 word112 word47 word299 word207 word308 word438 word49 word143 word259 word394 word301 word192 word306 word490 word241 word442 word390 word151 word125 word386 word104 word169 word118 word304 word148 word330 word468 word415 word474 word13 word228 word111 word459 word356 word161 word282 word303 word248 word238 word28 word227 word175 word410 word433 word376 word16 word421 word199 word209 word473 word434 word26 word180 word375 word270 word129 word263 word434,negativa,negativa
word418 word220 word276 word433 word419 word411 word99 word373 word498 word4 word435 word433 word421 word199 word100 word366 word312 word364 word128 word89 word451 word258 word426 word464 word230 word132,neutra,neutra
word126 word448 word4 word332 word78 word339 word490 word334 word217 word412 word98 word272 word483 word178 word14 word221 word243 word406 word403 word171 word387 word72 word95 word303 word354 word404 word312 word64 word338 word215 word134 word170 word406 word89 word280 word42 word363 word75 word470 word442 word428 word175 word392 word68 word145 word67 word28 word184 word288 word432 word18 word204 word358 word101 word369 word286 word282 word63 word85 word439 word438 word227 word298 word271 word258 word357 word284 word63 word42 word426 word371 word100 word31 word110 word290 word292 word85 word89 word104 word222 word117 word229 word8,neutra,neutra
word101 word149 word305 word430 word145 word234 word341 word213 word386 word258 word441 word304 word460 word430 word121 word449 word65 word142 word25 word53 word361 word56 word94 word205 word401 word406 word483 word28 word74 word200 word142 word49 word263 word235 word216 word12 word213 word230 word109 word398 word445 word465 word341 word339 word77 word198 word3 word280 word382 word335 word8 word279 word441 word52 word265 word126 word466 word276 word386 word263 word448 word144 word372 word215 word289 word343 word87 word434 word364 word205 word297 word332 word228 word318 word280 word390 word117 word3 word203 word413 word63 word431 word205 word105 word234 word406 word429 word307 word264 word404,positiva,positiva
word177 word18 word339 word336 word111 word438 word297 word158 word98 word215 word481 word2 word11 word207 word460 word141 word374 word288 word100 word455 word82 word254 word332 word338 word428 word353 word329 word77 word154 word174 word186 word57,neutra,neutra
word319 word145 word481 word355 word215 word68 word487 word378 word334 word417 word304 word117 word119 word40 word32 word365 word426 word82 word287 word62 word208 word396 word406 word475 word156 word475 word392 word170 word164 word54 word461 word102 word134 word207 word69 word403 word350 word79 word82 word11 word475 word218 word328 word75 word116 word271 word105 word307 word462 word153 word304 word458 word447 word4 word56 word494 word463 word161 word261 word287 word335 word376 word187 word445 word30 word17 word479 word89 word498 word143 word183 word14 word472 word180 word84 word242 word78 word395 word37 word250 word196 word19 word27 word260 word198 word65 word70 word403,negativa,negativa
word163 word12 word359 word8 word25 word80 word164 word10 word315 word67 word402 word280 word42 word201 word71 word491 word297 word405 word188 word74 word118 word209 word386 word216 word465 word182 word117 word248 word56,neutra,neutra
word187 word30 word340 word82 word308 word18 word84 word319 word337 word77 word94 word430 word3 word116 word486 word274 word14 word447 word171 word358 word319 word184 word186 word276 word191 word88 word362 word338 word302 word371 word260 word465 word444 word491 word55 word51 word235 word347 word120 word58 word19 word278 word490 word233 word368 word26 word109 word341 word202 word14 word114 word397 word343 word405 word176 word465 word460 word184 word104 word481 word175 word249 word466 word135 word443 word81 word147 word195 word242 word122 word442 word333 word336 word366 word319 word322 word331 word361 word461 word99 word259 word93 word91 word475 word237 word353 word365 word16 word247 word91 word157 word95 word334 word67 word226 word153 word482 word395,positiva,positiva
word352 word251 word496 word20 word75 word125 word392 word39 word62 word367 word210 word353 word184 word45 word299 word55 word240 word441 word92 word101 word475 word152 word187 word343 word65 word31 word422 word474 word494 word12 word265 word425 word423 word181 word246 word76 word70 word189 word116 word487 word41 word265 word279 word30 word221 word471 word55 word72 word83 word28 word443 word23 word141 word414 word498 word77 word181 word90 word97 word473 word169 word306 word79 word143 word181 word294 word451 word122,positiva,positiva
word399 word183 word375 word246 word122 word132 word71 word415 word215 word391 word415 word84 word166 word63 word5 word494 word331 word226 word101 word296 word272 word112 word8 word235 word255,neutra,neutra
word349 word112 word352 word256 word472 word153 word132 word30 word394 word493 word345 word185 word440 word127 word347 word299 word427 word486 word180 word48 word79 word370 word182 word70 word408 word325 word66 word357 word319 word493 word494 word488 word448 word397 word336 word273 word397 word483 word59 word69 word250 word147 word266 word156 word392 word450 word142 word387 word54 word399 word350 word356 word247 word54 word422 word55 word241 word88 word424 word288 word254 word159 word392 word106 word361 word485 word134 word344 word155 word465 word450 word157 word116 word42 word349 word460 word73 word409 word378 word236 word112 word327 word298 word406 word283 word25,neutra,neutra
word30 word116 word76 word398 word459 word312 word380 word381 word439 word49 word499 word230 word272 word399 word247 word133 word10 word85 word43 word191 word390 word167 word299 word93 word296 word477 word158 word242 word482 word305 word200 word61,neutra,neutra
word209 word419 word461 word495 word480 word278 word101 word420 word401 word496 word326 word71 word252 word225 word422 word197 word165 word41 word418 word378 word21 word217 word240 word235 word460 word76 word154 word91 word123 word454 word471 word23 word317,negativa,negativa
word82 word227 word451 word114 word491 word332 word192 word340 word175 word106 word118 word5 word325 word38 word100 word1 word33 word453 word12 word311 word164 word70 word150 word47 word157 word409 word311 word406 word349 word464 word55 word80 word206 word262 word392 word61 word56 word398 word275 word207 word112 word348,positiva,positiva
word2 word259 word272 word121 word150 word354 word277 word290 word468 word203 word435 word488 word289 word106 word210 word24 word350 word137 word462 word327 word245 word94 word50 word337 word384 word134 word6 word160 word383 word291 word43 word58 word54 word380 word391 word204 word345 word11 word281 word137 word411 word245 word426 word282 word229 word474 word499 word228 word179 word324 word86 word194 word423 word449 word208 word196 word438 word102 word31 word37 word56 word440 word21 word167 word302 word305 word416 word491 word202 word117 word46 word446 word187 word450 word175 word379,neutra,neutra
word167 word7 word217 word464 word400 word30 word27 word379 word361 word279 word45 word141 word424 word70 word101 word227 word368 word415 word296 word247 word193 word22 word134 word108 word29 word373 word177 word255 word101 word296 word68 word339 word370 word156 word107 word391 word112 word90 word171 word484 word232 word132 word257 word175 word333 word220 word295 word219 word241 word224 word197 word482 word133 word403 word355 word264 word159 word242 word425 word91 word294 word383 word317 word73 word255 word92 word465 word176 word211 word429 word214 word97 word447 word324 word303 word38 word225 word230 word132 word283 word123 word236 word401 word368 word140 word104 word3 word173 word10 word65 word490 word428 word280 word388 word245,neutra,neutra
word15 word182 word70 word262 word298 word322 word400 word376 word475 word225 word88 word78 word138 word302 word28 word478 word495 word83 word391 word299 word241 word368 word288 word162 word282 word68 word128 word487 word93 word300 word149 word233 word124 word285 word279 word309 word155 word290 word365 word360 word284 word150 word267 word269 word476 word189 word162 word375 word318 word214 word1 word353 word369 word466 word252 word258 word105 word230 word1 word251 word354 word393 word332 word403 word333 word390 word219 word302 word320 word287 word286 word391 word120 word159 word260 word323 word258 word100 word412 word273 word217 word440 word219 word81 word493 word192 word448 word259 word122 word189 word456 word473 word69 word494 word427 word324,neutra,neutra
word294 word476 word281 word223 word88 word440 word53 word467 word112 word70 word175 word3 word8 word94 word347 word408 word124 word323 word176 word217 word168 word446 word256,neutra,neutra
word402 word117 word394 word334 word26 word176 word152 word444 word461 word410 word265 word247 word156 word387 word44 word136 word68 word248 word150 word99 word189 word431 word280 word412 word457 word452 word176 word439 word455 word480 word176 word115 word293 word466 word451 word286 word75 word212 word358 word281 word173 word172 word30 word145 word335 word121 word497 word42 word295 word249 word417 word444 word272 word316 word350 word261 word93 word215 word121 word233 word308 word105 word125 word412 word189 word100 word357 word359 word414,negativa,negativa
word108 word474 word430 word329 word190 word100 word426 word393 word121 word295 word310 word239 word464 word63 word129 word48 word347 word323 word494 word272 word76 word226 word45 word336 word338 word429 word170,negativa,negativa
word485 word2 word357 word377 word82 word18 word19 word65 word76 word484 word101 word403 word31 word328 word227 word271 word392 word105 word3 word111,positiva,negativa
word135 word488 word252 word99 word252 word40 word158 word477 word150 word447 word272 word328 word352 word276 word18 word460 word238 word328 word277 word330 word178 word422 word113 word327 word289 word252 word11 word195 word24 word252 word344 word262,negativa,negativa
word399 word88 word489 word137 word196 word97 word75 word128 word68 word367 word299 word196 word274 word303 word93 word149 word442 word7 word479 word483 word127 word161 word104 word281 word107 word396 word194 word484 word427 word201 word298 word13 word34 word254 word237 word200 word46 word420 word204 word236 word202 word249 word325 word382 word275 word83 word438 word143 word9 word20 word387 word194 word12 word406 word153 word489 word440 word25 word346 word302 word86 word172 word246 word74 word361 word139 word469 word401 word318 word60 word13 word73 word250 word391 word77 word354 word24 word133 word300 word415 word389 word267,negativa,negativa
word319 word355 word56 word156 word442 word500 word87 word366 word251 word296 word256 word434 word223 word295 word335 word277 word440 word119 word475 word340 word481 word188 word240 word22 word462 word409 word149 word26 word349 word337 word264 word79 word460 word217 word363,neutra,neutra
word196 word234 word382 word418 word151 word165 word105 word201 word273 word357 word134 word109 word17 word47 word26 word104 word348 word388 word487 word273 word228 word450 word74 word316 word410 word252 word131 word311 word498 word118 word282 word26 word117 word384 word249 word100 word168 word61 word390 word472 word53 word119 word429 word440 word384 word358 word431 word187 word448 word444 word115 word37 word261 word380 word425 word72 word189 word384 word31 word362 word146 word12 word121,neutra,neutra
word336 word385 word111 word491 word460 word220 word102 word188 word195 word487 word145 word472 word116 word464 word466 word305 word54 word309 word456 word464 word229 word240 word193 word107 word327 word493 word134 word422 word48 word29 word451 word57 word207 word442 word175 word151 word21 word349 word161 word59 word238 word86 word425 word374 word490 word490 word419 word252 word86 word22 word46 word118 word442 word107 word47 word468 word218 word210 word151 word474 word175 word430 word497 word226 word351 word13 word391 word487 word98 word6 word22 word429 word122 word207 word169,positiva,positiva
word152 word311 word453 word128 word206 word415 word433 word118 word255 word167 word259 word190 word3 word463 word319 word231 word54 word36 word240 word325 word131 word373 word197 word6 word269 word91 word8 word66 word143 word258 word495 word110 word29 word96 word160 word103 word161 word485 word190 word318 word343 word66 word124 word208 word231 word7 word323 word151 word162 word302 word475 word433 word490 word207 word60 word108 word172 word151 word104 word76 word94 word330 word246 word19 word282 word422 word213 word160 word137 word190 word140 word463 word497 word172 word462 word427 word38 word246 word329 word212 word229 word248 word345 word147 word299 word122 word445 word43 word34,negativa,negativa
word309 word84 word86 word65 word283 word4 word287 word238 word233 word340 word262 word364 word382 word461 word400 word259 word247 word118 word300 word70 word466 word423 word60 word393 word59 word361 word44 word245 word329 word365 word210 word461 word388 word105 word336 word366 word167 word370 word450 word409 word382 word318 word136 word398 word183 word267 word158 word157 word79 word481 word74 word44 word469 word278 word219 word369 word192 word64 word365 word88 word277 word475,negativa,negativa
word369 word98 word285 word440 word32 word75 word407 word10 word343 word251 word174 word432 word425 word163 word3 word65 word54 word492 word299 word339 word116 word426 word362 word377 word235 word350 word273 word193 word298 word163 word477 word359,negativa,negativa
word430 word329 word75 word95 word171 word49 word347 word248 word23 word201 word415 word454 word481 word462 word304 word464 word479 word318 word207 word484 word208 word84 word54 word284 word18 word60 word123 word265 word240 word256 word254 word498 word109 word238 word307 word137 word91 word24 word164 word128 word98 word136 word349 word414 word259 word34 word369 word76 word29 word285 word213 word156 word484 word46 word27 word294 word210 word401 word21 word210 word74,neutra,neutra
word89 word184 word176 word254 word237 word98 word118 word98 word28 word326 word236 word55 word166 word334 word143 word201 word372 word336 word351 word191 word242 word424 word437 word28 word420 word447 word472 word135 word251 word22 word55 word282 word104 word113 word149 word230 word77 word402 word335 word396 word464 word301 word181 word489 word283 word232 word209 word20 word478 word410 word350 word111 word465 word89 word121 word36 word145 word164 word398 word164 word478 word152 word263 word297 word415 word376 word434 word469 word59 word48 word225 word76 word247 word295 word139 word50 word483 word186 word420 word313,neutra,neutra
word206 word296 word350 word300 word6 word451 word138 word326 word284 word61 word438 word42 word477 word461 word290 word478 word428 word450 word400 word465 word387 word441 word56 word214 word240 word455 word244 word220 word394 word326 word294 word457 word410 word356 word479 word25 word278 word16 word396 word64 word281 word392 word313 word30 word239 word390 word480 word450 word409 word154 word376 word84 word165 word142 word243 word438 word432 word447 word469 word15 word499 word439 word368 word41 word366 word338 word47 word101 word376 word84 word174 word305 word433 word143 word6,positiva,neutra
word133 word398 word305 word221 word315 word139 word312 word238 word161 word488 word32 word379 word106 word112 word78 word52 word62 word417 word464 word293 word7 word433 word301 word261 word474 word205 word181 word390 word264 word359 word348 word420 word159 word37 word239 word324 word409 word134 word373 word417 word405 word405 word494 word331 word186 word219 word374 word119 word302 word287 word334 word211 word370 word36 word375 word406 word443 word462 word175 word24 word327 word46 word141 word352 word298 word304 word376 word83 word396 word294 word211 word232 word255 word276 word167 word112 word85,negativa,negativa
word157 word405 word438 word94 word495 word316 word132 word101 word83 word236 word36 word66 word377 word245 word265 word163 word279 word172 word23 word285 word41 word345 word458 word334 word289 word483 word110 word387 word104 word1 word121 word252 word32 word140 word25 word122 word360 word77 word132 word68 word193 word381 word269 word101 word161 word336 word240 word230 word433 word410 word123 word353 word396 word450 word132 word364 word94 word223 word37 word302 word343 word224,positiva,positiva
word257 word346 word327 word331 word107 word344 word90 word11 word489 word90 word57 word152 word500 word433 word360 word95 word315 word417 word170 word130 word434 word66 word456 word240 word361 word187 word355 word463 word247 word107 word39 word463 word500 word326 word8 word443 word248 word117 word184 word471 word389 word299 word368 word424 word315 word157 word38 word62 word119 word385 word48 word64 word490 word201 word64 word437 word484 word253 word57 word314 word432 word483 word288 word473 word416,negativa,positiva
word197 word49 word441 word207 word361 word22 word19 word12 word395 word121 word396 word473 word332 word493 word465 word362 word402 word302 word110 word52 word191 word238 word175 word52 word253 word250 word477 word478 word308 word426 word157 word485 word471 word63 word351 word229 word134 word206 word454 word463 word173 word231 word259 word367 word240 word198 word462 word187 word133 word164 word167 word278 word331 word68 word444 word127 word58 word335 word105 word376 word475 word347 word389 word248 word174 word307 word179 word439 word235 word250 word337 word95 word281 word377 word389 word113 word28 word98 word410 word133 word30 word299 word441 word113,neutra,neutra
word89 word27 word28 word313 word374 word398 word401 word197 word1 word123 word394 word382 word254 word12 word389 word408 word114 word403 word320 word444 word314 word45 word324 word54 word130 word437 word485 word238 word146 word197 word122 word287 word211 word30 word306 word322 word334 word473 word353 word338 word106 word233 word218 word481 word238 word345 word271 word29 word468 word336 word116 word30 word469 word154 word9 word308 word9 word108 word447 word20 word377 word309 word153,neutra,neutra
word34 word447 word300 word242 word460 word194 word200 word205 word326 word424 word272 word141 word445 word300 word417 word217 word100 word473 word339 word154 word424 word5 word466 word290 word295 word7 word88 word361 word280 word64 word333 word374 word137 word345 word487 word242 word115 word481 word456 word229 word213 word417 word1 word157 word272 word328 word315 word186 word435 word325 word271 word470 word48 word355 word464 word331 word283 word183 word136 word273 word450 word232 word61 word242 word49 word469 word268 word107 word313 word269 word256 word296 word465 word429 word132 word120 word496 word323 word10 word265 word60 word15 word93 word128,neutra,neutra
word193 word47 word82 word448 word441 word246 word436 word112 word201 word57 word273 word350 word481 word378 word333 word337 word315 word210 word251 word87 word11 word395 word249 word436 word61 word196 word129 word421 word189 word318 word43 word264 word221 word306 word293 word54 word26 word63 word109 word364 word135 word485 word44 word254 word358 word28 word258 word35 word395 word234 word433 word329 word159 word78 word80 word17 word151 word365 word178 word74 word41 word220 word105 word368 word169 word63 word137 word222 word19 word56 word481 word174 word375 word457 word57 word344 word417 word12 word156 word68 word16 word147 word92 word448 word119 word374 word26 word309 word348 word77 word216 word465 word308 word405 word213 word120 word235 word203 word492 word215,positiva,positiva
word410 word449 word134 word55 word388 word344 word166 word297 word95 word351 word364 word150 word235 word168 word16 word64 word480 word229 word74 word23 word177 word492 word193 word500 word245 word382 word393 word15 word4 word462 word467 word67 word323 word462 word476 word149 word409 word324 word464 word74 word301 word13 word179 word6 word222 word406 word330 word159 word214 word184 word366 word134 word46 word254 word415 word239 word103 word24 word472 word381,negativa,negativa
word2 word307 word226 word342 word342 word268 word292 word14 word491 word39 word489 word487 word359 word374 word15 word475 word265 word170 word335 word268 word181 word161 word60 word455 word333 word144 word362 word347 word70 word88 word116 word53 word412 word78 word406 word265 word59 word423 word87 word500 word8 word312 word157 word267 word420 word394 word141 word32 word142 word405 word258 word380 word248 word265 word33 word12 word352 word102 word181 word185 word317 word471 word379 word320 word418 word256 word73 word245 word489,positiva,positiva
word497 word57 word406 word208 word28 word307 word365 word420 word90 word309 word285 word222 word447 word212 word191 word263 word465 word434 word355 word41 word151 word8 word48 word416 word408 word52 word230 word140 word37 word191 word52 word369,neutra,neutra
word49 word69 word137 word185 word488 word352 word358 word347 word402 word160 word50 word255 word1 word109 word377 word252 word346 word256 word272 word151 word110 word130 word400 word490 word41 word269 word236 word282 word117 word4 word102 word91 word27 word179 word342 word483 word329 word88 word182 word152 word107 word496,neutra,neutra
word335 word489 word243 word50 word38 word417 word175 word149 word51 word332 word32 word453 word105 word35 word351 word178 word349 word20 word431 word155 word379 word468 word268 word168 word157 word344 word3 word74 word324 word13,neutra,neutra
word280 word74 word341 word129 word283 word269 word317 word380 word281 word427 word130 word376 word172 word315 word246 word454 word136 word260 word83 word317 word19 word206 word5 word164 word243 word166 word193 word75 word358 word399 word228,neutra,neutra
word349 word312 word280 word154 word54 word216 word130 word278 word399 word277 word292 word21 word323 word220 word62 word107 word391 word459 word254 word489 word91 word150 word466 word88 word330 word110 word166 word239 word180 word438 word487 word251 word263 word28 word118 word20 word429 word114 word171 word422 word357 word311 word20 word282 word281 word160 word373 word465 word130 word166 word162 word418 word39 word448 word388 word242 word292 word448 word385 word139,negativa,negativa
word232 word288 word187 word170 word334 word4 word218 word186 word390 word365 word213 word132 word118 word106 word137 word381 word23 word14 word270 word112 word416 word377 word385 word229 word219 word213 word99 word284 word432 word129 word29 word283 word200 word399 word429 word476 word197 word451 word59 word187 word133 word462 word301 word183 word77 word392 word328 word427 word220 word75 word168 word311 word121 word36 word412 word266 word199 word277 word370 word1 word221 word128 word46 word18 word221 word272 word254 word392 word229 word295 word409 word329 word456,negativa,negativa
word364 word308 word84 word346 word307 word224 word294 word106 word311 word77 word144 word248 word82 word457 word444 word238 word285 word146 word107 word481 word207 word477 word34 word54 word238 word391 word212 word420 word67 word429 word223 word143 word320 word390 word465 word44 word352 word158 word252 word231 word386 word200 word140 word244 word335 word424 word3 word285 word37 word310 word313 word428 word97 word398 word345 word333 word319 word275 word32 word407 word197 word53 word307 word474 word357 word123 word409 word424 word166 word262 word419 word79 word178 word229 word4 word84 word306 word132 word121 word149 word63 word319 word130 word326 word414 word240 word458 word99 word481,positiva,positiva
word294 word186 word188 word423 word106 word208 word334 word29 word339 word417 word222 word292 word244 word333 word26 word309 word229 word18 word401 word76 word296 word426 word461 word315 word359 word293 word389 word488 word230 word207 word87 word490 word457 word354 word330 word103 word455 word29 word309 word127 word228 word48 word68 word189 word199 word441 word299 word16 word466 word306 word415 word463 word257 word90 word224 word344 word17 word474 word176 word330 word491 word433 word371 word150 word263 word251 word432 word20 word12 word60,positiva,positiva
word454 word478 word61 word120 word492 word253 word417 word8 word59 word103 word44 word446 word402 word196 word40 word54 word132 word364 word401 word270 word454 word465 word384 word40 word445 word455 word280 word300 word390 word297 word173 word349 word393 word71 word340 word87 word288 word54 word497 word334 word235 word252 word310 word63 word255 word358 word131 word240 word166 word81 word490 word297 word197 word170 word340 word55 word284 word116 word445 word393 word379 word73 word41 word230 word178 word363 word356 word199 word81 word163 word252 word127 word159 word121 word33 word301 word499 word476,positiva,positiva
word98 word451 word262 word404 word416 word35 word342 word168 word454 word110 word17 word333 word277 word278 word132 word248 word483 word382 word493 word167 word436 word192 word468 word433 word83 word487 word304 word389 word290 word109 word493 word57 word405 word105 word393 word212 word119 word119 word160 word451 word385 word336 word315 word209 word451 word137,neutra,neutra
word197 word122 word322 word431 word20 word391 word459 word498 word331 word157 word73 word473 word207 word172 word367 word358 word405 word442 word439 word86 word85 word103 word314 word291 word429 word422 word407 word40,neutra,neutra
word445 word29 word273 word427 word368 word118 word236 word275 word384 word214 word143 word398 word444 word245 word15 word251 word445 word495 word201 word76 word287,negativa,negativa
word71 word411 word212 word129 word365 word373 word78 word37 word23 word383 word313 word397 word314 word201 word295 word362 word200 word458 word450 word401 word497 word196 word58 word243 word373 word390 word195 word147 word223 word402 word31 word165 word115 word403 word235 word44 word131 word23 word238 word499 word284 word435 word372 word442 word156 word476 word120 word220 word341 word144 word133,negativa,negativa
word459 word40 word176 word60 word398 word412 word361 word305 word239 word12 word388 word447 word483 word171 word101 word327 word9 word31 word411 word479 word202 word254 word273 word70 word112 word150 word421 word220 word361 word98 word477 word442 word238 word113 word489 word405 word256 word134 word311 word186 word338 word417 word245 word25 word282 word430 word112 word480 word182 word343 word351 word92 word20 word475 word351 word316 word152 word55 word136 word274 word347 word160 word108 word125 word481 word316 word496 word4,neutra,neutra
word457 word440 word253 word473 word99 word21 word202 word103 word479 word58 word268 word387 word56 word23 word277 word452 word9 word11 word463 word302 word351 word138 word157 word236 word108 word221 word477 word375 word435 word249 word394 word211 word309 word366 word413 word463 word53 word397 word355 word369 word8 word244 word481 word451 word116 word244 word432 word466 word166 word402 word418 word76 word16 word24 word73 word371 word195 word343 word45 word302 word373 word489 word160 word273 word242 word174 word320 word283 word417 word15,neutra,neutra
word209 word203 word301 word96 word305 word492 word323 word36 word349 word17 word52 word143 word153 word2 word9 word395 word228 word100 word215 word347 word368 word145 word84 word480 word316 word492 word154 word56 word191 word164 word360 word359 word36 word294 word172 word308 word196 word269 word358 word147 word100 word353 word474 word223 word499 word93 word410 word495 word150 word74 word332 word435 word42 word321 word436 word17 word258 word39 word89 word244 word164 word43 word401 word102 word436 word89 word260 word364 word241 word209 word376 word6 word414 word345 word383 word211 word193 word286 word321 word463 word429 word27 word76 word474 word195 word291 word29 word53 word205 word359 word387 word448,neutra,neutra
word232 word177 word311 word361 word365 word290 word273 word246 word119 word244 word6 word484 word186 word379 word479 word249 word431 word240 word67 word14 word68 word472 word238 word160 word224 word128 word436 word500 word43 word360 word168 word24 word462 word31 word103 word13 word236 word300 word161 word36 word59 word467 word403 word469 word266 word274 word393 word309 word219 word146 word243 word32 word97 word369 word435,negativa,negativa
word3 word251 word494 word111 word221 word468 word387 word3 word251 word72 word124 word124 word307 word100 word126 word113 word179 word329 word200 word164 word259 word308 word8 word446 word459 word302 word288 word348 word221 word183,negativa,negativa
word495 word447 word286 word227 word381 word354 word241 word414 word97 word139 word9 word60 word100 word313 word428 word296 word223 word136 word51 word293 word71 word396 word205 word176 word14 word122 word7 word363 word245 word393 word283 word478 word392 word74 word59 word445 word135 word383 word315,neutra,neutra
word353 word263 word304 word305 word151 word312 word111 word380 word46 word71 word352 word29 word486 word16 word263 word493 word337 word317 word347 word354,positiva,positiva
word492 word408 word174 word139 word1 word497 word367 word469 word394 word216 word73 word24 word397 word152 word190 word419 word241 word476 word274 word416 word63 word199 word92 word29 word496 word259 word177 word189 word121 word62 word457 word53 word193 word77 word465 word103 word197 word377 word286 word191 word282 word219 word145 word300 word183 word481 word232 word379 word118 word323 word280 word372 word231 word360 word30 word346 word377 word249 word18 word284 word391 word231 word48 word198 word498 word136 word265 word178 word357 word215 word193 word290 word286 word250 word130 word54 word346 word170 word307 word189 word427 word354 word202 word167 word375 word4 word29 word43 word173,neutra,neutra
word246 word208 word358 word448 word317 word68 word334 word163 word25 word97 word500 word214 word101 word67 word326 word381 word177 word52 word178 word333 word57 word134 word2 word237 word86 word100 word57 word366 word245 word475 word198 word111 word103 word477 word295 word163 word328 word279 word58 word351 word60 word100,neutra,neutra
word349 word258 word298 word289 word104 word457 word282 word360 word441 word463 word334 word394 word236 word369 word161 word356 word43 word458 word123 word329 word6 word78 word494 word417 word112 word66 word408 word496 word85 word332 word142 word373 word210 word63 word163 word270 word400 word11 word479 word325 word438 word466 word77 word47 word389 word94 word74,negativa,negativa
word193 word345 word473 word123 word388 word107 word371 word80 word153 word236 word245 word16 word423 word4 word441 word104 word356 word356 word229 word269 word37 word451 word60 word330 word1 word373 word180 word241 word12 word110 word218 word359 word299 word131 word298 word112 word278 word271 word114 word101 word260 word294 word490 word248 word223 word238 word438 word154 word191 word185 word312 word350 word241 word132 word345 word138 word449 word313 word221 word117 word379 word305 word442 word354 word395 word47 word13 word330 word1 word446 word442 word293 word365 word211 word480 word18 word147 word349 word394 word122 word401 word231 word429 word134,positiva,positiva
word248 word136 word262 word186 word306 word23 word96 word394 word191 word217 word272 word220 word380 word123 word380 word105 word186 word294 word443 word117 word294 word33 word38 word384 word360 word189 word312 word191 word139 word216 word156 word408 word206 word161 word269 word380 word137 word470 word232 word331 word479 word216 word100 word374 word4 word229 word490 word208 word343 word263 word108 word159 word262 word53 word208 word208 word418 word62 word422 word206 word326 word279 word150 word466 word113 word19 word376 word311 word446 word229 word9 word11,negativa,negativa
word287 word202 word306 word462 word275 word178 word435 word220 word303 word68 word254 word214 word62 word106 word352 word91 word67 word29 word14 word218 word245 word313 word287 word269 word500 word125 word357 word40 word425 word182 word174 word68 word255 word200 word488 word90,neutra,neutra
word135 word44 word129 word169 word107 word336 word127 word250 word280 word38 word85 word36 word346 word350 word65 word369 word406 word55 word59 word398 word155 word173 word295 word35 word219 word167 word412 word366 word144 word328 word202 word241 word368 word140 word290 word209 word326 word191 word468 word196 word55 word245 word120 word228 word461,positiva,negativa
word398 word484 word416 word25 word10 word299 word479 word150 word484 word426 word71 word248 word111 word40 word346 word108 word280 word337 word217 word40 word35 word190 word22 word436 word84 word15 word71 word349 word295 word338 word174 word161 word336 word57 word198 word52 word213 word485 word426 word339 word329 word188 word353 word417 word280 word52 word348 word64 word162 word99 word26 word382 word323 word205 word191 word322 word266 word117 word241 word389 word277 word401 word255 word207 word372 word105 word314 word316 word139 word129 word42 word75 word48 word308 word61 word257 word56 word392 word339 word147 word368 word113 word318 word321 word219 word351 word474 word207 word142 word222 word284 word62 word480,positiva,positiva
word196 word208 word176 word249 word175 word118 word194 word403 word59 word480 word205 word146 word223 word466 word405 word409 word111 word444 word354 word30 word214 word418 word267 word293 word188 word20 word443 word377 word136 word121 word260 word399 word44 word313 word424,positiva,positiva
word119 word464 word273 word290 word297 word111 word210 word476 word73 word476 word137 word148 word8 word332 word160 word230 word291 word318 word478 word278 word89 word352 word28 word422 word149 word362 word79 word204 word348 word311 word3 word18 word491 word265 word428 word37 word246 word289 word461,neutra,neutra
word27 word297 word88 word62 word29 word137 word366 word369 word400 word73 word55 word492 word461 word351 word420 word403 word289 word238 word490 word339 word442 word104 word112 word315 word478 word311 word222 word13 word78 word116 word101 word352 word343 word190 word494 word197 word223 word264 word287 word96 word151 word345 word423 word212 word58 word426 word292 word219 word294 word412 word1 word181 word471 word151 word488 word141 word234 word35 word363 word120 word425 word65 word59 word235 word43 word165 word345 word253 word280 word46 word340 word46 word286 word396 word364 word177 word78 word416 word108 word248 word119 word15 word209 word276 word380 word363 word416 word407 word201 word171 word302 word240 word148 word16 word238 word235 word471 word407 word135 word56,positiva,positiva
word357 word210 word481 word426 word423 word266 word260 word59 word327 word58 word271 word66 word238 word391 word155 word301 word130 word150 word92 word82 word187 word62 word446 word371 word111 word443 word183 word266 word350 word387 word4 word142 word169 word293 word437 word220 word232 word44 word264 word244 word319 word424 word284 word26 word409 word239 word244 word437 word295 word396 word441 word247,positiva,positiva
word50 word360 word304 word97 word34 word373 word121 word249 word31 word482 word275 word466 word81 word103 word306 word303 word396 word465 word411 word71 word155 word457 word275 word434 word282 word25 word237 word413 word328 word67 word106 word428 word490 word377 word50 word310 word415 word321 word298 word234 word123 word141 word373 word35 word43 word199 word388 word329 word295 word268 word56 word166 word40 word380 word376 word130 word147 word159 word445 word245 word382 word225 word350 word265 word140 word439 word355 word385 word475 word125 word46 word292 word164 word218 word118 word200 word197 word176 word372 word297,negativa,negativa
word477 word308 word319 word48 word311 word363 word291 word43 word262 word468 word362 word69 word480 word480 word85 word401 word204 word297 word223 word392 word499 word398 word466 word474 word46 word127 word361 word296 word26 word48,negativa,negativa
word346 word382 word343 word209 word306 word235 word315 word230 word198 word102 word194 word361 word436 word52 word92 word254 word352 word85 word163 word24 word27 word72 word365 word435 word250 word89 word461 word140 word78 word70 word177 word368 word199 word223 word171 word472 word342 word333 word219 word266 word443 word329 word407 word21 word430,neutra,neutra
word284 word426 word232 word82 word118 word408 word480 word31 word339 word242 word129 word256 word468 word99 word419 word45 word361 word38 word31 word19 word403 word287 word346 word78 word461 word405 word245 word450 word72 word147 word25 word83 word421 word205 word323 word441 word383 word200 word175 word55 word415 word493 word251 word250 word425 word172 word204 word447 word190 word464 word81 word249 word245 word154 word482 word242 word440 word110 word175 word240 word282 word115 word157 word312 word140 word380 word239 word485 word119 word422 word246 word44 word353,neutra,neutra
word95 word257 word144 word99 word483 word100 word48 word337 word434 word64 word354 word271 word416 word64 word488 word310 word422 word181 word472 word314 word64 word462 word398 word151 word273 word195 word272 word483 word450 word108 word486 word219 word353 word383 word242 word229 word229 word432 word194 word140 word181 word98 word196 word58 word45 word362 word39 word285 word390 word363 word224 word97 word466 word418 word307 word44 word18 word158 word79 word431 word103 word142 word488 word410 word110 word192 word258 word333 word469 word436 word489 word21 word119 word282 word25 word178 word77 word467 word32 word75 word98 word75 word285 word183,negativa,negativa
word215 word67 word216 word183 word18 word103 word268 word185 word497 word240 word480 word331 word21 word102 word353 word273 word151 word262 word452 word195 word23 word156 word468 word381 word419 word456 word59 word142 word30 word3 word418 word469 word78 word362 word268 word35 word458 word436 word284 word354 word199 word397 word223 word495 word32 word87 word485 word145 word156,negativa,negativa
word164 word87 word474 word245 word431 word143 word180 word172 word187 word219 word149 word408 word164 word221 word431 word219 word6 word1 word219 word325 word472 word66 word272 word145 word226 word222 word157 word10 word37 word262 word113 word164 word46 word25 word64 word189 word82 word116 word152 word146 word6 word59 word476 word334 word62 word142 word192 word453 word440 word386 word54 word246 word242 word319 word423 word161 word279 word132 word106 word157 word368 word219 word341 word346 word182 word478 word24 word449 word4 word192 word413 word343 word161 word443 word69 word336 word260 word104 word461 word383 word5 word44,neutra,neutra
word287 word373 word305 word104 word341 word372 word62 word83 word338 word60 word441 word55 word488 word336 word222 word135 word173 word375 word377 word105 word272 word497 word129 word347 word87 word418 word86 word149 word230 word186 word86 word321 word10 word492 word27 word167 word465 word78 word37 word372 word37 word450 word226 word435 word123,negativa,negativa
word32 word418 word331 word320 word52 word145 word152 word299 word394 word434 word262 word183 word205 word369 word160 word208 word394 word272 word234 word367 word145 word31 word395 word228 word163 word48 word464 word363 word138 word304 word233 word164 word156 word39 word488 word463 word436 word158 word499 word138 word413 word51 word156 word289 word484 word133 word217 word422 word237 word342 word210 word2,neutra,neutra
word92 word96 word424 word242 word125 word14 word110 word413 word2 word461 word388 word103 word370 word260 word174 word253 word4 word441 word393 word90 word50 word212 word231 word387 word421 word32 word123 word294 word190 word496 word331 word162 word337 word216 word232 word358 word217 word349 word210 word298 word244 word287 word174 word60 word129 word179 word159 word211 word239 word126 word192 word142 word293 word239 word316 word216 word499 word243 word308 word222 word368 word280 word50 word365 word381 word202 word255 word6 word434 word390 word486 word300 word116 word145 word465 word22 word336 word35 word370 word291 word237 word351 word178 word287 word401 word230 word11 word497 word271 word215 word37 word46,negativa,neutra
word84 word43 word273 word435 word36 word165 word377 word34 word85 word154 word404 word405 word355 word333 word14 word120 word461 word360 word121 word354 word363 word372 word491 word271 word30 word410 word8 word321 word399 word63 word399 word406 word327 word162 word101 word353 word79 word338 word85 word168 word254 word81 word398 word348 word9 word425 word359 word420 word301 word314 word192 word114 word118 word159 word146 word378 word263 word206 word363 word367 word468 word155 word122 word4 word80 word302 word405 word301 word496 word314 word442 word135 word162 word406 word331 word244 word478 word382 word148 word306 word199 word209 word403 word340 word7 word288 word324 word256 word150 word325 word474 word43 word302,neutra,neutra
word232 word189 word407 word419 word458 word232 word134 word436 word152 word377 word255 word294 word105 word125 word327 word130 word335 word496 word42 word463 word86 word70 word418 word103 word324 word54 word44 word101 word261 word146 word112 word419 word88 word48 word56 word442 word238 word486 word404 word141 word396 word229 word281 word265 word380 word103 word30 word366 word477 word290 word59 word57 word273 word448 word307 word152 word311 word79 word240 word491 word315 word52 word101 word30 word201 word119 word490 word160 word18 word217 word369 word343 word489 word183 word262 word280 word13 word3,positiva,positiva
word346 word116 word49 word34 word95 word271 word39 word402 word303 word149 word494 word330 word336 word87 word356 word280 word493 word239 word340 word171 word21 word64 word434 word370 word183,negativa,negativa
word14 word224 word482 word80 word76 word351 word256 word228 word125 word86 word369 word179 word389 word222 word199 word116 word330 word143 word455 word205 word408 word235 word208 word227 word221 word240 word444 word352 word18 word30 word12 word346 word103 word193 word414 word66 word77 word40 word143 word45 word315 word369 word93 word263 word152 word41 word234 word349 word115 word395 word497 word29 word82 word145 word425 word72 word236 word269 word65 word22 word60 word29 word251 word469 word177 word129 word118 word491 word480 word325 word232 word80 word465,neutra,neutra
word90 word10 word323 word217 word96 word67 word32 word321 word343 word316 word56 word21 word54 word376 word370 word148 word28 word160 word405 word72 word399 word232 word71 word467 word260 word336 word49 word186 word317 word323 word32 word303 word473 word394,negativa,negativa
word497 word225 word5 word488 word355 word166 word306 word307 word277 word481 word393 word130 word497 word482 word24 word149 word308 word440 word359 word288 word153 word49 word447 word267 word229 word490 word83 word127 word428 word143 word472 word429 word50 word229 word376 word245 word108 word23 word4 word90 word131 word151 word428 word255 word71 word42 word66 word157 word370 word25 word204 word224,neutra,neutra
word364 word341 word214 word77 word243 word86 word268 word451 word98 word59 word369 word13 word492 word388 word202 word182 word194 word199 word420 word400 word103 word90 word271 word326 word364 word157 word242 word53 word228 word344 word153 word160 word232 word434 word303 word460 word31 word425 word22 word162 word214,neutra,neutra
word90 word102 word184 word363 word296 word221 word249 word92 word369 word378 word275 word408 word403 word403 word52 word44 word220 word29 word9 word66 word61 word163 word166 word410 word451 word86 word191 word255 word137 word166 word336 word213 word352,positiva,positiva
word282 word187 word389 word410 word493 word219 word53 word243 word221 word104 word294 word208 word441 word24 word358 word301 word116 word177 word430 word183 word333 word257 word448 word331 word418 word452 word65 word417 word481 word19 word228 word128 word492 word176 word94 word48 word397 word30 word153 word278 word23 word88 word498 word229 word152 word435 word41 word133 word431 word377 word217 word491 word289 word373 word493 word253 word241 word332 word34 word215 word346 word190 word356 word202 word98 word74 word273 word97 word185 word260 word25 word211 word156 word157 word455 word463 word151 word441 word112 word174 word471 word51 word192 word403 word471 word475 word441 word483 word236 word162,positiva,positiva
word65 word414 word30 word454 word197 word147 word27 word466 word280 word304 word426 word255 word145 word390 word266 word120 word423 word407 word124 word325 word461 word400 word100 word428 word29 word309 word256 word19 word364 word149 word427 word440 word296 word314 word27 word446 word341 word193 word43 word253 word451 word432 word50 word382 word41 word189 word224 word12 word69 word441 word315 word394 word286 word225 word10 word274 word386 word103 word246 word207 word436 word82 word53 word106 word79 word424 word131 word182 word129 word408 word333 word237 word400 word36 word340 word181,positiva,positiva
word37 word65 word189 word406 word80 word410 word1 word370 word142 word481 word238 word136 word122 word414 word202 word177 word368 word269 word332 word223 word33 word3 word20 word288 word257 word374 word448 word88 word479 word466 word308 word266,negativa,negativa
word34 word254 word112 word239 word7 word361 word255 word182 word438 word323 word305 word74 word251 word351 word463 word303 word87 word339 word38 word157 word459 word401 word452 word177 word342 word351 word123 word472 word485 word56 word383 word224 word337 word278 word112 word48 word257 word419 word412 word138 word431 word178 word281 word163 word262 word265 word349 word236 word265 word326 word209 word263 word43 word435 word64 word437 word381 word474 word13 word109 word27 word209 word453 word384 word352 word425 word3 word394,neutra,neutra
word59 word209 word419 word248 word381 word188 word302 word494 word299 word399 word347 word48 word81 word305 word175 word243 word242 word397 word496 word499 word40 word373 word363 word433 word214 word252 word226 word187 word124 word322 word9 word375 word421 word114 word107 word252 word424 word57 word216 word109 word427 word441 word43 word73 word79 word406 word451 word187 word79 word332 word446 word456 word223 word391 word478 word413 word238 word131 word186 word181 word494 word367 word430 word389 word239 word396 word320 word371 word151 word116 word91 word145 word490 word472 word74 word277 word471 word378 word307 word300 word164 word463 word42 word435 word436 word131 word256 word443 word238 word151 word36 word221 word139 word426 word431 word163,positiva,positiva
word461 word404 word370 word479 word170 word465 word11 word417 word168 word147 word338 word88 word497 word364 word10 word423 word54 word412 word407 word322 word301 word415 word426 word354 word86 word333 word101 word24 word76 word231 word482 word17 word38 word47 word96 word271 word411 word24 word403 word457 word40 word226 word408 word350 word93 word74 word223 word424 word475 word240 word265 word280 word246 word325 word137 word270 word307 word282 word488 word373 word368 word404 word264 word154 word268 word462 word440 word177 word242 word137 word7 word156 word51 word180 word27 word159 word358 word422 word444 word281 word274 word484 word278 word42 word468 word307 word334 word49 word235 word230 word408 word192 word172 word341,positiva,positiva
word342 word23 word264 word468 word295 word168 word445 word37 word125 word86 word7 word478 word105 word37 word458 word482 word106 word201 word338 word214 word395 word125 word407 word280 word6 word311 word5,negativa,neutra
word361 word407 word127 word165 word218 word290 word265 word53 word190 word253 word307 word316 word333 word225 word252 word169 word136 word156 word220 word55 word110 word58 word205 word248 word82,positiva,positiva
word112 word202 word273 word191 word309 word400 word267 word229 word476 word491 word498 word9 word419 word450 word403 word375 word184 word363 word290 word416 word176 word372 word393 word417 word86 word432 word109 word469 word20 word112 word305 word272 word345 word202 word2 word309 word256 word255 word189 word446 word397 word91 word20 word91 word25 word355 word311 word232 word296 word405 word416 word218 word297 word289 word475 word381 word158 word444 word199 word379 word489 word405 word54 word103 word398 word62 word6 word130 word244 word65 word77 word170 word300 word273 word400 word491 word17 word345 word82 word181 word172 word351 word128 word448,neutra,neutra
word299 word68 word292 word101 word440 word149 word153 word202 word181 word297 word362 word483 word445 word131 word302 word165 word403 word12 word498 word187 word373 word338 word184 word482 word134 word371 word465 word59 word459 word446 word190 word420 word4 word95 word377 word468 word64 word358 word52 word392 word449 word230 word51 word101 word254 word400 word260 word239 word301 word484 word395 word77 word99 word178 word136 word368 word497 word287 word446 word217,neutra,positiva
word490 word207 word385 word445 word9 word238 word351 word229 word51 word328 word204 word309 word1 word6 word302 word492 word320 word472 word424 word141 word52 word280 word311 word386 word261 word461 word422 word293 word276 word10 word391 word341 word449 word47 word74 word336 word245 word294 word218 word321 word330 word95 word381 word247 word288 word309 word373 word151 word4 word91 word483 word112 word125 word430 word118 word233 word186 word331 word298 word258 word251 word418 word291 word255 word444 word47 word417 word99 word166 word7 word286 word416 word191 word332 word197 word380 word500 word358 word171 word413 word19 word494 word420 word327 word311,neutra,neutra
word181 word112 word2 word294 word121 word257 word382 word90 word355 word149 word166 word289 word313 word328 word98 word290 word132 word139 word474 word51 word207 word220 word123 word393 word244 word360 word194 word449,negativa,negativa
word241 word219 word160 word209 word318 word465 word249 word93 word479 word158 word42 word273 word396 word129 word140 word145 word404 word479 word424 word114 word425 word155 word434 word496 word360 word478 word72 word328 word26 word327 word171 word485 word248 word382 word152 word38 word372 word111 word362 word233 word486 word177 word201 word371 word393 word63 word371 word246 word495 word316 word387 word172 word142 word393 word8 word291 word485 word496 word359 word249 word407 word8 word397 word95 word368 word175 word376 word302 word465 word394 word458 word76 word190,neutra,neutra
word458 word287 word419 word56 word484 word58 word34 word12 word122 word419 word151 word396 word213 word52 word237 word117 word146 word259 word396 word294 word112 word359 word349 word119 word426 word422 word302 word149 word178 word220 word94 word153 word68 word78 word373 word65 word235 word215 word24 word416 word492 word320 word336 word117 word423 word393 word220 word353 word478 word302 word100 word166 word93 word166 word446 word95 word446 word143 word250 word265 word63 word93 word153 word30 word378 word274 word423 word432 word174 word409 word31 word215 word333 word234 word370 word430 word213 word138 word292 word435 word494 word408 word123,neutra,neutra
word167 word351 word170 word445 word159 word230 word223 word10 word406 word68 word235 word454 word497 word116 word189 word283 word350 word126 word275 word418 word382 word412 word445 word431 word256 word488 word248,neutra,neutra
word60 word487 word68 word474 word140 word47 word153 word308 word214 word393 word306 word201 word318 word486 word206 word77 word205 word421 word109 word475 word295 word301 word159 word461 word19 word150 word210 word239 word238 word74,negativa,negativa
word226 word279 word72 word57 word489 word310 word8 word283 word6 word39 word187 word329 word311 word396 word90 word96 word267 word435 word362 word335 word48 word440 word493 word292 word169 word332 word322 word465 word56 word258 word355 word175 word421 word33 word53 word396 word63 word210 word141 word345 word6 word179 word494 word185 word300 word495 word304 word378 word480 word309 word417 word255 word408 word321 word170 word280 word168 word199 word146 word246 word174 word314 word185 word246 word71 word194 word178 word481 word224 word11 word155 word365 word83 word82 word187 word179 word241 word18 word361 word107 word356 word283,neutra,neutra
word104 word70 word353 word341 word147 word303 word471 word167 word251 word105 word260 word443 word318 word71 word371 word212 word10 word312 word150 word486 word498 word336 word316 word153 word36 word31 word232 word159 word481 word147 word108 word410 word418 word189 word41 word50 word261 word435 word194 word10 word188 word2 word212 word238 word366 word35 word241 word89 word234 word493 word371 word423 word20 word383 word433 word336 word392 word24 word370 word418 word116 word236 word212 word50 word65 word151 word55 word251 word28 word7 word315 word127 word190 word168 word235 word232,positiva,positiva
word232 word265 word153 word178 word142 word259 word349 word22 word240 word325 word337 word282 word263 word341 word190 word284 word160 word219 word63 word176 word72 word114 word210 word251 word471 word14 word450 word165 word363 word339 word486 word55 word484 word32 word439 word327 word241 word199 word47 word401 word364 word469 word366 word479 word444 word213,negativa,negativa
word457 word342 word29 word65 word461 word105 word49 word226 word263 word287 word330 word500 word380 word13 word45 word1 word198 word176 word467 word184 word16 word442 word131 word457 word388 word441 word410 word72 word314 word207 word315 word373 word251 word157 word459 word332,negativa,negativa
word339 word366 word78 word262 word290 word134 word386 word116 word436 word229 word184 word333 word310 word255 word344 word131 word405 word310 word107 word500 word433 word89 word393 word265 word385 word188 word123 word110 word34 word438 word157 word479 word113 word176 word440 word174 word380 word46 word478 word309 word376 word14 word483 word249 word106 word77,neutra,negativa
word3 word476 word258 word132 word339 word266 word15 word380 word201 word350 word448 word306 word336 word128 word119 word208 word427 word263 word175 word390 word427 word452 word150 word355 word296 word225 word199 word58 word138 word275 word444 word434 word94 word340 word43 word338 word171 word225 word359 word213 word404 word267 word500 word320 word149 word388 word204 word268 word69 word60 word288 word94 word499 word428 word351,negativa,negativa
word51 word253 word437 word195 word450 word62 word490 word393 word314 word309 word469 word189 word83 word460 word52 word330 word133 word465 word487 word238 word267 word228 word213 word469 word144 word480 word326 word481 word307 word410 word245 word232 word129 word106 word19 word192 word494 word470 word346 word182 word261 word379 word2 word462 word436 word486 word48 word474 word307 word278 word90 word246 word182 word494 word170 word110 word474 word94 word453 word482 word154 word345 word399 word269 word349 word67 word259 word257 word284 word473 word413 word302 word202 word203 word11 word276 word127 word444,neutra,neutra
word175 word162 word460 word48 word467 word339 word404 word165 word325 word163 word9 word228 word490 word122 word82 word461 word456 word424 word489 word496 word460 word483 word373 word158 word230 word191 word255 word350 word121 word8 word302 word497 word431 word6 word300 word266 word213 word335 word214 word458 word454 word323 word230 word299 word451 word151 word435 word296 word32 word375 word102 word258 word476 word390 word350 word35 word430 word168 word26 word480 word96 word162 word72 word311 word434 word260 word435 word469 word437 word82 word104 word150 word320 word432 word157 word334 word94 word272 word390 word198 word82 word206 word382,positiva,positiva
word42 word255 word259 word48 word312 word241 word250 word342 word374 word332 word193 word482 word107 word170 word244 word157 word172 word464 word76 word256 word236 word44 word101 word137 word236 word209 word297 word189 word392 word184 word427 word500 word335 word51 word447 word409 word279 word170 word356 word308 word386 word323 word413 word484 word376 word159 word452 word414 word237 word30 word477 word271 word201 word304 word36 word413 word92 word129 word280 word333 word8 word291 word79 word478 word188 word246 word313 word79 word83 word480 word288 word114 word332 word447 word382 word201 word331 word448 word126 word396 word499 word173 word445 word12 word187 word139 word15 word302 word265 word190 word433 word125 word411 word318 word449,positiva,neutra
word65 word341 word260 word159 word155 word304 word483 word498 word236 word336 word42 word473 word9 word172 word363 word485 word86 word331 word94 word26 word212 word289 word133 word487 word309 word220 word243 word233 word56 word304 word393 word211 word213,neutra,neutra
word84 word181 word314 word83 word430 word113 word267 word170 word334 word100 word50 word256 word433 word317 word378 word217 word71 word214 word494 word391 word352 word151 word300 word312 word328 word447 word341 word111 word111 word310 word434 word474 word305 word265 word409 word489 word14 word156 word167 word283 word148 word156 word13 word2 word225 word499 word148 word121 word133 word487 word332 word327 word95 word452 word99 word484 word477 word284 word435 word500 word291 word384 word296 word262 word168 word328 word134 word98 word138 word6 word467 word129 word400 word218 word170 word115 word411 word258 word225 word329 word402 word328 word234 word447 word448 word484 word46 word446 word97 word311 word329 word103,neutra,neutra
word310 word106 word426 word208 word435 word138 word396 word269 word278 word488 word78 word155 word92 word417 word426 word420 word120 word130 word202 word387 word376 word495 word393 word478 word134 word303 word267 word76 word474 word60 word428 word134 word111 word301 word234 word194 word452 word350 word305 word394 word402 word91 word221 word453 word408 word31 word124 word133 word257 word408 word242 word92 word279 word111 word340 word488 word317 word457 word273 word407 word471 word87 word333 word128 word43 word118 word72 word95 word4 word486 word221 word84 word172 word374 word317 word26 word74 word272 word485 word36 word432 word31 word248 word116 word212 word463 word108 word320 word167 word326 word28 word149 word479 word362,positiva,positiva
word382 word252 word179 word242 word492 word144 word156 word424 word186 word452 word488 word34 word335 word48 word440 word58 word444 word385 word269 word104 word134 word216 word424 word449 word251 word117 word283 word416 word271 word446 word5 word251 word23 word306 word309 word157 word398 word476 word229 word218 word96 word15 word204 word221 word385 word432 word55 word77 word281 word188 word352 word162 word208 word223 word301 word35 word442 word170 word107 word321 word68 word296 word31 word132 word364 word186 word451 word178,positiva,positiva
word475 word242 word357 word123 word48 word443 word225 word70 word330 word28 word226 word353 word361 word227 word185 word420 word93 word38 word79 word401 word235 word19 word85 word15 word408 word231 word35 word111,negativa,negativa
word446 word170 word403 word268 word16 word143 word29 word354 word392 word309 word4 word119 word235 word73 word54 word153 word296 word45 word500 word230 word87 word11 word479 word298 word433 word389 word493 word445 word384 word426 word429 word128 word298 word493 word434 word53 word56 word101 word371 word197 word315 word70 word30 word386 word146 word22 word109 word162 word203 word449 word100 word303 word138 word250 word149 word173 word300 word295 word68 word79 word121 word450 word159 word289 word225 word178 word20 word221 word500 word471 word151 word267 word144 word461 word278 word461 word428 word164 word229 word285 word125 word416 word283 word104 word242 word411 word212 word356 word492 word168 word498 word208 word281 word387 word35,neutra,neutra
word457 word398 word259 word99 word169 word345 word79 word263 word6 word163 word124 word341 word458 word74 word399 word328 word485 word456 word51 word372 word297 word57 word129 word464 word272 word170 word161 word419 word142 word80 word287 word497 word92 word128 word235 word100 word326 word127 word65 word131 word466 word468 word253 word201 word410 word98 word327 word341 word356 word109 word359 word306 word438 word88 word307 word415 word140,negativa,negativa
word10 word215 word165 word200 word130 word138 word381 word13 word65 word133 word414 word197 word18 word261 word314 word229 word45 word440 word430 word456 word482 word159 word211 word480 word225 word433 word324 word464 word6 word354 word401 word100 word368 word98 word453 word455 word2 word254 word192 word446 word161 word361 word59 word107 word493 word193 word383 word484 word483 word10 word117 word358 word464 word490 word361 word53 word372 word136 word405 word274 word92 word422 word495 word254 word407 word30 word136 word64 word142 word188 word216 word162 word273 word110 word174 word421 word282 word14 word165 word415 word91 word461 word148 word316 word238 word313 word399 word75 word177 word285 word131 word188 word443 word115 word95 word292,neutra,neutra
word293 word159 word132 word84 word465 word471 word58 word177 word282 word192 word361 word131 word30 word169 word299 word91 word408 word7 word34 word255 word257 word148 word130 word35 word332 word190 word60 word200 word469 word131 word448 word130 word93 word131 word162 word61 word294 word167 word360 word246 word222 word236 word79 word357,negativa,negativa
word425 word140 word369 word132 word64 word275 word92 word200 word147 word442 word252 word360 word295 word456 word220 word432 word450 word461 word348 word491 word373 word156 word79 word105 word287 word83 word119 word315 word167 word341 word499 word44,neutra,neutra
word475 word177 word157 word262 word432 word275 word397 word108 word388 word367 word449 word29 word193 word45 word201 word380 word321 word377 word369 word497 word440 word294 word438 word24 word361 word262 word479 word252 word90 word363 word476 word9 word33 word331 word278 word275 word46 word287 word285 word425 word196 word174 word41 word284 word325 word141 word366 word470 word88 word287 word348 word10 word90 word198 word69 word178 word74 word449 word300 word165 word390 word10 word299 word342 word405 word112 word296,negativa,negativa
word262 word286 word405 word386 word151 word234 word43 word394 word68 word35 word261 word461 word189 word93 word93 word419 word331 word248 word464 word53 word309 word180 word117 word460 word479 word418 word75 word362 word180 word190 word97 word295 word429 word117 word269 word324 word316 word131 word15 word415 word299 word353 word266 word194 word126 word330 word416 word163 word13 word78 word290 word118 word408 word136 word247 word114 word228 word340 word398 word370 word254 word229 word163,positiva,positiva
word58 word150 word49 word71 word31 word422 word30 word380 word79 word458 word424 word315 word415 word150 word392 word111 word308 word460 word362 word135 word370 word442 word445 word370 word367 word393 word369 word67 word403 word90 word279 word170 word107 word141 word43 word220 word210 word202 word46 word304 word85 word428 word12 word28 word151 word204 word485 word263 word190 word419 word121 word449 word202 word157 word151 word5 word337 word289 word318 word326 word14 word439 word256 word346 word19 word381 word339 word185 word468 word326 word454 word411 word103 word499 word372 word95 word397 word215 word433 word87 word130 word174 word226 word316 word111 word353 word13 word166 word330,neutra,neutra
word180 word358 word225 word138 word237 word333 word188 word353 word491 word206 word148 word202 word420 word90 word487 word207 word421 word394 word392 word455 word93 word297 word50 word150 word21 word342 word304 word371 word89 word167 word339 word414 word443 word37 word202 word6 word410 word62 word412 word79 word8 word440 word220 word213 word324 word138 word346 word215 word137 word198 word4 word151 word296 word69 word60 word328 word215 word69 word374 word388 word18 word101 word186 word366,negativa,negativa
word473 word26 word146 word239 word50 word444 word57 word333 word460 word343 word382 word132 word414 word210 word31 word184 word175 word261 word133 word232 word214 word164 word349 word153 word383 word126 word433 word183 word21 word75 word404 word437 word106 word302 word288 word67 word226 word347 word484 word424 word49 word119 word219 word76 word286 word5 word57 word24 word148 word382 word89 word494 word135 word23 word168 word375 word54 word36 word425 word297 word172 word379 word423 word180 word281 word6 word154 word298 word99 word496 word486 word129 word199 word95 word252 word62 word196 word278 word306 word299 word111 word397 word346 word377 word234 word447 word195,negativa,negativa
word352 word140 word373 word92 word482 word21 word473 word231 word323 word80 word160 word432 word8 word96 word316 word403 word216 word44 word74 word446 word108 word290 word469 word188 word34 word407 word394 word326 word452 word388 word345 word167 word31 word363 word423 word348 word327 word360 word139 word59 word315 word472 word69 word36 word354 word212 word452 word236 word261 word31 word477 word166 word220 word315 word429 word398 word387 word53 word45 word416 word457 word312 word456 word159 word176 word86,positiva,positiva
word306 word29 word278 word485 word466 word98 word207 word494 word392 word281 word153 word382 word290 word262 word464 word189 word313 word22 word356 word274 word438 word167 word463 word288 word105 word81 word98 word151 word276 word435 word498 word340 word246 word307 word166 word123 word269 word414 word33 word56 word89 word105 word75 word66 word14 word175 word362 word79 word163 word487 word85 word494 word257 word363 word162 word163 word197 word64 word158 word448 word2 word287 word345 word71 word56 word277 word110 word490 word96 word66 word166 word166 word81 word333 word174 word264 word122 word49 word31 word27 word436 word133 word153 word290 word48 word301 word261 word396 word62 word9 word387 word186 word31 word279 word233,neutra,neutra
word394 word406 word500 word232 word380 word410 word59 word346 word170 word67 word86 word58 word449 word386 word52 word313 word331 word260 word304 word454 word260 word330 word286 word199 word446 word207 word400 word303 word343 word381 word368 word283 word308 word255 word170 word364 word440 word353 word387 word416 word184 word32 word169 word378 word408 word257 word390 word38 word323 word340 word254 word359 word246 word262 word302 word397 word125 word151 word210 word101 word168 word176 word158 word206 word253 word348 word152 word423 word240 word361 word58 word87 word227 word184 word249 word80 word237 word344 word365 word125 word173 word263 word259 word396 word196,negativa,negativa
word161 word234 word207 word462 word432 word388 word12 word64 word217 word311 word341 word149 word56 word165 word397 word494 word471 word297 word46 word484,negativa,negativa
word477 word349 word288 word59 word245 word446 word193 word414 word355 word134 word71 word9 word139 word167 word328 word287 word240 word362 word386 word357 word449 word180 word412 word211 word93 word73 word46 word478 word85 word418 word392 word220 word457 word455 word463 word249 word150 word22 word421 word437 word269 word36 word412 word150 word275 word330 word73 word32 word40 word480 word479 word214 word213 word204 word176 word272 word179 word309 word190 word315 word473 word103 word32 word264 word60 word116,negativa,negativa
word458 word57 word165 word147 word257 word489 word343 word273 word403 word89 word331 word252 word102 word323 word421 word415 word422 word407 word235 word25 word483 word227 word317 word11 word445 word445 word465 word87 word422 word313 word74 word286 word239 word313 word42 word282 word339 word358 word385 word314 word351 word46 word399 word184 word274 word274 word489 word163 word193 word381 word318 word159 word173 word415 word418 word74 word200 word385 word60 word92 word80 word265 word226 word161 word68 word319 word404 word107 word334 word398 word279 word287 word84 word479 word479 word356 word452 word304 word331 word415 word20 word110 word102 word317 word122 word196 word247 word372 word259 word13 word344,neutra,neutra
word102 word382 word159 word437 word42 word252 word80 word445 word209 word338 word440 word268 word29 word111 word107 word458 word455 word239 word446 word124 word340 word196 word121 word126 word210 word170 word106 word168 word65 word485 word190 word54 word288 word442 word180 word423 word306 word370 word149 word19 word173 word463 word396 word393 word440 word187 word162 word463 word286 word149 word140 word439 word27 word31 word369 word1 word86 word496 word213 word364 word244 word46 word93,negativa,negativa
word335 word113 word500 word16 word386 word104 word392 word242 word118 word29 word311 word81 word225 word476 word444 word247 word366 word412 word304 word104 word406 word45 word262 word391 word286 word175 word209 word230 word373 word497 word390 word159 word56 word237 word429 word318 word161 word45 word127 word359 word335 word226 word167 word88 word487 word216 word384 word231 word285 word321 word178 word469 word229 word383 word459 word192 word118 word485 word393 word396 word474 word14 word473 word59 word73 word110 word57 word42 word63 word243 word187 word171 word86 word487 word167 word237 word72 word107 word118 word486 word89 word257 word273 word37,positiva,positiva
word222 word241 word165 word210 word348 word13 word400 word364 word70 word386 word261 word160 word228 word259 word106 word304 word315 word184 word231 word308 word252 word218 word479 word440 word190 word360 word406 word56 word296 word400 word29 word169 word399 word468 word497 word302 word22 word14 word406 word368 word97 word66 word73 word439 word383 word475 word57 word348 word462 word267 word388 word302 word4 word215 word131 word42 word298 word465 word27 word165 word335 word157 word59 word96 word13 word497 word246 word472 word343 word175 word472 word131 word91 word403 word277 word212 word295 word484 word141 word451 word456 word380,neutra,neutra
word495 word480 word36 word374 word252 word368 word437 word292 word2 word433 word219 word230 word293 word456 word264 word104 word367 word317 word33 word267 word393 word443 word142 word262 word413 word292 word210 word93 word22 word346 word482 word301 word391 word339 word174 word262 word136 word112 word295 word324 word494 word119 word146 word84 word475 word391 word166 word485 word353 word239 word191 word285 word43 word87 word469 word104 word82 word430 word473 word409 word52 word420 word134 word6 word461 word134 word330 word37 word95 word441 word297 word500 word91 word446 word438 word463 word25 word53 word265 word58 word32 word406,neutra,neutra
word65 word126 word103 word321 word251 word181 word373 word389 word370 word53 word305 word106 word137 word490 word208 word394 word124 word487 word139 word91 word162 word87 word300 word73 word104 word352 word22 word221 word347 word223 word11 word80 word486 word387 word176 word437 word4 word24 word443 word338 word300 word173 word409 word305 word218 word191 word178 word288 word328 word403 word204 word127 word279 word292 word139 word37 word167 word36 word42 word483 word391 word18 word175 word128 word488 word219 word130 word318 word238 word94 word153 word64,neutra,neutra
word93 word410 word96 word163 word305 word416 word89 word107 word441 word161 word105 word372 word46 word434 word438 word429 word148 word58 word213 word168 word480 word316 word473 word376 word358 word56 word35 word24 word297 word101 word495 word67 word474 word334 word54 word30 word198 word170 word158 word265 word65 word65 word348 word496 word137 word466 word173 word168 word46 word212 word249 word332 word80 word95 word217 word35 word72 word315 word477 word287 word73 word496 word261 word359 word99 word290 word39 word313 word102 word455 word28 word327 word70 word344 word247 word484 word326 word186 word44 word298 word221 word27 word291 word105 word118 word5 word187 word110 word36 word218 word111 word68 word234 word32 word496,negativa,negativa
word57 word408 word330 word89 word220 word26 word336 word378 word140 word176 word119 word195 word137 word124 word216 word430 word382 word149 word472 word106 word456 word155,negativa,negativa
word233 word395 word234 word154 word164 word366 word71 word144 word156 word323 word65 word226 word338 word464 word219 word492 word304 word388 word122 word458 word130 word69 word40 word328 word315 word100 word440 word139 word305 word262 word297 word371 word464 word361 word454 word435 word180 word280 word100 word464 word484 word444 word372 word425 word398 word115 word132 word266 word211 word369 word369 word489 word395 word6 word171 word164 word317 word172 word490 word145 word219 word409 word184 word23 word167 word180 word307 word356 word275 word204 word252 word73 word91,neutra,neutra
word12 word446 word417 word475 word383 word229 word406 word494 word447 word393 word384 word327 word446 word217 word251 word422 word132 word383 word56 word293 word18 word499 word422 word125 word76 word321 word451 word161 word481 word229 word221 word170 word136 word168 word87 word189 word145 word29 word182 word20 word91 word363 word13 word156 word343 word11 word369 word41 word28 word98 word431 word25 word50 word474 word306 word285 word21 word198 word289 word267 word261 word57 word495 word351 word121 word485 word151 word66 word447 word77 word31 word315 word133 word76 word52 word64 word481 word336 word422 word310 word272 word109 word484 word412 word265 word53 word381 word167 word105 word370 word419,positiva,positiva
word320 word361 word430 word201 word467 word162 word102 word190 word265 word335 word417 word113 word152 word470 word220 word121 word493 word225 word493 word460 word454 word291 word400 word481 word135 word19 word161 word319 word274 word41 word281 word88 word253 word288 word319 word207 word205 word340 word375 word404 word167 word213 word166 word264 word64 word216 word95,negativa,negativa
word397 word212 word443 word205 word406 word322 word474 word267 word235 word177 word327 word491 word85 word469 word489 word385 word291 word432 word131 word317 word403 word403 word294 word193 word475 word337 word385 word312 word439 word239 word274 word402 word259 word123 word379 word188 word53 word187 word28 word440 word492 word134 word459 word356 word478 word82 word32 word461 word135 word299 word451 word172,positiva,positiva
word345 word355 word90 word149 word452 word298 word209 word487 word336 word425 word235 word82 word367 word409 word293 word217 word62 word123 word463 word85 word331 word332 word237 word499 word339 word484 word131 word371 word385 word460 word206 word167 word403 word360 word138 word153 word396 word285 word454 word316 word491 word164 word389 word96 word353 word209 word260 word404 word53 word112 word280 word208 word282 word216 word33 word469 word346 word306,positiva,positiva
word232 word368 word79 word422 word260 word241 word462 word165 word101 word394 word54 word437 word413 word489 word231 word312 word442 word66 word154 word236 word314 word340 word462,neutra,neutra
word263 word321 word399 word57 word338 word417 word58 word208 word448 word13 word81 word402 word86 word351 word451 word250 word243 word215 word187 word191 word277 word448 word491 word433 word60 word154 word379 word273 word168 word156 word59 word167 word211 word208 word275 word137 word103 word444 word203 word128 word318 word272 word289 word111 word362 word97 word419 word213 word205 word195 word212 word333 word249 word64 word284 word134 word55 word420 word157 word298 word86 word170,negativa,negativa
word121 word392 word291 word374 word55 word408 word104 word225 word220 word411 word139 word121 word170 word181 word91 word89 word116 word234 word172 word197 word360 word121 word455 word376 word88 word157 word92 word137 word183 word66 word8 word220 word351 word152 word431 word185 word451 word118 word270 word382 word30 word466 word183 word249 word315 word322 word12 word434 word312 word500 word236 word307 word221 word445 word417 word455 word253 word396,negativa,negativa
word281 word266 word103 word414 word347 word437 word351 word241 word148 word493 word367 word438 word293 word256 word18 word35 word354 word113 word42 word389 word311 word56 word250 word235 word2 word303 word199 word440 word58 word424 word4 word383 word392 word204 word141 word72 word170 word335 word363 word91 word6 word281 word291 word491 word381 word276 word296 word323 word226 word339 word98 word416 word431 word218 word229 word249 word409 word88 word171 word308 word347 word148 word59 word254 word320 word384 word2 word9 word194 word282 word2 word87 word210 word140 word356 word18,neutra,neutra
word212 word185 word25 word228 word130 word63 word139 word11 word458 word498 word184 word439 word231 word457 word87 word143 word370 word111 word412 word213 word202 word227 word399 word3 word376 word390 word411 word499 word392 word265 word234 word195 word414 word197,negativa,negativa
word296 word463 word418 word76 word29 word11 word95 word240 word9 word435 word240 word369 word437 word18 word217 word337 word499 word409 word109 word136 word400 word327 word125 word247 word465 word103 word165 word451 word337 word112 word144 word421 word141 word351 word248 word111 word185 word356 word402 word14 word453 word119 word325 word143 word134 word445 word351 word458 word11 word136 word25 word238 word231 word491 word116 word333 word498 word35 word223 word196 word14 word211 word127 word154 word107 word260 word200 word369 word177 word346 word264 word176 word412 word369 word263 word268 word382 word385 word357 word57 word116 word203 word288 word198 word415,positiva,neutra
word15 word489 word308 word355 word163 word145 word219 word128 word11 word334 word359 word338 word277 word262 word493 word264 word353 word209 word17 word175 word361 word318 word347 word374 word110 word407 word358 word154 word252 word429 word84 word152 word97 word153 word103 word404 word496 word485 word180 word467 word41 word56 word163 word145 word459 word380 word377 word404 word363 word253 word30 word9 word488 word251 word477 word16 word318 word141 word183 word329 word248 word68 word500 word357 word181 word311 word76 word215 word213 word187 word242 word458 word4 word277 word471,positiva,positiva
word257 word284 word12 word206 word46 word403 word41 word466 word29 word306 word167 word56 word179 word20 word349 word436 word165 word220 word71 word242 word474 word270 word438 word391 word63 word27 word182 word471 word85 word23 word480 word99 word178 word391 word50 word86 word364 word4 word356 word272 word121 word307 word161 word475 word208 word375 word134 word417 word145 word254 word401 word464 word376 word334 word347 word204 word344 word288 word261 word157 word176 word62 word361 word12 word59 word147,positiva,positiva
word345 word276 word489 word450 word102 word81 word197 word418 word483 word352 word346 word117 word297 word93 word270 word97 word38 word484 word447 word343 word313 word120 word286 word375 word270 word141 word196 word421 word128 word481 word378 word446 word255 word112 word17 word268 word200 word57 word465 word486 word187 word335 word207 word249 word312 word209 word401 word95 word335 word492 word426 word23 word57 word315 word463 word423 word452 word75 word260 word363 word313 word389 word107 word229 word224 word470 word102 word164 word11 word76 word491 word424 word130 word352 word297 word454 word151 word498 word186 word359 word199 word336 word168,negativa,negativa
word337 word485 word462 word198 word301 word150 word445 word460 word112 word244 word119 word308 word147 word348 word491 word436 word92 word65 word408 word41,neutra,neutra
word495 word80 word446 word237 word337 word327 word59 word455 word321 word244 word308 word489 word324 word329 word439 word350 word72 word410 word450 word367 word77 word262 word28 word387 word479 word18 word55 word467 word400 word412 word105 word319 word415 word35 word142 word148 word271 word127 word171 word129 word32 word337 word320 word439 word289 word341 word180 word195 word207 word485 word237 word432 word161 word343 word138 word199 word430 word342 word244 word204 word400 word78 word425 word310 word165 word350 word496 word175 word197 word465 word173 word428 word450 word292 word42 word31 word141 word9 word382 word320 word228 word407 word67 word251 word170 word12 word240 word73 word23 word106 word98 word314 word397 word244 word321,positiva,positiva
word179 word27 word124 word306 word481 word248 word431 word390 word281 word403 word201 word222 word369 word320 word264 word217 word488 word33 word28 word240 word18 word171 word285 word203 word102 word143 word303 word476 word391 word274 word70 word122 word221 word124 word345 word184 word417 word135 word249 word358 word104 word381 word293 word324 word228 word468 word386 word97 word278 word452 word140 word269 word378 word137 word259 word277 word89 word89 word282 word90 word475 word262 word353 word199 word150 word244 word356 word199 word142 word72 word272 word340 word264 word128 word124 word189,negativa,negativa
word306 word149 word2 word412 word314 word314 word142 word94 word248 word379 word149 word264 word499 word110 word116 word118 word457 word265 word459 word474 word211 word28 word153 word272 word191 word2 word495 word152 word310 word474 word273 word348 word18 word349 word424 word460 word42 word115 word24 word459 word138 word266 word238 word345 word448 word162 word396 word146 word99 word54 word187 word281 word391 word425 word264 word205 word88 word458 word199 word383 word313 word466 word487 word354 word331 word69 word9 word274 word353 word374 word126 word252 word432 word48 word192 word473 word100 word159 word234 word345 word128 word397 word118 word185 word287 word7 word384 word335 word418 word138 word199 word450 word34,neutra,neutra
word277 word464 word111 word357 word39 word486 word263 word249 word180 word482 word210 word62 word282 word296 word374 word249 word140 word2 word494 word97 word176 word77 word118 word31 word171 word475 word112 word483 word317 word446 word311 word495 word276 word416,negativa,neutra
word84 word37 word174 word236 word397 word232 word123 word132 word306 word218 word451 word220 word284 word32 word97 word426 word173 word211 word296 word29 word254 word174 word75 word210 word224 word94 word272 word374 word134 word484 word307 word387 word36 word384 word169 word356 word403 word126 word130 word30 word303 word388 word206 word81 word159 word202 word459 word63 word172 word320 word119 word443 word455 word191 word373,negativa,negativa
word425 word416 word465 word211 word128 word257 word72 word422 word332 word242 word258 word357 word262 word420 word463 word475 word311 word372 word156 word20 word201 word436 word67 word273 word97 word215 word72,negativa,negativa
word28 word425 word253 word229 word211 word293 word337 word41 word133 word478 word84 word454 word201 word96 word298 word332 word175 word397 word32 word61 word311 word289 word350 word426 word466 word254 word251 word462 word481 word24 word253 word460,positiva,positiva
word36 word123 word497 word365 word44 word378 word485 word49 word208 word235 word66 word101 word87 word93 word202 word232 word119 word145 word97 word399 word106 word454 word270 word402 word319 word134 word301 word138 word60 word128 word138 word68 word12 word472 word257 word202 word465 word113 word202 word424 word317 word200 word128 word18 word43 word81 word394 word320 word217 word392 word81 word106 word197 word459 word308 word426 word125 word425 word37 word114 word262 word26 word430 word434 word271 word153 word50 word310 word269 word380 word302 word65 word61 word391 word80 word470 word53 word365 word488 word221 word29 word439 word94 word264 word493 word373 word24 word411 word81 word375 word311 word144 word212 word59,negativa,negativa
word22 word70 word157 word96 word343 word306 word165 word43 word40 word473 word173 word54 word356 word435 word61 word473 word363 word127 word388 word210 word318 word64 word123 word387 word403 word6 word108 word304 word453 word338 word354 word195 word28 word383 word400 word222 word254 word118 word227 word121 word211 word68 word304 word124 word363 word259 word448 word111 word137 word122 word316 word54 word344 word410 word338 word68 word247,neutra,neutra
word420 word60 word323 word313 word183 word183 word360 word468 word160 word464 word420 word27 word141 word221 word334 word114 word208 word47 word51 word218 word315 word227 word192 word249 word318 word358 word270 word46 word21 word172 word103 word269 word351 word127 word234 word110 word234 word190 word2 word333 word152 word374 word335 word98 word444 word12 word288 word402 word271 word279 word236 word31 word340 word477 word400 word30 word111 word417 word357 word184 word122 word232 word16 word45 word38 word413 word24 word277 word141 word379 word64 word456 word43 word424 word74 word15 word20 word391 word172 word209 word412 word131 word277 word150 word33 word497 word188 word424 word215 word434 word87 word271 word187 word497 word169 word386 word247 word201,positiva,positiva
word388 word478 word268 word470 word7 word145 word2 word339 word256 word144 word153 word322 word91 word258 word307 word120 word115 word178 word297 word128 word190 word272 word94 word285 word70 word72 word119 word144 word15 word481 word155 word403 word451 word401 word416 word51 word187 word374 word288 word3 word284 word403 word415 word192 word119 word155 word149 word174 word151 word229 word21 word138 word158 word77 word439 word338 word456 word281 word55 word453 word230 word343 word191 word248 word245 word143 word278 word367 word11 word66 word422 word285 word487 word303 word327 word450 word331 word165 word264 word118 word168 word341 word75 word336 word293 word155 word23 word353 word413 word366 word211 word327 word208 word180 word164 word106,negativa,negativa
word227 word34 word320 word314 word426 word462 word169 word479 word5 word485 word69 word323 word342 word317 word496 word277 word66 word304 word146 word307 word191 word22 word319 word45 word164 word310 word441 word158 word150 word151 word288 word97 word264 word401 word41 word483 word266 word314 word309 word473 word333 word442 word143 word109 word322 word77 word56 word106 word136 word49 word365 word292 word101 word142 word465 word457 word62 word307 word162 word180 word300 word493 word292 word477 word411 word390 word396 word396 word128 word489 word460 word301 word356 word441 word77 word33 word498 word278 word362 word252 word259 word19,neutra,neutra
word88 word231 word389 word310 word195 word108 word326 word215 word237 word470 word5 word120 word460 word461 word152 word498 word106 word26 word154 word266 word4 word86 word396 word311 word303 word495 word115 word449 word178 word463 word392 word107 word105 word272 word252 word118 word131 word450 word377 word96 word363 word77 word223 word7 word325 word91 word119 word95 word92 word39 word278 word434 word151 word390 word272 word128 word31 word392 word12 word212,neutra,neutra
word330 word374 word33 word101 word354 word495 word455 word316 word55 word484 word159 word22 word385 word87 word151 word339 word483 word454 word82 word88 word405 word159 word39 word295 word329 word500 word244 word400 word268 word462 word244 word338 word482 word439 word201 word254 word297 word63 word117 word355 word36 word301 word243 word243 word423 word138 word396 word393 word497 word411 word254 word183 word391 word464 word141 word185 word249 word54 word158 word84 word387 word248 word302 word40 word287 word360 word345 word398 word58 word275 word242 word447 word346 word478 word13 word224 word352 word45 word326 word116 word38 word329 word214 word203 word163 word343 word310 word334 word394 word303 word38 word79 word496 word143 word214,positiva,positiva
word173 word178 word113 word300 word433 word121 word375 word284 word387 word385 word20 word11 word458 word78 word288 word377 word252 word4 word6 word335 word449 word172 word272 word467 word413 word271 word328 word481 word399 word208 word347 word165 word461 word47 word113 word174 word102 word298 word357 word446 word251 word311 word300 word2 word355 word12 word274 word500 word394 word254 word160 word419 word430 word185,neutra,neutra
word97 word147 word98 word246 word498 word294 word362 word247 word7 word43 word135 word122 word421 word422 word428 word319 word279 word325 word204 word336 word398 word382 word307 word30 word363 word184 word372 word270 word441 word170 word466 word423 word166 word242 word266 word385 word345 word427,negativa,negativa
word143 word97 word75 word300 word404 word489 word17 word1 word340 word135 word238 word40 word38 word265 word345 word444 word242 word323 word431 word216 word105 word413 word2 word138 word66 word322 word135 word173 word327 word149 word182 word250 word60 word468 word491 word357 word55 word237 word178 word84 word439 word208 word327 word346 word160 word175 word486 word413 word251 word267 word5 word103 word4 word403 word471 word82 word141 word177 word407 word204 word22 word293 word74 word323 word429 word34 word498 word332 word26 word111 word84 word442 word362 word187 word265 word175 word203 word320 word98 word380 word473 word488 word87 word206 word133 word318 word163 word198 word70 word280 word269 word276,positiva,positiva
word82 word20 word459 word494 word150 word228 word151 word267 word276 word128 word323 word4 word323 word376 word27 word362 word369 word487 word404 word11 word41 word69 word291 word357 word330 word166 word101 word32,positiva,positiva
word322 word242 word397 word235 word69 word137 word22 word352 word487 word190 word367 word492 word197 word442 word9 word339 word84 word391 word5 word417 word199 word119 word278 word495 word81 word156 word320 word47 word478 word262 word496 word208 word417 word166 word222 word174 word274 word112 word252 word420 word78 word397 word428 word18 word338 word243 word319 word148 word111 word144 word77 word203 word437 word390 word90 word280 word37 word30 word313 word152 word353 word78 word60 word358 word104 word30 word395 word353 word465 word300 word239 word336 word397 word315 word160 word445 word352 word439 word279 word225 word422 word306 word388,positiva,positiva
word460 word395 word79 word4 word103 word465 word378 word288 word316 word207 word453 word79 word157 word101 word425 word271 word342 word460 word98 word483 word64 word378 word352 word413 word80 word480 word398 word56 word279 word409 word239,neutra,neutra
word51 word321 word192 word179 word306 word353 word465 word145 word406 word418 word498 word483 word396 word148 word348 word393 word146 word407 word351 word246 word431 word44 word342 word394 word21 word204 word259 word105 word440 word314 word138 word219 word57 word44 word374 word492 word139 word123 word342 word256 word70 word334 word105 word58 word233 word370 word261 word325 word119 word247 word357 word265 word120 word478 word34 word456 word363 word56 word128 word185 word479 word259 word130 word460 word60 word409 word416 word194 word22 word444 word484 word190 word93 word136,neutra,neutra
word112 word249 word481 word165 word368 word367 word382 word312 word371 word381 word342 word280 word46 word255 word377 word171 word125 word298 word67 word360 word492 word243 word14 word136 word16 word230 word155 word387 word423 word218 word489 word225 word60 word455 word198 word443 word368 word470 word323 word297,positiva,positiva
word48 word235 word416 word239 word421 word468 word238 word30 word171 word108 word238 word293 word232 word98 word151 word340 word14 word108 word447 word50 word208 word104 word53 word212 word261 word89 word39 word68 word326 word431 word91 word161 word172 word181 word123 word28 word263 word179 word172 word133 word465 word306 word210 word103 word401 word445 word17 word465 word350 word50 word377 word54 word26 word58 word230 word310 word204 word61 word100 word427 word482 word378 word52 word410 word346 word264 word72 word499 word222 word23 word105 word201 word32 word162 word235 word475 word44 word289 word458 word404 word463 word86 word401 word490 word164 word250 word266 word247 word145 word486 word479 word191,negativa,negativa
word281 word219 word194 word413 word490 word3 word232 word60 word217 word309 word206 word155 word157 word150 word163 word187 word344 word49 word21 word259 word341 word130 word101 word313 word193 word369 word74 word61 word277 word197 word365 word254 word178 word80 word82 word378 word114,negativa,negativa
word350 word249 word394 word475 word277 word287 word244 word187 word45 word16 word362 word458 word27 word164 word305 word353 word368 word348 word42 word127,negativa,negativa
word278 word247 word73 word476 word180 word339 word229 word293 word453 word163 word408 word147 word159 word17 word174 word294 word320 word216 word179 word113 word453 word193 word153 word471 word319 word425 word195 word216 word365 word490 word395 word232 word299 word175 word229 word194 word50 word438 word69 word134,positiva,positiva
word309 word336 word210 word465 word435 word487 word432 word274 word481 word305 word301 word329 word93 word420 word182 word330 word423 word58 word151 word472 word181 word331 word281 word435 word256 word213 word9 word238 word293 word345 word391 word389 word230 word40 word128 word204 word490 word385 word448 word497 word67 word6 word287 word133 word435 word233 word5 word112 word171 word14 word159 word270 word447 word325 word47 word209 word385 word185 word282 word493 word69 word239 word305 word400 word419 word144 word234 word416 word420 word412 word334 word134 word185 word328 word128 word342 word258 word222 word178 word387 word233 word154 word192 word243 word309 word496 word171 word90 word489 word74 word452 word72 word182 word500 word83,positiva,positiva
word470 word338 word357 word251 word312 word477 word3 word124 word349 word62 word123 word12 word28 word223 word331 word51 word492 word388 word332 word36,positiva,positiva
word429 word440 word285 word411 word36 word116 word332 word62 word407 word89 word175 word130 word271 word41 word407 word445 word374 word93 word146 word114 word302 word445 word440 word480 word345 word111 word200 word148 word32 word401 word290 word486 word421 word325 word22 word222 word238 word338 word284 word391 word12 word57 word477 word218 word412 word429 word61 word353 word87 word77 word123 word378 word47 word334 word191 word133 word120 word173 word175 word158 word260 word497 word226 word92 word306 word415 word300 word266 word335 word441 word39 word491 word447 word481 word250 word428 word41 word207 word440 word136 word382 word160 word295 word327 word439 word171 word394 word218 word197 word40 word39 word386 word53 word56 word93 word169 word82 word296 word412 word266,positiva,positiva
word403 word160 word63 word432 word44 word65 word475 word260 word232 word344 word316 word307 word12 word276 word140 word404 word253 word62 word444 word143 word136 word469 word388 word430 word332,negativa,negativa
word451 word89 word392 word349 word173 word169 word474 word358 word120 word456 word204 word40 word407 word435 word222 word352 word118 word426 word185 word134 word251 word134 word311 word374 word203 word392 word216 word486 word132 word353 word268 word472 word110 word99 word434 word451 word374 word238 word206 word334 word374 word138 word4 word37 word173 word341 word221 word310 word235 word126 word375 word362 word482,negativa,negativa
word244 word296 word404 word356 word140 word124 word337 word323 word184 word420 word210 word168 word278 word97 word348 word449 word473 word224 word135 word240 word52 word334 word215 word61 word274 word360 word115 word203 word446 word355 word400 word225 word247 word249 word226 word73 word21 word417 word269 word267 word298 word207 word446 word235 word251 word266 word79 word87 word91 word128 word80 word113 word470 word181 word397 word197 word413 word377 word421 word145 word48,neutra,neutra
word229 word201 word196 word40 word17 word390 word221 word82 word174 word467 word234 word496 word81 word62 word282 word342 word491 word233 word101 word271 word154 word90 word45 word362 word322 word84 word280 word443 word410 word227 word29 word318 word259 word461 word277 word369 word265 word271 word159 word202 word148 word232 word476 word171 word232 word474 word76 word127 word247 word205 word171 word390 word250 word183 word240 word444 word492,neutra,neutra
word386 word409 word444 word74 word418 word282 word62 word492 word406 word135 word446 word366 word224 word82 word366 word467 word97 word1 word115 word148 word190 word489 word482 word336 word109 word106 word41 word396 word111 word450 word301 word244 word465 word79 word232 word130 word91 word472 word303 word81 word54 word156 word417 word73 word371 word53 word169 word262 word65 word199 word134 word24 word1 word73 word375 word19 word253 word13 word108 word90 word170 word372 word211 word8 word73 word153 word140 word283 word176 word372 word127 word339 word51 word495 word494,positiva,positiva
word419 word192 word248 word21 word58 word28 word37 word435 word421 word411 word28 word39 word141 word283 word168 word244 word87 word366 word157 word34 word372 word452 word8 word219 word414 word354 word429 word208 word187 word355 word77 word120 word301 word335 word60 word255 word183 word251 word480 word39 word498 word225 word387 word213 word156 word386 word344 word73 word353 word377 word194 word463 word321 word167 word6 word338 word105 word379 word263 word234 word82 word356,negativa,negativa
word499 word441 word490 word272 word212 word360 word41 word421 word162 word4 word119 word122 word8 word335 word48 word424 word227 word360 word170 word66 word91 word323 word359 word134 word179 word473 word426 word207 word121 word151 word270 word284 word93 word33 word248 word399 word77 word205 word81 word122 word307 word144 word132 word498 word87 word95 word465 word276 word22 word213 word283 word127 word275 word325 word126 word407 word227 word482,negativa,negativa
word486 word366 word333 word350 word17 word107 word398 word232 word255 word376 word38 word400 word341 word202 word250 word38 word103 word124 word439 word57 word146 word66 word143 word6 word137 word362 word384 word190 word354 word310 word452 word403,neutra,neutra
word487 word84 word365 word182 word36 word344 word105 word257 word254 word299 word68 word126 word369 word467 word6 word207 word441 word144 word224 word453 word485 word328 word348 word307 word142 word444 word18 word30 word301 word419 word408 word339 word189 word180 word213 word129 word210 word53 word160 word471 word354 word71 word144 word130 word141 word346 word448 word356 word245 word81 word72 word408 word339 word256 word289 word425 word407 word44 word198 word22 word193 word319 word105 word76 word246 word263 word358 word8 word124 word390,negativa,negativa
word120 word283 word151 word8 word458 word347 word292 word123 word355 word474 word339 word148 word197 word465 word8 word111 word54 word321 word230 word67 word471 word276 word125 word473,positiva,positiva
word318 word333 word385 word266 word366 word293 word131 word243 word468 word422 word322 word161 word102 word143 word154 word481 word267 word196 word441 word185 word399 word321 word152 word481 word345 word495 word1 word141 word167 word338 word420 word61 word76,negativa,neutra
word65 word108 word98 word304 word319 word279 word145 word289 word60 word237 word78 word39 word83 word56 word239 word273 word304 word220 word89 word11 word357 word492 word141 word103 word156 word108 word112 word248 word393 word357,negativa,negativa
word80 word421 word161 word143 word483 word254 word311 word123 word139 word365 word226 word74 word418 word202 word335 word171 word281 word388 word443 word104 word337 word458 word322 word72 word95 word102 word54 word377 word483 word259 word300 word387 word208 word237 word295 word153 word31 word284 word412 word37 word109 word132 word403 word253 word268 word323 word139 word357,negativa,negativa
word61 word12 word182 word77 word319 word275 word243 word249 word50 word202 word36 word178 word339 word494 word149 word133 word335 word459 word148 word420 word158 word320 word105 word132 word492 word195 word9 word387 word64 word56 word419 word175 word70 word488 word141 word317 word132 word291 word349 word379 word206 word308 word421 word421 word374 word200 word266 word484 word125 word347 word397 word241 word433 word215 word419 word323 word26,neutra,neutra
word396 word282 word403 word169 word264 word39 word99 word290 word363 word15 word35 word4 word259 word168 word27 word397 word265 word6 word343 word456 word210 word475 word209 word39 word62 word34 word151 word193 word223 word241 word432 word6 word449 word120 word477 word68 word51 word61 word149 word471 word232 word83 word321 word255 word352 word371 word394 word76 word248 word316 word279 word487 word481 word406 word121 word265 word402 word135 word356 word125 word71 word120 word464 word498 word428 word136 word390 word110 word64 word130 word70 word321,neutra,neutra
word119 word420 word162 word231 word431 word178 word126 word458 word483 word156 word154 word114 word12 word277 word128 word425 word86 word318 word254 word306 word57 word234 word314 word171 word438 word265 word182 word16 word85 word239 word201 word436 word393 word80 word296 word228 word51 word333 word269 word44 word235 word366 word164 word179 word56 word103 word491 word311 word89 word242 word97 word222 word73 word310 word286 word317 word222 word143 word125 word108 word215 word226 word337 word27 word141 word427 word458 word466 word154 word69 word100 word66 word478 word442 word406 word365 word172 word238 word421 word408 word260 word419 word174 word207 word420 word189 word377 word227 word149 word110 word304,negativa,negativa
word329 word82 word415 word211 word211 word402 word275 word1 word290 word323 word157 word91 word27 word424 word3 word292 word419 word177 word101 word358 word316 word8 word289 word1 word200 word153 word417 word489 word350 word368 word12 word32 word389 word215 word254 word346 word174 word341 word364 word121 word344 word85 word156 word391 word492 word33 word325 word285 word303 word394,negativa,negativa
word1 word222 word283 word385 word99 word42 word299 word452 word120 word43 word202 word281 word312 word57 word329 word172 word16 word462 word268 word153 word409 word399 word104 word481 word266 word132 word224 word94 word425 word135,positiva,positiva
word387 word324 word170 word321 word148 word313 word191 word244 word91 word479 word374 word54 word238 word228 word443 word378 word440 word234 word78 word361 word110 word319 word206 word175 word60 word401 word345 word171 word369 word494 word361 word475 word236 word189 word422 word332 word303 word321 word497 word344 word408 word18 word362 word159 word62 word139 word417 word409 word153 word97 word210 word166 word232 word393 word166 word87 word55 word343 word100 word110 word402 word47 word327 word6 word472 word357 word411 word334 word202 word498,positiva,positiva
word18 word22 word460 word441 word139 word325 word127 word422 word358 word223 word465 word112 word499 word146 word445 word428 word282 word61 word376 word350 word433 word113 word120 word177 word185 word2 word77 word240 word484 word65 word121 word430 word20 word49 word445 word126 word154 word8 word204 word497 word493 word321 word338 word322 word348 word260 word103 word435 word440 word73 word48 word397 word24,positiva,positiva
word237 word118 word4 word208 word29 word187 word317 word188 word339 word148 word201 word438 word122 word251 word358 word182 word153 word349 word38 word133 word205 word109 word270 word310 word483 word301 word297 word363 word105 word236 word417 word88 word146 word110 word480,positiva,positiva
word481 word283 word483 word378 word343 word363 word465 word430 word81 word293 word231 word440 word103 word410 word240 word467 word396 word173 word423 word94 word3 word254 word195 word63 word498 word20 word295 word131 word149 word106 word195 word334 word162 word361 word224 word393 word223 word183 word254 word344 word233 word454 word259 word149 word14 word197 word28 word18 word186 word146 word443 word366 word396 word273 word56 word426 word248 word215 word303 word82 word241 word303 word349 word251 word499 word496 word49,positiva,positiva
word362 word120 word290 word470 word33 word410 word231 word475 word105 word360 word484 word172 word54 word197 word300 word316 word241 word467 word290 word321 word479 word470 word171 word144 word375 word263 word224 word350 word331 word457 word183 word378 word114 word469 word42 word376 word51 word441 word480 word409 word395 word240 word123 word493 word265 word409 word358 word351 word177 word214 word220 word302 word360 word100 word114 word25 word264 word335 word106 word356 word2 word434 word346 word342 word354 word180 word498 word374 word91 word462 word370 word156 word474 word125 word323 word336 word482 word286 word498 word143 word401 word123 word500 word382 word313 word34 word249 word73 word459 word190 word416 word454 word56,neutra,neutra
word337 word107 word465 word114 word45 word427 word389 word260 word416 word363 word89 word208 word462 word340 word311 word89 word268 word83 word336 word112 word145 word287 word13 word350 word222 word257 word372,positiva,negativa
word452 word215 word229 word319 word97 word429 word386 word316 word151 word174 word218 word332 word390 word336 word465 word481 word353 word186 word300 word213 word315 word407 word185 word253 word23 word369 word245 word230 word267 word108 word299 word373 word175 word66 word194 word100 word187 word314 word57 word374 word113 word448 word367 word137 word282 word56 word50 word479 word402 word78 word142 word99 word198 word146 word165 word265 word95 word442 word364 word381 word85 word355 word419 word88 word376 word179 word394 word240 word402 word74 word195 word137 word125 word155 word192 word64 word354 word276 word415 word353 word75 word35 word212,negativa,negativa
word341 word93 word231 word439 word342 word261 word434 word57 word481 word64 word499 word403 word245 word239 word17 word159 word115 word354 word99 word403 word151 word426 word181 word377 word335 word495 word263 word177 word325 word15 word486 word340 word25 word87 word8 word334 word333 word82 word274 word245 word242 word310 word427 word458 word80 word473 word287 word91 word466 word185 word223 word484 word290 word72 word35 word411 word175 word50 word21 word473 word287 word263 word296 word210 word476 word302 word320 word447 word2 word160 word417 word49 word165 word82 word358 word422 word133 word344 word381 word453 word464 word228 word40 word373 word273 word230 word271 word322 word144 word165 word171 word247 word339 word22 word147,positiva,positiva
word238 word96 word171 word425 word109 word329 word243 word161 word359 word182 word144 word265 word379 word433 word315 word331 word394 word135 word126 word242 word316 word323 word77 word391 word182 word439 word363 word492 word316 word264 word94 word200 word430 word192 word27 word123 word298 word315 word492 word467 word266 word278 word401 word25 word298 word238 word392 word401 word328 word329 word346 word291 word114 word143 word371 word310 word119 word439 word491 word314 word114 word470 word119 word217 word430 word261 word122 word41 word181 word337 word358 word112 word80,negativa,negativa
word151 word431 word420 word9 word283 word239 word329 word130 word49 word138 word263 word135 word233 word195 word348 word206 word73 word318 word107 word151 word354 word137 word31 word181 word194 word344 word355 word1 word379 word374 word87 word170 word384 word289 word170 word381 word316 word256 word4 word324 word90 word460 word95 word15 word189 word175 word177 word464 word138 word419 word82 word309 word66 word115 word75 word166 word230 word429 word379 word350 word245 word143 word149 word67 word333 word391 word274 word289 word187 word482 word444 word204 word378 word175 word62 word146 word418 word241 word433 word162 word230 word37 word391,positiva,positiva
word430 word206 word191 word493 word379 word459 word289 word465 word360 word372 word89 word284 word366 word381 word479 word164 word152 word485 word494 word90 word190 word475 word100 word392 word57 word90 word393 word304 word278 word429 word154 word252 word305 word370 word167 word317 word225 word271 word432 word197 word335 word471 word382 word495 word292 word141 word496 word323 word121 word159 word132 word417 word47 word370 word278 word37 word307 word377 word363 word265 word168 word82 word7 word180 word317 word19 word500 word293 word148 word482 word92 word479 word141 word190 word213 word498 word126 word487 word174 word143 word320 word347 word173 word68 word199 word271 word21 word40 word459,negativa,negativa
word48 word287 word176 word283 word295 word352 word274 word324 word294 word327 word309 word159 word124 word394 word172 word275 word99 word216 word265 word314 word264 word181 word481 word257 word405 word369 word280 word444 word65 word461 word426 word252 word367 word261 word135 word400 word123 word158,negativa,negativa
word60 word229 word229 word134 word424 word95 word36 word118 word495 word57 word291 word92 word198 word276 word10 word121 word294 word8 word248 word302 word108 word82 word246 word360 word7 word169 word500 word168 word167 word369 word241 word196 word393 word16 word357 word191 word445 word363 word471 word65 word95 word452 word196 word408 word344 word250 word23 word37 word359 word49 word3 word110 word458 word314 word360 word327 word283 word129 word215 word273 word495 word450 word369 word407 word404 word334 word413 word37 word11 word223 word28 word170 word100 word479 word328 word21 word312 word367 word163 word442 word487 word491 word47 word225,neutra,neutra
word98 word374 word29 word315 word475 word383 word202 word30 word418 word2 word341 word336 word96 word370 word88 word113 word406 word490 word133 word461 word457 word385 word71 word150 word339 word500 word408 word211 word118 word481 word139 word172 word483 word281 word133 word3 word215 word494,negativa,negativa
word351 word147 word367 word268 word289 word127 word160 word429 word310 word66 word273 word310 word399 word427 word327 word7 word249 word104 word10 word462 word84 word123 word169 word233 word301 word156 word397 word79 word480 word428 word300 word25 word365 word353 word311 word141 word216 word208 word305 word166 word201 word454 word227 word298 word456 word473 word282 word133 word51 word430 word262 word284 word477 word186 word51 word337 word486 word85 word494 word271 word281 word480 word167 word373 word5 word336 word8 word3 word195 word187 word392 word446 word472 word312 word78,neutra,negativa
word279 word303 word47 word452 word272 word27 word421 word99 word337 word339 word406 word405 word493 word44 word183 word182 word189 word120 word117 word483 word450 word342,positiva,positiva
word340 word317 word433 word134 word280 word322 word143 word476 word118 word30 word162 word408 word188 word109 word437 word77 word80 word450 word161 word1 word217 word371 word379 word44 word141 word309 word331 word311 word169 word432 word40 word412 word470 word343 word215 word191 word218 word84 word112 word318 word276 word249 word238 word39 word434 word478 word123 word158 word316 word2 word52 word451 word87 word289 word442 word367 word136 word77 word359 word203 word484 word323 word6 word126 word373 word351 word371 word117 word125 word105 word348 word6 word408 word141 word245 word124 word213 word383 word100 word285 word29 word89 word343 word285 word306 word113 word104 word213 word65 word445 word134 word360 word79 word326 word102 word141,neutra,neutra
word163 word408 word455 word3 word440 word354 word432 word44 word20 word168 word425 word250 word361 word123 word168 word439 word246 word390 word320 word88 word472 word474 word391 word235 word215 word149 word323 word156 word93 word31 word212 word408 word396 word425 word304 word434 word392 word404 word255 word43 word191 word424 word372 word7 word47 word330 word490 word366,positiva,positiva
word403 word425 word43 word50 word188 word221 word32 word447 word449 word213 word385 word283 word329 word437 word47 word117 word215 word448 word296 word199 word15 word297 word135 word165 word498 word264 word70 word25 word195 word33 word215 word208 word440 word168 word139 word308 word320 word19 word42 word84 word389 word105 word497 word221 word467 word124 word212 word69 word424 word299 word38 word372 word444 word343 word405 word139 word217 word428 word305 word306 word384 word308 word64 word107 word390 word122 word333 word238 word311 word119 word156 word345 word86 word155 word500 word76 word289 word76 word354 word64 word287 word220,neutra,neutra
word41 word338 word34 word90 word254 word225 word77 word400 word151 word434 word8 word119 word149 word298 word201 word79 word286 word480 word67 word127 word240 word364 word69 word116 word118 word309 word42 word330 word213 word165 word432 word410 word402 word443 word117 word428 word88 word166 word278 word373 word289 word280 word189 word297 word238 word239 word293 word301 word165 word68 word150 word205 word81 word89 word476 word141 word370 word64 word487 word107 word197 word391 word101 word275 word393 word12 word13 word395 word132 word455 word464 word441 word499 word412 word192 word497 word173 word294 word3 word482,negativa,negativa
word181 word467 word217 word125 word376 word311 word25 word84 word19 word288 word438 word162 word56 word426 word361 word273 word100 word337 word184 word123 word147 word31 word246 word377 word414 word363 word438 word482 word112 word217 word169 word343 word419 word445 word45 word258 word59 word165 word240 word310 word396 word498 word168 word280 word35 word56 word484 word470 word470 word131 word326 word115 word341 word243 word467 word187 word322 word330 word395 word27 word232 word227 word115 word403 word417 word41 word343 word431 word145 word317 word312 word10 word409 word376 word136 word158 word385 word401 word37 word180 word313 word64 word500,positiva,positiva
word293 word200 word182 word412 word148 word315 word252 word190 word226 word41 word355 word34 word37 word126 word266 word150 word441 word464 word197 word500 word45 word72 word174 word472 word252 word354 word327 word250 word466 word478 word225 word357 word312 word297 word51 word105 word496 word123 word326 word456 word302 word108 word430 word17 word362 word134 word321 word241 word285 word191 word265 word468 word414 word210 word471 word445 word314 word298 word18 word263 word107 word81 word430 word136 word308 word434 word299 word390 word388 word224 word461 word455 word169 word410 word92 word57 word266 word303 word292 word400 word196 word405 word452 word46,positiva,positiva
word298 word356 word484 word191 word60 word443 word316 word215 word359 word17 word239 word133 word145 word485 word276 word71 word183 word122 word455 word146 word179 word168 word88 word391 word289 word219 word198 word334 word48 word466 word283 word114 word269 word427 word87 word262 word299 word406 word284 word369 word387 word446 word181 word352 word125 word423 word476 word148 word281 word412 word14 word353 word411 word436 word99 word379 word394 word2 word353 word314 word485 word22 word483 word286 word138 word194 word384 word499 word159 word492 word315 word97 word299 word401 word28 word40 word3 word286 word29 word467 word64 word36 word129 word382 word454 word126 word260 word387 word399 word77 word420 word434 word368 word264 word196 word445 word432 word260 word372,negativa,negativa
word279 word228 word485 word302 word455 word493 word40 word181 word368 word407 word75 word160 word275 word400 word57 word301 word149 word109 word258 word208 word318 word159 word412 word40 word431 word15 word368 word174 word192 word10 word352 word83 word330 word363 word423 word355 word151 word370 word413 word159 word63 word446 word74 word297 word119 word64 word389 word72 word336 word347 word31 word87 word398 word254 word61 word496 word133 word3 word463 word9 word277 word497 word289 word293 word195 word64 word287 word449 word46 word441 word208 word269 word83 word311 word92 word137 word361 word26 word224 word298 word67 word148 word172 word332 word489 word419 word95 word10 word26 word298 word79 word116 word424 word437,negativa,negativa
word163 word222 word372 word294 word64 word462 word102 word336 word9 word128 word283 word424 word282 word28 word478 word137 word183 word55 word349 word224 word110 word319 word98 word266 word332 word406 word348 word284 word17 word117 word289 word269 word267 word368 word453 word252 word68 word221 word127 word265 word295 word275 word291 word156 word89 word428 word201,positiva,positiva
word390 word104 word53 word132 word200 word17 word418 word59 word203 word102 word148 word23 word475 word469 word64 word99 word443 word208 word32 word68 word207 word279 word316 word77 word186 word131 word268 word161 word103 word408 word285,neutra,neutra
word462 word363 word207 word378 word196 word445 word164 word358 word219 word338 word94 word473 word144 word269 word344 word327 word278 word435 word485 word382 word93 word385 word252 word269 word471 word264 word426 word325 word44 word351 word248 word274 word152 word93 word372 word125 word47 word247 word356 word103,negativa,positiva
word374 word124 word31 word157 word497 word278 word28 word488 word413 word272 word371 word93 word296 word457 word220 word20 word379 word366 word370 word325 word69 word58 word397 word428 word40 word291 word251 word176 word323 word458 word411 word77 word232 word468 word119 word428 word246 word261 word126 word460 word265 word288 word232 word45 word391 word165 word121 word392 word100 word342 word238 word400 word26 word388 word115 word436,neutra,neutra
word491 word285 word80 word169 word220 word74 word466 word479 word282 word293 word352 word340 word32 word266 word389 word404 word299 word449 word294 word192 word222 word346 word444 word115 word147 word326 word382 word200 word322 word4 word146 word478 word289 word435 word109 word146 word488 word499 word439 word159 word401 word230 word422 word426 word218 word153 word488 word226 word216 word333 word469 word66 word493 word212 word13 word155 word232 word339 word284 word68 word245 word117 word135 word356 word402 word79 word302 word212 word169 word357 word125,negativa,negativa
word496 word427 word69 word494 word327 word90 word225 word459 word197 word92 word438 word477 word488 word478 word437 word228 word97 word309 word111 word237 word329 word474 word145 word126 word368 word4 word284 word373 word276 word192 word415 word186 word356 word233 word14 word266 word25 word466 word301 word187 word244 word310 word131 word145 word210 word130 word379 word52 word414 word175 word281 word79 word193 word378 word136 word67 word261 word82 word158 word226 word283 word320 word339 word423 word34 word182 word1 word5 word107 word300 word448 word387 word324 word390 word86 word420,negativa,negativa
word177 word350 word1 word262 word12 word476 word74 word89 word51 word111 word245 word309 word451 word439 word43 word214 word435 word83 word335 word214 word85 word31 word145 word1 word98 word275 word395 word253 word363 word38 word153 word330 word28 word292 word85 word210 word315 word494 word46 word276 word269 word32 word307 word38 word344 word104 word63 word36 word230 word119 word232 word448 word418 word376 word235 word57 word204 word11 word62 word151 word348 word395 word310 word129 word359 word499 word329 word381 word438 word358 word439 word149 word154 word88,negativa,positiva
word25 word105 word30 word399 word364 word27 word53 word133 word121 word260 word250 word179 word83 word325 word395 word321 word404 word457 word422 word326 word25 word168 word214 word357 word424 word321 word182 word394 word348 word400 word295 word324 word174 word200 word139 word129 word327 word192 word67 word18 word431 word218 word289 word453 word56 word469 word352 word321 word216 word354 word103 word152 word481 word138 word360 word466 word297 word149 word425 word414 word272 word58 word221 word216 word95 word202 word77 word347 word216 word366 word228 word357 word367 word81 word222 word375 word297 word111 word417 word100 word497 word354,neutra,neutra
word420 word423 word24 word343 word235 word392 word394 word355 word338 word106 word427 word351 word137 word117 word251 word172 word339 word204 word85 word198 word408 word416 word156 word398 word47 word493 word383 word21 word353 word248 word442 word120 word447 word436 word140 word217 word321 word121 word500 word96 word122 word251 word237 word26 word456 word121 word52 word260 word465 word2 word245 word456 word447 word86 word311 word418 word336 word329,neutra,neutra
word467 word10 word99 word370 word129 word21 word432 word257 word240 word159 word359 word158 word281 word66 word153 word15 word143 word191 word375 word412 word267 word463 word180,neutra,negativa
word436 word405 word182 word27 word185 word301 word379 word71 word151 word301 word358 word156 word412 word401 word181 word269 word239 word335 word162 word165 word212 word108 word291 word480 word175 word431 word233 word83 word249 word250 word13 word240 word82 word398 word271 word153 word2 word286 word353 word213 word453 word99 word378 word248 word158 word145 word225 word41 word326 word205 word341 word258 word489 word42 word247 word269 word125 word337 word182 word382 word462 word427 word317 word359 word433 word491 word363 word457 word483 word88 word251 word179 word475 word373,positiva,positiva
word77 word475 word370 word258 word363 word182 word372 word484 word173 word5 word370 word427 word414 word488 word174 word460 word104 word294 word444 word458 word311 word274 word231 word434 word440 word120 word69 word407 word406 word50 word246 word254 word22 word333 word487 word106 word390 word41 word108 word283 word462 word443 word468 word494 word401 word182 word64 word412 word94 word261 word378 word18 word457 word152 word108 word186 word231 word228 word78 word95 word240,positiva,positiva
word118 word77 word473 word498 word430 word307 word43 word458 word100 word90 word359 word195 word434 word437 word403 word419 word273 word436 word458 word141 word213 word309 word430 word195 word131 word161 word400 word261 word128 word358 word331 word260 word310 word116 word92 word404 word341 word489 word470 word182 word232 word425 word2 word432 word84 word131 word241 word353 word177 word470 word392 word370 word387 word16 word412 word303 word94 word390 word53 word310 word285 word15 word188 word61 word474 word401 word498 word245 word165 word479 word154 word208 word67 word411 word60 word18 word417 word421 word427 word430 word71 word182 word383 word155 word390 word455 word481 word389 word399 word299 word40 word219,positiva,positiva
word342 word482 word234 word454 word490 word286 word46 word189 word383 word291 word469 word408 word32 word431 word179 word410 word254 word228 word37 word60 word298 word285 word278 word79 word255 word31 word73 word250 word309 word328 word491 word428 word190 word392 word48 word429 word194 word381 word486 word352 word461 word6 word86 word314 word271 word61 word360 word30 word496 word79 word223 word412 word258 word372 word352 word475 word232 word490 word259 word447 word367 word67 word322 word440 word65 word420 word53 word436 word395 word76 word364 word59 word285 word462 word103,negativa,negativa
word199 word268 word469 word438 word304 word142 word189 word123 word94 word5 word387 word370 word90 word344 word83 word139 word130 word65 word365 word22 word203 word244 word289 word97 word236 word397 word188 word476 word215 word389 word58 word426 word240 word496 word351 word371 word75 word284 word370 word406 word189 word282 word87 word217 word238 word17 word459 word322 word92 word449 word346 word347 word467 word203 word178 word309 word445 word407,positiva,positiva
word270 word225 word114 word338 word175 word79 word401 word276 word261 word260 word39 word268 word272 word256 word4 word376 word308 word379 word252 word165 word417 word176 word227 word9 word82 word57 word212 word132 word167 word383 word342 word399 word408 word125 word308 word435 word153 word188 word266 word400 word74 word234 word122 word357 word121 word179 word174 word36 word335 word128 word246 word349 word394 word459 word64 word315 word165 word385 word195 word8 word429 word381 word166 word418 word206 word207 word150 word247,positiva,positiva
word165 word49 word145 word108 word17 word294 word485 word63 word27 word51 word273 word413 word155 word60 word48 word305 word179 word177 word120 word449 word188 word354 word372 word30 word125 word448 word442 word207 word79 word150 word475 word337 word38 word359 word74 word152 word241 word176 word350 word79 word439 word297 word153 word479,neutra,neutra
word265 word18 word427 word357 word461 word328 word490 word105 word4 word451 word330 word344 word146 word169 word340 word204 word39 word147 word193 word416 word172,neutra,negativa
word140 word165 word155 word298 word436 word18 word310 word380 word222 word138 word217 word415 word458 word342 word243 word323 word339 word384 word73 word38 word173 word130 word308 word261 word460 word389 word74 word425 word386 word192 word29 word397 word97 word111 word236 word42 word200 word124,positiva,positiva
word117 word219 word310 word496 word50 word115 word150 word336 word476 word470 word374 word387 word208 word305 word86 word254 word147 word465 word184 word198 word202 word451 word467 word216 word498 word379 word424,neutra,neutra
word309 word89 word210 word450 word238 word466 word339 word85 word229 word184 word475 word168 word243 word346 word481 word274 word424 word59 word446 word104 word382 word268 word303 word47 word267 word44 word276 word204 word101 word246 word108 word42 word18 word171 word373 word289 word63 word222 word292 word117 word69 word125 word34 word122 word267 word401 word437 word337 word179 word467 word460 word179 word6 word217 word233 word339 word74 word273 word158 word248,neutra,positiva
word282 word410 word148 word338 word12 word439 word308 word372 word413 word110 word226 word430 word83 word412 word145 word288 word255 word344 word419 word175 word86 word212 word307 word376 word377 word170 word469 word42 word59 word13 word464 word91 word301 word407 word384 word475 word27 word204,negativa,negativa
word90 word63 word202 word448 word258 word320 word498 word152 word241 word343 word76 word201 word278 word152 word111 word219 word440 word209 word418 word339 word65 word458 word295 word285 word349 word21 word126 word398 word314 word195 word232 word310 word242 word229 word276 word141 word286 word347 word355 word311 word227 word328 word362 word156 word243 word339 word332 word249 word132 word456 word271 word271 word234 word381 word152 word469 word32 word7 word256 word430 word5 word340 word195 word11 word186 word324 word317 word425 word494 word28 word430 word5 word488 word387 word476 word34,positiva,positiva
word205 word365 word298 word229 word219 word203 word290 word90 word259 word103 word341 word433 word254 word194 word471 word330 word215 word15 word8 word111 word119 word361 word251 word500 word271 word452,negativa,negativa
word120 word430 word59 word117 word265 word265 word302 word86 word133 word132 word221 word462 word232 word499 word126 word122 word51 word107 word156 word192 word357 word223 word344 word45 word474 word74 word17 word213 word326 word118 word82 word423 word413 word376 word111 word269 word345 word217 word90 word416 word470 word83 word352 word444 word271 word25 word346 word462 word131 word70 word127 word407 word279 word10 word294 word408 word93 word293 word115 word10 word201 word388 word335 word51 word93 word270 word161 word167 word219 word380 word288 word427 word52 word233 word276 word379 word258 word459 word419 word345 word199 word161 word267 word232 word15 word115 word418 word230 word475 word123 word484 word404 word180 word305 word495 word317 word466 word56 word82,positiva,positiva
word44 word323 word316 word184 word360 word296 word208 word35 word379 word313 word57 word94 word151 word90 word404 word467 word45 word120 word143 word496 word311 word478 word124 word34 word241 word409 word419 word237 word135 word24 word218,negativa,positiva
word461 word119 word271 word283 word349 word460 word66 word32 word45 word134 word177 word440 word261 word373 word288 word477 word165 word335 word137 word117 word491 word13 word137 word194 word69 word386 word180 word230 word152 word446 word211 word394 word312 word478 word302 word493 word350 word30 word79 word395 word23 word96 word396 word178 word109 word99 word158 word419 word228 word477 word359 word135 word82 word472 word452 word62 word161 word372 word492 word452 word143 word449,positiva,positiva
word383 word264 word261 word305 word435 word421 word55 word298 word191 word400 word253 word496 word217 word340 word55 word467 word77 word190 word419 word484 word243 word243 word25 word490 word9 word14 word237 word2 word83 word314 word353 word150 word398 word304 word115 word357 word297 word407 word78 word116 word152 word171 word445 word367 word273 word271 word443 word224 word113 word69 word166 word327 word236 word211 word241 word488 word499 word81 word58 word123 word426 word230 word432 word324 word277 word141 word173 word74 word260 word141 word147 word20 word400 word470 word250 word269 word463 word256 word312 word215 word258 word261 word356 word303 word252,negativa,negativa
word372 word45 word451 word258 word300 word95 word265 word2 word446 word375 word228 word418 word406 word60 word27 word127 word1 word287 word265 word269 word37 word460 word489 word296 word3 word198 word360 word375 word122 word412 word484 word255 word191 word264 word14 word262 word14 word18 word277 word256 word494 word254 word490 word404 word169 word464 word242 word298 word51 word107 word262 word136,negativa,negativa
word129 word408 word94 word240 word188 word381 word128 word104 word405 word244 word361 word440 word418 word200 word86 word481 word155 word385 word385 word222 word82 word237 word73 word177 word192 word260 word94 word423 word40 word493 word157 word245 word438 word328 word29 word303 word284 word467 word282 word497 word266 word97 word253 word459 word9 word200 word24 word421 word256 word359 word485 word417 word204 word468 word237 word490 word492 word111 word390 word349 word386 word84 word253 word76 word449 word437 word291 word65 word329 word220 word394 word50 word204 word181 word477,positiva,positiva
word282 word357 word460 word394 word150 word67 word58 word442 word279 word149 word173 word141 word401 word307 word440 word151 word237 word61 word486 word256 word277 word207 word136 word475 word245 word338 word19 word138 word403 word44 word51 word405 word155 word137 word283 word98 word22 word3 word40 word80 word349 word149 word36 word8 word239 word421 word170 word32 word115 word250 word95 word490 word382 word173 word476 word163 word71 word470 word480 word157 word298 word87 word321 word346 word355 word285 word353 word278 word410 word90 word242 word209 word267 word72 word162 word478 word53 word318 word333 word238 word17 word18 word138 word52 word48 word81 word96 word420 word320 word16 word315 word69 word211 word20 word46 word67,negativa,negativa
word456 word391 word18 word94 word314 word370 word110 word374 word238 word338 word212 word228 word195 word79 word96 word84 word402 word212 word190 word428 word444 word117 word178 word206 word420 word336 word273 word118 word193 word15,neutra,neutra
word134 word387 word258 word108 word132 word220 word422 word481 word195 word198 word65 word273 word120 word410 word268 word111 word459 word408 word151 word61 word133 word189 word204 word412 word484 word374 word423 word63 word75 word455 word307 word118 word396 word88 word385 word442 word245 word329 word366 word441 word292 word147 word101 word178 word29 word350 word185 word356 word31 word161 word198 word44 word415 word299 word423 word401,neutra,neutra
word79 word433 word387 word25 word269 word105 word291 word273 word484 word89 word253 word483 word59 word127 word360 word55 word104 word479 word291 word29 word428 word262 word239 word497 word158 word190 word288 word121 word64 word70 word154 word40 word253 word497 word128 word21 word20 word84 word293 word236 word201 word378 word196 word309 word499 word85 word56 word109 word78 word415 word439 word280 word66 word426 word459 word204 word336 word305 word265 word177 word140 word138,positiva,positiva
word16 word12 word20 word384 word224 word376 word418 word19 word424 word113 word203 word482 word151 word470 word254 word7 word417 word23 word319 word230 word70 word258 word182 word50 word278 word22 word270 word114 word416 word476 word467 word469 word51 word255 word113 word49 word197 word215 word149 word58 word205 word78 word21 word226 word34 word483 word420 word463 word52 word233 word413 word288 word154 word416 word155,neutra,neutra
word175 word422 word41 word470 word115 word263 word359 word372 word107 word278 word266 word389 word161 word382 word309 word380 word438 word215 word217 word399 word391 word439 word276 word319 word30 word228 word124 word427 word62 word390 word419 word235 word335 word290 word345 word343 word127 word345 word451 word156 word154 word147 word456 word444 word174 word469 word381 word202 word413 word457 word435 word236 word109 word84 word414 word367 word355 word23 word483 word57 word291 word471 word122 word259 word421 word134 word51 word241 word398 word290 word222 word320 word26 word175 word439 word194 word483 word275 word467 word314 word210 word461 word135 word197 word362 word438 word97 word497 word216 word170 word65,positiva,positiva
word176 word344 word421 word323 word20 word296 word94 word305 word207 word267 word299 word320 word3 word484 word288 word254 word190 word53 word316 word182 word454 word329 word221 word16 word278 word423 word232 word326 word60,positiva,positiva
word481 word305 word125 word282 word355 word51 word379 word273 word469 word106 word454 word225 word287 word331 word290 word452 word84 word365 word488 word111 word128 word238 word363 word480 word398 word398 word221 word323 word106 word232 word95 word14 word429 word403 word256 word8 word46 word56 word359 word102 word126 word431 word439 word382 word155 word290 word101 word429 word43 word373 word256 word379 word226 word80 word376 word316 word233 word187 word172 word241 word131 word142 word140 word7 word464 word119 word83 word76 word495 word239 word164 word202 word45 word157 word125 word402 word30 word213 word396 word417 word257 word112 word169 word112 word332 word147 word316 word328 word470,negativa,negativa
word486 word290 word65 word71 word132 word487 word85 word452 word340 word461 word414 word167 word414 word85 word146 word106 word67 word46 word94 word61 word191 word36 word31 word495 word44 word38 word16 word67 word264 word414 word368 word291 word43 word388 word19 word316 word205 word442 word154 word320 word220 word262 word470 word357 word208 word224 word353 word174,negativa,negativa
word41 word377 word138 word386 word328 word276 word155 word327 word499 word462 word459 word110 word293 word199 word484 word476 word435 word82 word160 word356 word375 word176 word69 word69 word343 word228 word246 word408 word9 word378 word138 word466 word478 word252 word158 word117 word91 word500 word94 word224 word240 word340 word422 word279 word380 word284 word219 word79 word105 word217 word24 word159 word232 word237 word408 word484 word365,negativa,negativa
word273 word444 word207 word393 word422 word163 word322 word231 word216 word400 word114 word60 word241 word411 word82 word171 word334 word239 word303 word265 word406 word438 word225 word216 word140 word222 word419 word251 word346 word210 word354 word357 word265 word468 word438 word80 word114 word478 word201 word156 word399 word302 word67 word46 word405 word383 word177 word432 word63 word435 word40 word319 word422 word310 word390 word172 word145 word133 word59 word139 word124 word379 word107 word83 word367 word269 word108 word353 word109 word393 word17 word296 word299 word187 word345 word190 word327 word112 word285 word379 word484 word181 word237 word239 word431,neutra,neutra
word416 word206 word260 word457 word226 word304 word321 word93 word12 word348 word398 word292 word329 word34 word86 word369 word318 word99 word300 word18 word394 word14 word419 word112 word127 word463 word408 word169 word92 word55 word198 word291 word247 word449 word403 word131 word451 word231 word9 word426 word369 word178 word439 word453 word478 word457 word134 word279 word87 word341 word250 word440 word451 word159 word158 word16 word253 word193 word498 word409 word229 word284 word315 word452 word498 word210 word184 word357 word137 word71 word142 word159 word309 word368 word82 word23 word83 word456 word131 word265 word271 word140,positiva,positiva
word320 word460 word261 word217 word65 word473 word435 word451 word180 word313 word217 word118 word103 word192 word277 word62 word352 word229 word441 word140 word26 word157 word487 word161 word352 word422 word143 word322 word103 word182 word149,negativa,negativa
word80 word49 word347 word426 word456 word122 word382 word56 word390 word284 word431 word34 word389 word234 word285 word270 word358 word300 word208 word218 word36 word363 word353 word284 word361 word135 word112 word463 word477 word427 word27 word275 word368 word19 word485 word394 word155 word254 word457 word427 word414 word492 word373 word468 word477 word10 word328 word167 word248 word84,positiva,positiva
word339 word461 word467 word324 word471 word389 word257 word63 word427 word144 word369 word323 word181 word388 word329 word373 word477 word138 word383 word20 word355 word78 word111 word98 word416 word187 word195 word181 word313 word458 word339 word51 word258 word54 word83 word99 word349 word438 word124 word472 word133 word154 word64,positiva,positiva
word490 word477 word483 word488 word12 word76 word250 word302 word201 word135 word128 word302 word489 word414 word88 word75 word132 word367 word5 word353 word291 word330 word431 word296 word311 word241 word326 word191 word34 word13 word358 word319 word205 word374 word237 word128 word293 word189 word488 word361 word375 word344 word342 word387 word216 word411 word18 word334 word270 word5 word331,positiva,positiva
word9 word332 word55 word144 word415 word126 word399 word232 word117 word168 word266 word383 word304 word467 word434 word377 word302 word145 word207 word60 word188 word464 word213 word57 word326 word482 word434 word138 word227 word266 word124 word135 word119 word498 word374 word421 word409 word480 word53 word441 word34 word238 word298 word179 word74 word97 word413 word160 word156 word462 word72 word458 word461 word300 word83 word78 word143 word289 word77 word228 word58 word271 word11 word355 word28 word98 word88 word416 word27 word215 word296 word258 word341 word402 word197 word415 word159 word493 word253 word369 word438 word397 word426 word269 word22 word247 word91 word445,negativa,negativa
word416 word319 word201 word374 word380 word41 word272 word356 word302 word123 word81 word146 word177 word461 word311 word418 word14 word392 word95 word283 word194 word432 word338 word231 word255 word354 word360 word287 word364 word395 word16 word184 word451 word161 word413 word275 word136 word176 word243 word63 word155 word341 word454 word476 word192 word398 word199 word404 word456 word223 word301 word434 word69 word124 word314 word90 word398 word134 word169 word406 word264 word396 word314 word258 word256 word402 word500 word13 word254,positiva,positiva
word358 word401 word84 word246 word111 word447 word134 word72 word285 word440 word458 word49 word163 word77 word154 word267 word141 word34 word256 word27 word114 word1 word44 word219 word426 word388 word50 word18 word170 word327 word374 word412 word172 word85 word14 word74 word33 word431 word135 word412 word277 word270 word228 word410 word22 word47 word212 word198 word273 word369 word294 word129 word164 word377 word101 word253 word270 word376 word358 word233 word155 word184 word206 word110 word313 word105 word325 word376 word481 word60 word380 word43 word169 word89 word82 word88 word22 word412 word31 word200,negativa,negativa
word95 word416 word73 word224 word417 word221 word93 word79 word303 word63 word178 word306 word190 word414 word344 word68 word409 word456 word102 word180 word198 word213 word232 word448 word326 word449 word176 word263 word54 word139 word292 word86 word481 word136 word81 word391 word46 word163 word100 word348 word422 word98 word209 word240 word346 word177 word262 word252 word6 word285 word284 word496 word256 word450 word175 word348,neutra,neutra
word108 word204 word408 word58 word366 word416 word336 word324 word70 word307 word114 word124 word431 word308 word497 word228 word179 word498 word312 word432 word23 word263 word409 word405 word358 word83 word274 word51 word401 word316 word97 word364 word360 word27 word45 word101 word36 word269 word440 word32 word308 word213 word419 word242,positiva,positiva
word295 word343 word348 word430 word17 word496 word22 word500 word131 word423 word42 word231 word271 word478 word62 word19 word325 word25 word389 word20 word486 word267 word475 word64 word137 word228 word15 word52 word165 word369 word355 word44 word30 word329 word180 word397 word150 word182 word110 word134 word354 word236 word330 word40 word268 word230 word456 word212 word52 word349 word75 word455 word192 word393 word328 word233 word293 word92 word38 word384 word480 word431 word153 word180 word180 word352 word312 word399 word473 word197 word332 word251 word478 word178 word94 word190 word310 word477 word415 word10 word255 word80 word182 word472 word493 word77 word71 word349,negativa,negativa
word72 word485 word271 word287 word431 word109 word278 word500 word12 word88 word74 word168 word65 word87 word427 word233 word180 word210 word486 word246 word235 word464 word19 word240 word375 word258 word435 word444 word169 word409 word122 word120 word489 word7 word177 word315 word207 word423 word126 word277 word63 word106 word87 word371 word102 word335 word173 word283 word437 word432 word6 word393 word478 word334 word94 word333 word319 word332 word215 word263 word326 word232 word387 word355 word152 word306 word379 word245 word358 word64 word194 word351 word448 word323 word332 word172,negativa,negativa
word298 word62 word452 word479 word147 word86 word215 word386 word314 word20 word5 word118 word378 word131 word448 word149 word447 word460 word364 word88 word36 word87 word317 word346 word493 word477 word154 word195 word387 word387 word157 word16 word49 word413 word175 word362 word401 word449 word247 word319 word98 word471 word442 word195,positiva,positiva
word230 word160 word253 word107 word144 word447 word403 word134 word81 word488 word341 word247 word350 word111 word215 word196 word361 word92 word245 word417 word99 word60 word411 word437 word216,neutra,neutra
word28 word253 word407 word367 word406 word197 word115 word330 word19 word448 word357 word252 word100 word126 word499 word8 word5 word174 word115 word339 word22 word393 word392 word115 word290 word336 word425 word367 word482 word58 word306 word387 word116 word110 word47,neutra,neutra
word191 word422 word169 word307 word238 word364 word259 word241 word211 word148 word244 word31 word170 word39 word162 word176 word14 word149 word336 word485 word309 word356 word335 word473 word471 word58 word237 word454 word441 word268 word222 word30 word239 word254 word317 word261 word108 word485 word109 word192 word255 word147 word35 word306 word119 word440 word397 word215 word232 word475 word14 word190 word31 word70 word460 word51 word479 word392 word321 word371 word93 word59 word185 word383 word153,positiva,positiva
word434 word33 word438 word21 word341 word181 word231 word55 word339 word312 word161 word237 word277 word344 word270 word30 word272 word175 word206 word186 word177 word119 word166 word357 word113 word380 word220 word306 word59 word104 word451 word416 word35 word452 word419 word69,positiva,positiva
word107 word305 word488 word221 word465 word325 word463 word452 word9 word401 word95 word413 word405 word130 word34 word210 word152 word277 word42 word23 word219 word385 word158 word162 word83 word142 word150 word130 word172 word142 word341 word170 word378 word303 word321 word292 word462 word128 word492 word104 word70 word414 word448 word47 word300 word257 word111 word261 word343 word288 word260 word443 word113 word312 word159 word487 word126 word436 word317 word108 word380 word121 word132 word173 word341 word196 word285 word277 word99 word117 word154 word112 word460 word191 word203 word337,negativa,negativa
word346 word75 word278 word434 word391 word62 word74 word353 word174 word209 word239 word290 word225 word12 word48 word1 word133 word409 word486 word238 word14 word36 word408 word172 word441 word254 word440 word68 word430 word274 word219 word265 word164 word302 word386,neutra,neutra
word196 word465 word33 word321 word397 word400 word299 word384 word455 word383 word58 word123 word153 word172 word181 word110 word342 word56 word394 word330 word481 word4 word148 word450 word247 word281 word15 word382 word127 word482 word188 word95 word297 word239 word236 word475 word183 word199 word313 word86 word415,negativa,negativa
word299 word168 word246 word356 word430 word390 word332 word390 word17 word135 word122 word327 word377 word75 word97 word248 word485 word2 word440 word97 word135 word316 word365 word438 word3 word25 word240 word280 word131 word319 word133 word467 word89 word328 word266 word52 word303 word74 word270 word318 word37 word108 word148 word465 word111 word461 word267 word475 word416 word147 word280 word359 word40 word332 word230 word18 word434 word133 word438 word104 word271 word186 word447 word477 word386 word423 word385 word147,neutra,neutra
word341 word94 word25 word174 word66 word147 word320 word295 word105 word9 word113 word228 word390 word183 word143 word276 word36 word113 word19 word263 word222 word292 word309 word198 word435 word460 word56 word461 word99 word125 word265 word15 word183 word98 word242 word408 word463 word107 word273 word238 word208 word317 word495 word203 word33 word458 word467 word162 word251 word432 word252 word241 word461 word415 word254 word81 word220 word339 word137 word269 word330 word43 word285 word369 word108 word275 word355 word23 word323 word130 word199 word325 word3 word9 word224 word475 word4 word395 word38 word245 word216,negativa,negativa
word184 word475 word448 word283 word477 word453 word294 word59 word450 word321 word71 word421 word200 word394 word131 word5 word227 word227 word432 word58 word457 word77 word468 word354 word180 word479 word180 word318 word9 word52 word177,positiva,positiva
word416 word179 word237 word478 word356 word209 word417 word69 word337 word475 word264 word307 word30 word303 word146 word498 word160 word157 word198 word349 word476 word174 word105 word383 word271 word228 word496 word248 word310 word491 word105 word452 word481 word236 word169 word82 word24 word493 word216 word334 word121 word162 word410 word329 word110 word3 word410 word41 word19 word151 word465 word323 word22 word459 word470 word349 word37 word8 word437 word412 word416 word244 word298 word87 word18 word111 word311 word202 word309 word221 word279 word476 word316 word478 word485 word309 word498 word125 word261 word38 word46 word67 word67 word206 word361 word493 word491 word90 word219 word216 word50 word20 word177 word429 word193 word192 word499 word189,positiva,positiva
word158 word55 word186 word109 word296 word377 word490 word441 word160 word470 word471 word252 word103 word389 word57 word181 word267 word432 word489 word409 word243 word43 word400 word429 word237 word278 word426 word67 word407 word257 word344 word96 word308 word135 word260 word263 word479 word336 word279 word201 word169 word327 word442 word287 word331 word164 word280 word286 word342 word159 word175 word180 word211,positiva,positiva
word18 word206 word23 word199 word400 word346 word63 word359 word7 word7 word457 word17 word133 word66 word292 word262 word420 word494 word373 word234 word24 word462 word281 word109 word271 word196 word176 word227 word377 word82 word483 word32 word74 word339 word73 word389 word368 word215 word228 word500 word398 word317 word71 word295 word20 word126 word349 word204 word498 word470 word48 word442 word433 word54 word193 word475 word9 word30 word256 word477 word140 word387 word347 word74 word144 word313 word241 word119 word101 word279 word415 word207 word463 word334 word202 word354 word225 word379 word492,neutra,neutra
word151 word152 word44 word146 word419 word121 word439 word44 word319 word54 word193 word477 word385 word257 word316 word331 word396 word297 word256 word38 word480 word284 word146 word68 word303 word392 word405 word443 word447 word312 word474 word38 word198 word242 word350 word150 word146 word452 word325 word318 word93 word251 word211 word311 word461 word140 word406 word317 word249 word476,positiva,positiva
word57 word326 word136 word231 word484 word119 word443 word233 word467 word425 word417 word104 word396 word184 word456 word496 word306 word457 word267 word17 word437 word266 word23 word33 word362 word462 word349 word221 word154 word210 word162 word137 word65 word285 word110 word73 word138 word400 word287 word246 word296 word284 word249 word421 word366 word93 word409 word88 word40 word211 word197 word394 word348 word30,neutra,neutra
word377 word320 word461 word450 word254 word55 word318 word312 word139 word425 word435 word166 word239 word98 word90 word133 word183 word137 word76 word224 word312 word163 word267 word136 word352 word325 word481 word27 word427 word171 word34 word345 word86 word88 word490 word111 word274 word101 word62 word1 word9 word237 word218 word20 word175 word137 word286 word498 word346 word460 word97 word108 word376 word156 word425 word232 word101 word423 word276 word402 word227 word64 word341 word63 word332 word209 word396 word436 word204 word442 word56 word54 word497 word288 word226 word78 word145 word344 word411 word459 word204 word228 word82 word42 word219 word290 word53 word205 word321 word406 word470 word171 word196 word438 word347 word137,negativa,negativa
word337 word272 word385 word36 word253 word213 word457 word37 word322 word93 word442 word426 word118 word436 word249 word486 word365 word18 word102 word202 word106 word67 word490 word435 word218 word108 word91 word458 word166 word7 word199 word228 word312 word170 word462 word322 word494 word184 word326 word183 word350 word373 word161 word469 word429 word448 word109 word359 word54 word53 word487 word77 word433 word216 word152 word37 word338 word361 word234 word405 word162 word276 word144 word292 word69 word239 word275 word279 word224 word322 word257 word142 word108 word324,negativa,negativa
word87 word187 word12 word199 word64 word57 word418 word373 word228 word284 word146 word243 word388 word261 word397 word243 word182 word448 word451 word115 word232 word387 word131 word375,positiva,positiva
word417 word156 word327 word289 word296 word153 word43 word320 word217 word489 word446 word38 word181 word208 word191 word362 word179 word77 word182 word394 word203 word143 word387 word33 word228 word52 word304 word450 word222 word491 word437 word364 word90 word17 word62,positiva,positiva
word279 word253 word495 word477 word316 word53 word174 word334 word402 word376 word244 word336 word155 word318 word240 word342 word436 word411 word367 word384 word87 word93 word420 word271 word216 word333 word42 word83 word74 word284 word34 word23 word339 word368 word129 word346 word49 word205 word183 word174 word434 word40 word315 word137 word244 word101 word367 word31 word38,positiva,positiva
word418 word206 word350 word163 word375 word42 word441 word190 word253 word402 word15 word473 word308 word488 word276 word104 word292 word286 word461 word288 word204 word89 word163 word291 word185 word182 word8 word472 word419 word128 word69 word418 word419 word449 word274 word368 word365 word108 word262 word131 word377 word486 word39 word38 word133 word59 word5 word490 word292 word389 word284 word374 word344 word81 word76 word245 word186 word421 word154 word165 word265 word97 word430 word6 word424 word312 word444 word147 word451 word432 word229 word142 word99 word76,positiva,positiva
word295 word489 word278 word319 word95 word161 word453 word249 word256 word409 word164 word133 word5 word116 word257 word363 word165 word223 word111 word409 word263 word72 word305 word168 word433 word135 word433 word349 word68 word380 word361 word229 word81 word240 word305 word67 word171 word351 word277 word497 word109 word389 word213 word112 word476 word312 word268 word148 word441 word16 word58 word90 word327 word52 word399 word98 word339 word398 word440 word147 word38 word379 word225 word475 word95 word288 word60 word243 word1 word376 word303 word49 word250 word215 word337 word250 word230 word416 word260 word408 word443 word425 word478,neutra,neutra
word207 word361 word421 word488 word271 word140 word306 word250 word102 word363 word39 word202 word347 word461 word311 word490 word417 word119 word423 word169 word316 word101 word270 word340 word458 word472 word401 word280 word442 word54 word498 word102 word202 word454 word359 word425 word345 word301 word88 word499 word319 word335 word215 word477 word226 word96 word91 word350 word373 word103 word349 word499 word267 word486 word79 word202 word279 word180 word51 word230 word170 word102 word187 word210 word442 word246 word208 word195 word300 word138 word438 word210 word213 word32 word442 word236,neutra,neutra
word235 word19 word351 word152 word192 word79 word183 word198 word113 word490 word140 word91 word275 word160 word227 word363 word40 word255 word11 word22 word47 word81 word175 word468 word454 word52 word496 word318 word277 word397 word243 word133 word265 word363 word342 word85,neutra,neutra
word387 word445 word276 word161 word492 word482 word344 word321 word53 word201 word100 word258 word414 word113 word499 word65 word50 word488 word51 word368 word382 word166 word33 word155 word35 word337 word445 word499 word401 word388 word441 word385 word326 word499 word162 word207 word454 word156 word150 word77 word138 word297 word444 word69 word341 word384 word448 word376 word78 word245 word477 word455 word307 word482 word335 word33 word458 word85 word191 word120 word360 word15 word321,negativa,negativa
word78 word477 word72 word10 word409 word210 word179 word359 word262 word458 word234 word357 word440 word232 word143 word488 word114 word20 word290 word494,negativa,negativa
word238 word342 word432 word214 word269 word457 word456 word115 word120 word103 word14 word348 word215 word16 word103 word267 word418 word332 word267 word94 word145 word391 word387 word435 word264 word137 word252 word449 word91 word424 word498 word410 word330 word205 word428 word81 word380 word201 word252 word232 word5 word494 word334 word301 word51 word390 word481 word408 word125 word91 word184 word12 word276 word230 word252 word495 word328 word209 word392 word185 word379 word467 word455 word260,positiva,positiva
word363 word26 word421 word110 word185 word86 word79 word264 word43 word41 word393 word172 word325 word494 word26 word398 word55 word381 word154 word68 word115 word183 word365 word341 word365 word11 word488 word217 word56 word465 word397 word42 word219 word454 word342 word98 word351 word95 word176 word98 word347 word466 word23 word302 word125 word376 word70 word184 word103 word437 word42 word291 word61 word300 word384 word377 word17 word387 word149 word341 word482 word60 word182 word434 word71 word131 word275 word499 word148 word193 word398 word60 word164 word159 word201 word287 word111 word196 word459 word415 word479 word342 word292 word107 word80 word270,neutra,neutra
word334 word88 word433 word76 word297 word83 word181 word330 word500 word496 word448 word118 word47 word453 word462 word140 word10 word324 word39 word21 word469 word248 word57 word328 word185 word269 word450 word119 word324 word415 word212 word486 word225 word230 word443 word318 word435 word396 word357 word121 word200 word433 word309 word141 word164 word388 word90 word57 word383 word145 word383 word267 word499 word263 word434 word426 word106 word499 word373 word54 word4 word136 word9 word179 word499 word240 word12 word247 word110 word429 word46 word386 word223 word10 word337 word228 word386 word310 word394 word231 word4 word66 word230 word199 word398 word206 word431 word94 word193 word379 word63 word161 word376 word295 word390 word258 word430 word439,negativa,negativa
word395 word102 word325 word410 word325 word430 word101 word232 word166 word363 word64 word160 word352 word9 word128 word355 word120 word304 word201 word231 word180 word450 word361 word364 word396 word213 word52 word27 word242 word439 word242 word493 word262 word318 word39 word385 word445 word254 word453 word119 word245 word457 word302 word345 word202 word275 word186 word342 word28 word256 word465 word30 word226 word331 word43 word3 word83 word111 word440 word78 word321 word171 word268 word455 word430 word40 word45 word179 word405 word380 word310 word432 word92 word369 word485 word483 word356 word348 word112 word373 word124 word212 word59 word152 word38 word231 word37 word384 word328,negativa,neutra
word87 word17 word59 word287 word331 word42 word472 word48 word344 word401 word261 word246 word55 word121 word426 word175 word18 word365 word342 word34 word26 word59 word26 word309 word67 word304 word89 word487 word363 word188 word215 word33 word28 word269 word12,negativa,negativa
word394 word5 word446 word86 word198 word179 word463 word361 word18 word427 word339 word35 word391 word17 word213 word82 word6 word280 word344 word240 word172 word257 word76 word25 word79 word28 word385 word305 word94 word285 word243 word56 word486 word469 word380 word405 word274 word402 word265 word84 word84 word428 word224 word365 word73 word224 word42 word111 word55 word105 word304 word3,neutra,neutra
word175 word304 word493 word228 word92 word185 word64 word236 word365 word18 word389 word115 word337 word408 word389 word335 word347 word94 word68 word191 word305 word310 word389,negativa,negativa
word241 word128 word359 word287 word366 word471 word365 word171 word101 word265 word225 word157 word406 word455 word191 word341 word493 word6 word183 word369 word249 word396 word238 word33 word217 word203 word423 word74 word78 word71 word284 word498 word310,negativa,negativa
word388 word495 word162 word157 word283 word251 word191 word183 word94 word126 word293 word368 word376 word259 word377 word297 word179 word177 word260 word154 word382 word93,neutra,neutra
word318 word313 word307 word238 word212 word311 word393 word207 word283 word236 word143 word146 word40 word220 word357 word343 word493 word20 word381 word398 word219 word142 word179 word342 word432 word322 word258 word327 word36 word305 word22 word480 word445 word255 word188 word367 word319 word353 word258 word119 word37 word142 word265 word213 word254 word139 word469 word184 word424 word196 word222 word302 word132 word110 word190 word403 word73 word219 word337 word354 word218 word41 word8 word235 word406 word15 word444 word338 word5 word172 word111 word475 word278 word163 word140 word282 word3 word129 word83 word311 word335 word234 word71 word186 word422 word102 word82 word56 word409 word60 word291 word500 word321 word207 word104,negativa,negativa
word359 word225 word476 word104 word285 word35 word148 word288 word245 word471 word307 word206 word214 word306 word396 word139 word293 word288 word5 word457 word285 word122 word317 word339 word458 word18 word207 word91 word288 word251 word238 word492 word266 word206 word34 word145 word449 word226 word456 word267 word275 word215 word279 word34 word29 word238 word299 word276 word215 word148 word355 word303 word24 word227 word356 word393 word144 word463 word326 word219 word314 word436 word114 word76 word221 word42 word418 word486 word303 word490 word35 word317 word222 word139 word156 word273 word321 word83 word308,negativa,negativa
word231 word454 word480 word245 word482 word410 word410 word113 word220 word177 word49 word38 word312 word211 word413 word335 word43 word420 word249 word283 word483 word321 word12 word89 word214 word19 word84 word396 word72 word84 word253 word46 word128 word469 word316 word482 word178 word309 word120 word190 word88 word417 word93 word103 word232 word215 word157 word179 word148 word457 word291 word460 word494 word326 word413,negativa,negativa
word68 word36 word399 word485 word292 word20 word241 word141 word28 word72 word250 word214 word282 word347 word133 word144 word339 word99 word39 word427 word105 word61 word369 word266 word74 word426 word123 word339 word326 word415 word365 word352 word26 word470 word64 word127 word224 word145 word297 word27 word227 word175 word324 word260 word378 word83 word475 word197 word175 word275 word82 word408 word133 word464 word75 word433 word198 word304,neutra,neutra
word32 word172 word193 word490 word159 word486 word351 word347 word410 word422 word112 word211 word265 word489 word21 word239 word108 word104 word381 word101 word397 word497 word389 word85 word72 word219 word276 word390 word212 word84 word496 word453 word328 word348 word468 word238 word73 word303 word226 word400 word386 word236 word184 word212 word317 word319 word256 word266 word496 word127 word87 word400 word468 word305 word201 word175 word234 word27,negativa,negativa
word266 word172 word97 word355 word139 word327 word33 word318 word322 word263 word329 word497 word420 word220 word436 word478 word81 word180 word372 word258 word68 word237 word187 word370 word258 word70 word25 word144 word79 word439 word136 word318 word64 word221 word468 word322 word145 word374 word251 word118 word499 word469 word284 word17 word206 word257 word465 word367 word112 word256 word90 word237 word268 word255 word214 word219 word399 word253 word22 word371 word309 word348 word356 word87 word486 word496 word73 word110 word124 word484 word467 word133 word316 word122 word20 word116 word39 word424 word393 word93 word284 word103 word283 word448 word440 word417 word121 word96 word81 word64 word307 word330 word442 word46,neutra,neutra
word482 word481 word32 word57 word91 word284 word177 word10 word283 word163 word422 word381 word423 word284 word348 word41 word380 word226 word3 word40 word155 word187 word105 word385 word224 word130 word337 word227 word390 word251 word375 word427 word40 word61 word366 word276 word121 word16 word478 word47 word232 word111 word198 word360 word255 word21 word44 word473 word126 word214 word393 word420 word143 word111 word219 word169 word351 word364,positiva,positiva
word294 word290 word289 word283 word176 word370 word127 word327 word264 word184 word402 word160 word330 word126 word101 word288 word488 word150 word58 word61 word246 word392 word357 word105 word418 word83 word280 word425 word404 word352 word166 word384 word194 word176 word267 word309 word105 word467 word434 word142 word121 word35 word204 word86 word466 word449 word415 word141 word346 word246 word137 word268 word83 word481 word82 word151 word111 word261 word337 word480 word195 word101 word11 word299 word490 word32 word499 word132 word455 word35 word446 word166 word138 word104 word67 word400 word35,positiva,positiva
word446 word352 word427 word198 word197 word7 word342 word11 word487 word344 word233 word331 word497 word81 word373 word434 word294 word332 word254 word78 word491 word144 word193 word487 word29 word204 word278 word119 word336 word263 word132 word103 word144 word396 word261 word398 word360 word401 word428 word309 word181 word348 word473 word161 word244 word440 word299 word73 word176 word128,positiva,positiva
word202 word280 word193 word79 word288 word148 word133 word356 word34 word12 word179 word298 word420 word259 word130 word172 word190 word168 word335 word400 word355 word191 word144 word40 word399 word482 word28 word66 word108 word399 word109 word7 word168 word183 word198 word258 word121 word15 word54 word368 word330 word131 word471 word271 word399 word397 word151 word296 word297 word228 word318 word169 word50 word23 word224 word457 word108 word296 word83 word316 word93 word221 word405 word187,positiva,positiva
word297 word365 word42 word497 word305 word310 word442 word246 word16 word67 word474 word494 word42 word343 word331 word83 word394 word230 word116 word281 word453 word109 word310 word367 word313 word326 word363 word117 word51 word495 word160 word475 word135 word133 word13 word221 word473 word448 word153 word204 word335 word478 word303 word101 word179 word363 word12 word300 word385 word174 word270 word359 word298 word13 word293 word116 word370 word131 word490 word59 word446 word17 word342 word177 word98 word110 word20 word67 word197,positiva,positiva
word106 word274 word406 word63 word31 word197 word329 word157 word411 word424 word267 word190 word21 word411 word448 word222 word259 word377 word348 word68 word337 word463 word376 word241 word262 word130 word331 word121 word171 word133 word168 word184 word42 word359 word221 word475 word91 word335 word90 word274 word246 word225 word328 word415 word159 word425 word93 word147 word156 word477 word60 word198 word213 word401 word243 word484 word371 word352 word377 word81 word225 word294 word105 word60 word68 word395 word329 word141 word369 word348 word409,negativa,negativa
word49 word467 word87 word198 word424 word214 word351 word35 word149 word380 word132 word207 word41 word253 word175 word431 word200 word414 word453 word420 word372 word292 word240 word41 word68 word191 word329 word3 word469 word497 word40 word49 word425 word100 word91 word94 word351 word67 word92 word199 word301 word496 word119 word128 word271 word209 word301 word124 word310 word463 word342 word368 word35 word452 word352,positiva,positiva
word264 word483 word104 word478 word325 word309 word296 word407 word342 word48 word391 word365 word458 word469 word475 word22 word316 word468 word483 word275 word456 word441 word2 word443 word319 word287 word90 word460 word148 word209 word149 word485 word242 word58 word6 word491 word118 word386 word15 word449 word326 word113 word445 word149 word499 word300 word225 word30 word131 word30 word427 word51 word57 word63 word488 word486 word358 word37 word252 word475 word49 word397 word10,neutra,neutra
word345 word394 word494 word326 word124 word171 word105 word99 word154 word250 word394 word146 word94 word64 word99 word217 word206 word200 word159 word227 word324 word23 word446 word153 word70 word88 word274 word261 word45 word250 word111 word456 word155 word500 word290 word483 word278 word63 word322 word239 word410 word196 word94 word57 word372 word117 word334 word68 word40 word356 word173 word284 word14 word95 word46,positiva,positiva
word214 word294 word481 word145 word161 word401 word477 word203 word173 word357 word376 word355 word320 word68 word132 word29 word195 word421 word112 word351 word211 word88 word112 word340 word396 word165 word459 word29 word288 word115 word446 word378 word30,neutra,negativa
word263 word112 word435 word83 word241 word402 word52 word225 word236 word277 word443 word292 word189 word199 word313 word150 word343 word192 word31 word268 word126 word180 word162 word69 word145 word457 word161 word367 word205 word34 word419,positiva,positiva
word99 word299 word27 word237 word445 word438 word258 word117 word37 word86 word141 word276 word363 word231 word414 word81 word212 word307 word27 word453 word498 word371 word352 word105 word92 word120 word68 word279 word479 word339 word441 word490,positiva,positiva
word403 word322 word13 word417 word180 word238 word244 word410 word134 word196 word20 word175 word45 word292 word447 word233 word457 word489 word27 word259 word265 word193 word416 word198 word28 word274 word101 word178 word251 word362 word140 word191 word34 word193 word291 word309 word147 word31 word289 word328 word43 word253 word48 word227 word321,negativa,negativa
word491 word59 word256 word169 word60 word25 word324 word327 word281 word337 word360 word29 word18 word168 word285 word452 word490 word414 word146 word288 word59 word243 word50 word497 word226 word362 word53 word477 word263 word36 word185 word107 word35 word16 word357 word434 word331 word348 word19 word89 word18 word488 word369 word478 word453 word113 word256 word324 word371 word335 word227 word3 word470 word345 word419 word111 word54 word451 word403 word420 word221 word453 word113 word379 word248 word83 word359 word181 word80 word355 word386 word162 word484 word356 word12,positiva,positiva
word289 word215 word497 word457 word72 word322 word162 word358 word243 word477 word473 word29 word55 word12 word397 word115 word362 word167 word154 word303 word387 word284 word288 word369 word86 word297 word143 word78 word165 word97 word162 word12 word374 word175 word331 word375 word410 word39 word256 word209 word176 word404 word34 word156 word398 word198 word38 word87 word151 word125 word335 word86 word383 word156 word35 word6 word304 word368 word69,positiva,positiva
word419 word479 word240 word393 word112 word462 word352 word367 word298 word415 word268 word483 word332 word227 word105 word454 word29 word22 word16 word54 word124 word246 word139 word227 word224 word220 word30 word269 word150 word270 word31 word436 word362 word173 word180 word159 word496 word351 word231 word325 word33 word415 word298 word155,positiva,positiva
word393 word14 word255 word95 word341 word60 word133 word263 word189 word101 word32 word9 word96 word142 word60 word255 word443 word358 word154 word220 word385 word482 word276 word100,neutra,negativa
word452 word132 word207 word93 word96 word184 word210 word176 word367 word76 word238 word445 word367 word103 word120 word464 word292 word440 word433 word221 word265 word185 word319 word325 word340 word431 word370 word51 word176 word285 word314 word433 word209 word411 word196 word74 word238 word75 word204 word122 word13 word332 word371 word66 word293 word252 word69 word305 word131 word412 word306 word56 word260 word59 word362 word149 word245 word349 word423 word257 word39 word130 word307 word21 word186 word162 word154 word477 word472 word449 word432 word447 word92 word197 word29 word399 word434 word15 word85 word85 word465 word396 word139 word23 word206 word293 word23 word235 word269 word491 word95 word92 word216 word160 word460 word394 word127 word168 word318,positiva,positiva
word434 word61 word123 word230 word447 word413 word440 word415 word314 word146 word302 word248 word476 word225 word379 word87 word342 word227 word218 word378 word242 word30 word195 word482 word474 word308 word320 word132 word391 word300 word19 word475 word427 word41 word209 word372 word369 word84 word21 word493 word447 word370 word330 word344 word229 word343 word152 word42 word156 word147 word152 word236 word66 word204 word232 word95 word227 word338 word206 word2 word352 word290 word210 word12 word45 word40 word427 word155 word213 word349 word328 word33 word465 word133 word384 word417 word270 word82 word273 word123 word425 word378 word412 word415 word90 word16 word314 word307 word433 word319 word402 word175 word63 word19 word218 word1 word260 word201 word129,neutra,neutra
word259 word6 word7 word59 word347 word88 word32 word341 word241 word266 word97 word108 word121 word323 word490 word458 word57 word340 word379 word21 word319 word223 word98 word395 word468 word300 word101 word215 word258 word452 word396 word336 word382 word348 word160 word67 word420 word277 word482 word341 word238 word324 word327 word491 word183 word191 word178 word54 word235 word223 word99 word408 word345 word121 word83 word310 word3 word76 word220 word496 word39 word265 word282 word126 word261 word318 word69 word478 word123 word185 word13 word297 word297 word59 word147 word384 word357 word154 word315 word374 word187 word88 word11 word478 word161 word404 word163 word357,positiva,positiva
word35 word472 word152 word327 word177 word281 word281 word146 word217 word299 word109 word66 word90 word209 word107 word143 word343 word336 word472 word382 word213 word465 word461 word112 word86 word443 word446 word423 word231 word432 word385 word371 word302 word134 word374 word439 word443 word300 word20 word371 word127 word103 word40 word79 word246 word139 word191 word256 word264 word209 word227 word444 word142 word7 word401,positiva,positiva
word206 word123 word151 word93 word189 word316 word189 word72 word401 word216 word292 word262 word254 word220 word378 word428 word452 word222 word171 word42 word222 word497 word131 word423 word379 word331 word283 word379 word50 word65 word98 word383 word217 word104 word23 word245 word200 word89 word12,neutra,neutra
word244 word265 word251 word442 word191 word483 word270 word344 word463 word408 word220 word103 word69 word182 word333 word400 word16 word232 word471 word412 word470 word479 word47 word341 word276 word239 word399 word468 word233 word325 word240 word318 word486 word406 word116 word434 word264 word293 word58 word223 word152 word44 word426 word65 word359 word373 word307 word421 word57 word9 word426 word92 word150 word345 word268 word101 word117 word419 word261 word462 word282 word332 word171 word15 word253 word366 word204 word431 word349 word254 word272 word114 word440 word30,neutra,positiva
word468 word402 word152 word116 word414 word379 word316 word490 word51 word193 word302 word36 word489 word286 word155 word120 word1 word297 word489 word19 word207 word332 word216 word326 word357 word483 word303 word355 word151 word76 word50 word55 word414 word21 word242 word307 word337 word34 word431 word219 word9 word67 word430 word472 word376 word167,neutra,neutra
word466 word32 word389 word470 word244 word434 word379 word108 word428 word350 word7 word285 word328 word401 word386 word238 word150 word96 word45 word320 word480 word41 word352 word293 word86 word107 word143 word343 word150 word415 word185 word55 word48 word201 word204 word367 word240 word82 word107 word284 word168 word336 word462 word178 word276 word416 word106 word256 word153 word314 word372 word71 word94 word12 word7 word26 word354 word452 word205 word442 word365 word404 word370 word100,negativa,negativa
word241 word156 word145 word235 word151 word380 word93 word447 word182 word264 word85 word460 word322 word385 word448 word498 word128 word165 word122 word251 word450 word370 word285 word237 word365 word234,positiva,positiva
word12 word321 word35 word139 word398 word249 word189 word146 word335 word478 word370 word180 word212 word52 word72 word135 word194 word496 word436 word57 word166 word29 word32 word188 word480 word93 word341 word197,neutra,neutra
word283 word10 word116 word477 word8 word124 word310 word282 word103 word30 word450 word276 word287 word29 word105 word37 word490 word385 word274 word341 word83 word495 word259 word259 word480 word48 word213 word45 word213 word134 word231 word351 word141 word26 word81 word358 word290 word490 word448 word81 word368 word46,neutra,neutra
word453 word445 word93 word147 word487 word161 word407 word393 word431 word9 word242 word283 word419 word113 word154 word90 word381 word500 word71 word117 word154 word445 word223 word141 word162 word300,negativa,negativa
word346 word231 word393 word275 word185 word55 word53 word254 word177 word360 word316 word143 word380 word283 word440 word477 word481 word64 word265 word15 word441 word352 word132 word304 word280 word272 word270 word493 word385 word202 word387 word71 word143 word59,positiva,positiva
word438 word304 word499 word202 word306 word272 word24 word21 word449 word87 word178 word312 word288 word258 word490 word394 word471 word330 word490 word301 word271 word408 word435 word35 word456 word346 word449 word358 word464 word138 word94 word98 word127 word107 word221 word100 word80 word262 word397 word68 word256 word330 word353 word53 word367 word14 word119 word160 word427 word96 word392 word495 word480 word152 word48 word112 word385 word99 word323 word187 word384 word303 word293 word391 word478 word183 word265 word313 word412 word242 word188 word424 word477 word285 word52 word145 word232 word352 word335 word411 word15 word233 word351 word494 word72 word440 word4 word99 word424 word394 word487 word301 word308 word268 word256 word257 word147 word427 word179,negativa,negativa
word478 word312 word157 word226 word187 word423 word233 word19 word344 word379 word198 word461 word213 word133 word351 word64 word493 word342 word159 word41 word293 word294 word398 word142 word107 word207 word410 word455 word178 word24 word56 word273 word13 word362 word17 word212 word399 word234 word338 word167 word397,positiva,positiva
word18 word54 word240 word57 word415 word201 word207 word3 word351 word361 word379 word271 word135 word40 word158 word272 word59 word28 word109 word36 word8 word243 word373 word250 word46 word170 word18 word311 word117 word194 word452 word294 word383 word175 word466 word358 word258 word290 word312 word81 word126 word344 word221 word392 word263 word33 word333 word305 word183 word396 word176 word58 word61 word451 word189 word208 word153 word369 word303 word450 word448 word495 word165 word292 word174 word353 word375 word126 word430 word146 word492 word426 word10 word200 word195,neutra,neutra
word449 word268 word464 word135 word357 word490 word108 word370 word237 word441 word153 word481 word400 word353 word15 word42 word332 word240 word162 word421 word241 word230 word162 word491 word183 word130 word338 word18 word298 word283 word123 word385 word22 word491 word429 word88 word247 word99 word310 word177 word245 word479 word310 word434 word314 word238 word8 word45 word267 word252 word252 word423 word48 word330 word373 word323 word118 word204 word28 word89 word402 word309 word433 word346 word121 word407 word344 word96 word3 word382 word361 word45 word233 word457 word397 word409 word197,positiva,positiva
word350 word353 word141 word386 word260 word39 word478 word496 word436 word238 word117 word6 word369 word446 word53 word343 word14 word389 word15 word488 word86 word201 word348 word424 word182 word491 word8 word236 word495 word138 word267 word223 word197 word384 word260 word357 word260 word499 word236 word399 word307 word401 word443 word114 word151 word151 word244 word246 word2 word448 word430 word301 word153 word414 word136 word153 word499 word462 word293 word85 word62 word483 word133 word341 word177 word249 word494 word297 word216 word208 word116 word279 word285 word48 word203 word323 word28 word489 word431 word319 word8 word259 word450 word12 word396 word420 word38 word116 word362 word456 word386 word263 word302 word263 word289,neutra,neutra
word62 word76 word376 word405 word328 word327 word433 word490 word416 word69 word402 word256 word400 word363 word339 word434 word76 word427 word174 word101 word361 word492 word44 word491 word172 word485 word25 word307 word268 word416 word236 word39 word92 word128 word436 word46 word420 word253 word283 word483 word384 word325 word413 word231 word466 word397 word489 word276 word322 word229 word463 word315 word80 word256 word67 word321 word350 word402 word77 word232,neutra,negativa
word239 word98 word41 word266 word58 word156 word341 word7 word495 word219 word436 word87 word231 word480 word317 word405 word343 word370 word183 word227 word25 word130 word33 word163 word363 word103 word240 word276 word82 word406 word386 word94 word19 word3 word147 word63 word9 word231 word263 word10 word300 word202 word101 word56 word380 word54 word101 word357 word315 word500 word21 word98 word331 word115 word191 word149 word405 word393 word403 word253 word244 word286 word34 word274 word139 word469 word93 word18 word482 word79 word259 word192 word135 word245 word367 word57 word331 word447,positiva,positiva
word335 word269 word306 word25 word158 word225 word198 word455 word449 word356 word177 word26 word378 word442 word245 word414 word466 word274 word105 word12 word379 word282 word77 word28 word485 word161 word164 word315 word183 word457 word341 word179 word134 word431 word296 word460 word173 word11 word450 word120 word423 word355 word116 word379 word41 word197 word179 word329 word268 word307 word239 word370 word81 word360 word26 word43 word362 word80 word386 word67 word74 word467 word89 word457 word175 word399 word470 word59 word166,negativa,negativa
word142 word188 word122 word229 word451 word44 word447 word207 word289 word336 word368 word472 word500 word50 word206 word270 word262 word496 word326 word202 word461 word366 word399 word314 word33 word486 word357 word75 word126 word171 word128 word311 word274 word107 word349 word144 word80 word479 word158 word117 word359 word382,positiva,positiva
word146 word201 word335 word77 word500 word351 word66 word158 word351 word252 word264 word21 word206 word308 word375 word224 word278 word112 word399 word349 word372 word334 word493 word440 word406 word168 word34 word1 word390 word450 word325 word361 word45 word283 word303 word79 word376,positiva,positiva
word349 word225 word91 word193 word234 word24 word424 word455 word210 word249 word421 word228 word345 word258 word136 word398 word97 word113 word346 word355 word478 word356 word13 word425 word207 word5 word290 word86 word208 word236 word38 word426 word256 word483 word233 word298 word407 word107 word455 word93 word498 word320 word260 word106 word285 word277 word492 word418 word242 word195 word194 word190 word7 word19 word376 word128 word206 word350 word304 word181 word377 word80 word237,neutra,neutra
word428 word241 word168 word234 word481 word111 word343 word452 word379 word436 word474 word30 word120 word73 word284 word204 word21 word279 word51 word204 word184 word447 word342 word313 word416 word91 word129 word377 word375 word11 word113 word114 word4 word331 word28 word421 word293 word381 word249 word486 word136 word279 word4 word417 word285 word88 word409 word495 word35 word423 word369 word178 word318 word393 word240 word334 word25 word463 word462 word106 word239 word120 word200 word138 word431 word348 word423 word397 word364 word84 word415 word392 word63 word44 word381 word196 word165 word199 word434 word182 word186 word200 word28 word19 word208 word9 word379 word213 word251 word169 word382 word214 word18 word245 word89 word298 word282 word238 word193 word298,positiva,positiva
word223 word112 word34 word297 word349 word102 word209 word173 word446 word396 word137 word257 word462 word173 word71 word150 word304 word497 word154 word30 word91 word207 word47 word18 word328 word413 word117 word262 word287 word334 word490 word443 word158 word488 word18 word481 word72 word57 word60 word62 word232 word321 word373 word8 word149 word67 word73 word374 word321 word105 word151 word463 word288 word120 word467 word100 word146 word347 word257 word35 word404 word115 word346 word168 word376 word450 word387 word461 word270 word33 word269 word231 word360 word125 word349 word221 word336,neutra,neutra
word118 word200 word331 word215 word445 word78 word155 word492 word400 word39 word471 word213 word322 word9 word83 word350 word131 word59 word340 word109 word434 word90 word12 word196 word164 word320 word117 word491 word212 word355 word385 word443 word252 word114 word260 word213 word305 word119 word258 word479 word345 word479 word54 word327 word12 word102 word414 word51 word240 word35 word150 word62,positiva,positiva
word393 word318 word269 word207 word390 word368 word181 word65 word435 word69 word215 word448 word209 word416 word245 word373 word296 word141 word448 word234 word229 word330 word466 word436 word197 word116 word163 word132 word148 word216 word11 word267 word425 word216,positiva,positiva
word356 word488 word118 word286 word341 word259 word485 word202 word109 word69 word425 word344 word289 word216 word205 word468 word341 word483 word401 word384 word277 word122 word327 word358 word261 word11 word481 word414 word177 word247 word62 word469 word116 word189 word215 word132 word318 word498 word428 word266 word66 word432 word129,neutra,neutra
word167 word482 word433 word296 word9 word296 word346 word183 word72 word283 word401 word160 word229 word1 word352 word434 word389 word215 word23 word247 word471 word42 word107 word419 word285 word86 word13 word206 word298 word421 word442 word229 word212 word466 word389 word105 word341 word358 word117 word489 word149 word275 word247 word347 word451 word197 word193 word376 word477 word455 word377 word352 word385 word468 word6 word295 word18 word289 word198 word153 word446 word355 word284 word441 word49 word324 word79 word117 word93 word273 word315 word378 word221 word470 word187 word79 word19 word64 word223,negativa,negativa
word46 word110 word333 word408 word478 word118 word296 word230 word358 word337 word36 word75 word296 word266 word443 word424 word30 word293 word204 word242 word33 word420 word83 word474 word466 word411 word59 word205 word12 word306 word433 word264 word12 word152 word86 word218 word186 word415 word111 word151 word119 word445 word148 word496 word334,positiva,positiva
word212 word122 word250 word484 word80 word341 word47 word151 word220 word192 word90 word389 word337 word218 word210 word38 word331 word115 word151 word431 word322 word349 word133 word251 word7 word123 word401 word238 word318 word395 word469 word41 word291 word498 word100 word430 word291 word159 word392 word436 word72 word341 word469 word334 word274 word70 word226 word453 word400 word226 word155 word402 word484 word150 word406 word155 word414 word483 word332 word249 word158 word30 word27 word418 word331 word114 word277 word440 word324 word459 word59 word37 word334 word292 word345 word491 word55 word466 word31 word263 word416 word341 word112 word303 word452 word102 word469 word327 word44 word167 word432 word169 word474 word210 word172 word427 word393 word120,neutra,neutra
word221 word362 word444 word471 word241 word450 word229 word237 word105 word314 word156 word243 word469 word274 word152 word336 word366 word304 word22 word114 word65 word478 word156 word238 word451 word496 word110,neutra,neutra
word241 word480 word382 word38 word138 word378 word269 word377 word168 word20 word393 word393 word320 word203 word5 word364 word331 word334 word86 word366 word363 word429 word284 word366 word201 word349 word348 word390 word429 word2 word390 word397 word273 word260 word362 word228 word207 word402 word395 word104 word415 word164 word69 word440 word120 word102 word135 word246 word84 word80 word197 word109 word97 word457 word298 word7 word51 word407 word135 word77 word333 word420 word200 word372 word211 word55 word399 word460 word493 word51 word283 word312 word40 word476 word52 word135 word485 word279 word340 word247,negativa,negativa
word191 word171 word239 word375 word357 word384 word45 word81 word425 word491 word64 word453 word132 word490 word497 word319 word96 word395 word51 word168 word320 word34 word197 word399 word46 word184 word2 word330 word40 word141 word262 word108 word116 word418 word389 word41 word429 word235 word73 word454 word169 word163 word74 word444 word144 word297 word120 word448 word394 word252 word173 word328 word248 word471 word337 word14 word412 word97 word151 word219 word105 word472 word490 word78 word161 word186 word336 word299 word339 word16 word258 word106 word115 word388 word71 word16 word244 word368 word256 word81 word387 word191 word355 word102 word457 word142 word486 word189 word364 word252 word39 word50 word203 word97 word305 word69,neutra,neutra
word408 word476 word256 word51 word351 word212 word170 word229 word150 word141 word495 word140 word230 word358 word111 word309 word448 word407 word15 word203 word1 word304 word163 word447 word88 word426 word172 word461 word100 word135 word176 word493 word367 word409 word277 word398 word314 word334 word419 word492 word288 word221 word327 word371 word494 word350 word478 word367 word476 word376 word443,neutra,neutra
word131 word259 word457 word55 word155 word25 word488 word351 word121 word208 word362 word479 word287 word136 word349 word343 word322 word23 word354 word10 word453 word441 word282 word324 word34 word438 word136 word132 word355 word470 word248 word254 word275 word146 word299 word481 word192 word387 word387 word426 word362 word461 word358 word489 word358 word419 word446,negativa,negativa
word430 word385 word319 word269 word484 word122 word397 word276 word257 word200 word318 word500 word204 word57 word64 word89 word204 word3 word141 word348 word340 word335 word335 word38 word469 word149 word40 word406 word234 word174 word200 word292 word264 word7 word60 word474 word246 word495 word329 word369 word157 word419 word326 word376 word133 word294 word185 word455 word454 word177 word13 word125 word137 word10 word468 word234 word74 word305 word199 word88 word228 word300 word327 word113 word306 word397 word314 word476 word471 word248 word197 word229 word245 word87 word482 word285,negativa,positiva
word490 word130 word198 word428 word160 word407 word60 word67 word7 word63 word302 word46 word307 word300 word118 word19 word81 word72 word265 word466 word218 word317 word152 word46 word110 word240 word430 word125 word492 word320 word178 word312 word350 word343 word433 word331 word14 word189 word455 word104 word250 word251,positiva,positiva
word490 word294 word162 word472 word121 word91 word115 word73 word243 word71 word112 word186 word325 word430 word38 word316 word52 word496 word139 word429 word389 word163 word162 word159 word236 word222,neutra,neutra
word342 word347 word119 word365 word32 word161 word428 word309 word304 word311 word83 word481 word150 word394 word495 word121 word318 word22 word319 word221 word37 word337 word485 word42 word447 word422 word274 word451 word155 word361 word350 word291 word417 word439,neutra,neutra
word57 word48 word452 word474 word448 word388 word247 word54 word296 word260 word368 word18 word39 word295 word428 word467 word285 word185 word237 word255 word310 word114 word195 word271 word426 word402 word377 word108 word204 word277 word484 word178 word460 word374 word317 word352 word397 word350 word337 word189 word214 word300 word422 word326 word494 word341 word204 word288 word312 word434 word128 word125 word101 word28 word338 word482 word307 word31 word183 word452 word26 word307 word221 word460 word257 word283 word362 word411 word258 word361 word403 word263 word359 word182 word178 word2 word335 word126 word407 word476 word438 word138 word326 word376 word254 word255 word219 word155 word287 word496 word110 word24 word29 word292 word135 word231,neutra,neutra
word52 word489 word17 word265 word67 word478 word381 word179 word344 word425 word109 word318 word150 word359 word284 word360 word319 word318 word43 word427 word86 word197 word256 word425 word315 word92 word144 word100 word296 word359 word355 word376 word351 word452 word454 word138 word153 word29 word134 word254 word330 word438 word297 word486 word277 word429 word405 word245 word437 word432 word157 word107 word61 word461 word222 word284 word137 word195 word202 word291 word88 word393 word196 word121 word8 word51 word135 word367 word428 word477 word149 word319 word135 word72 word272 word322 word381 word59 word374 word152 word140 word16 word103 word244 word95 word161 word266 word49 word438 word155 word380 word324 word376 word145 word87 word72 word115 word273 word313 word377,positiva,positiva
word414 word399 word472 word460 word317 word279 word232 word333 word31 word202 word138 word279 word462 word241 word292 word202 word172 word341 word125 word440 word57 word112 word376 word42 word207 word189 word469 word80 word228 word230 word410 word271 word66 word436 word76 word348 word137 word61 word96 word473 word489 word301 word405 word452 word175 word379 word260 word87 word267 word23 word304 word131 word52 word353 word175 word224 word43 word40 word460 word300 word202 word333 word364 word57 word461 word328,positiva,neutra
word323 word240 word28 word37 word300 word28 word303 word444 word395 word348 word137 word329 word92 word457 word46 word271 word244 word37 word94 word358 word298 word82 word71 word334 word331 word201 word11 word15 word76 word28 word279 word197 word109 word298 word353 word86 word313 word54 word300 word189 word55 word403 word92 word393 word183 word343 word354 word213 word334 word221 word304 word113 word213 word69 word208 word8 word205 word431 word181 word249 word429 word2 word336 word265 word172 word130 word297 word214 word198 word337 word200 word405 word143 word351 word282 word449,positiva,positiva
word308 word214 word36 word34 word409 word201 word381 word417 word202 word159 word135 word319 word355 word175 word284 word270 word73 word263 word380 word482 word167 word120 word447 word460 word415 word168 word138 word313 word128 word385 word199 word164 word403 word178 word66 word398 word159 word328 word330 word42 word17 word411 word28 word166 word382 word89 word262 word58 word279 word357 word125 word141 word266 word396 word273 word351 word207 word65 word483 word399 word25 word138 word208 word41 word429 word87 word104 word159 word468 word113 word213 word342 word79 word45 word47 word92 word164 word471 word460 word285 word470 word15 word282 word223 word60 word277 word229 word382 word209 word215 word116 word237 word39 word284 word191 word137,positiva,positiva
word349 word352 word490 word152 word165 word336 word117 word402 word15 word449 word174 word3 word302 word138 word153 word241 word290 word69 word25 word231 word178 word292 word375 word308 word53 word499 word358 word25 word382 word441 word285 word417 word444 word483 word478 word97 word18 word326 word340 word285 word119 word475 word205 word371 word312 word448 word357 word318 word421 word28 word353 word294 word389 word113 word300 word143 word59 word288 word11 word47 word265 word450 word358 word8 word55 word216 word215 word20 word129 word64 word284 word330 word196 word286 word101 word426 word3 word253 word161 word226 word259,neutra,neutra
word383 word18 word246 word178 word181 word428 word199 word419 word454 word228 word85 word350 word432 word204 word98 word261 word491 word259 word225 word220 word367 word171 word365 word494 word387 word465 word395 word422 word20 word177 word137 word432 word115 word484 word350 word62 word342 word172 word149 word498 word397 word382 word156 word332 word172 word302 word200 word305 word373 word158 word6 word49 word454 word480 word347 word54 word294 word217 word119 word190 word393 word499 word437 word102 word251 word265 word147 word218 word191 word35 word209 word183 word153 word307 word357 word24 word172 word16 word411 word464 word232 word473 word315,positiva,positiva
word461 word497 word56 word361 word287 word128 word93 word377 word183 word65 word485 word463 word210 word214 word211 word96 word53 word137 word194 word78 word18 word466 word439 word153 word308 word72 word464 word407 word88 word107 word167 word48 word174 word335 word364 word4 word176 word417 word436 word282 word368 word124 word435 word237 word346 word132 word87,positiva,positiva
word302 word231 word165 word202 word438 word180 word484 word73 word82 word167 word2 word440 word171 word52 word310 word480 word497 word54 word397 word182 word419 word304 word366 word419 word448 word72 word362 word71 word472 word315 word97 word147 word448 word323 word115 word411 word360 word39 word142 word423 word176 word19 word302 word450 word279 word488 word58 word334 word325 word493 word261 word411 word73 word23 word359 word2 word438 word11 word345 word226 word323 word312 word223 word241 word252 word339 word356 word225 word177 word22 word390 word114 word218 word497 word393 word173 word238 word163,positiva,positiva
word422 word485 word102 word232 word13 word408 word275 word147 word485 word69 word134 word374 word205 word351 word119 word330 word279 word24 word162 word149,positiva,positiva
word311 word253 word160 word129 word60 word93 word290 word204 word370 word403 word280 word53 word2 word115 word142 word37 word390 word184 word372 word105 word6 word69 word236 word240 word219 word480 word327 word366 word63 word233 word311 word293 word474 word238 word186 word473 word169 word286 word15 word83 word29 word209 word466 word36 word488 word435 word3 word8 word451 word293 word87 word477 word281 word318 word340 word101 word180 word65 word265 word494 word314 word346 word97 word271 word498 word45 word102 word360 word6 word104,neutra,neutra
word144 word121 word496 word56 word323 word195 word72 word477 word415 word112 word377 word384 word251 word479 word117 word37 word406 word179 word63 word485 word210 word433 word409 word152 word401 word235 word315 word144 word4 word96 word167 word274 word427 word89 word361 word375 word406 word408 word32 word109 word471 word317 word115 word499 word167 word145 word421 word481 word204 word323 word322 word113 word277 word28 word434 word415 word79 word305 word49 word44 word317 word399 word423 word166 word462 word270 word200 word173 word368 word186 word196 word194 word160 word199 word13 word438 word126 word224 word86 word269 word135 word85 word145 word453,negativa,positiva
word209 word411 word251 word120 word198 word47 word297 word3 word175 word31 word120 word34 word464 word387 word464 word342 word249 word88 word482 word459,neutra,neutra
word490 word440 word415 word38 word61 word307 word52 word126 word489 word456 word128 word270 word270 word132 word119 word219 word301 word403 word421 word11 word329 word309 word24 word418 word298 word360 word331 word168 word101 word189 word382 word319 word314 word66 word5 word334 word476 word180 word223 word479 word117 word261 word44 word132 word188 word343 word154 word231 word149 word71 word397 word337 word323 word292 word67 word258 word355 word248 word362 word165 word258 word191 word498 word90 word142 word341 word30 word257 word15 word264 word161 word95 word249 word166 word40 word267 word283 word331 word451 word352 word399 word325 word337 word397 word331 word252 word366 word483 word248 word114 word201 word8 word154 word444 word50 word445 word282 word160 word237,positiva,positiva
word44 word292 word333 word143 word392 word370 word181 word120 word372 word336 word86 word128 word243 word256 word83 word475 word195 word191 word31 word438 word118 word494 word249 word438 word90 word83 word401 word410 word272 word17 word472 word197,negativa,negativa
word30 word271 word176 word18 word232 word468 word84 word147 word95 word63 word116 word286 word391 word346 word386 word358 word192 word451 word87 word350 word56 word383 word44 word109 word196 word348 word23 word129 word167 word366 word481 word308 word254 word169 word412 word54 word65 word101 word135 word231 word474 word326 word192 word106 word325 word127 word489 word239 word276 word452 word153 word236 word266 word136 word28 word142 word57 word338 word4 word159 word443 word285 word336 word335 word150 word317 word111 word318 word342 word439 word460 word12 word150 word274 word161 word310 word428 word130 word447 word442 word458 word37 word147 word63 word61 word27 word220 word44 word148 word491 word442,negativa,negativa
word23 word298 word475 word56 word214 word21 word358 word463 word1 word273 word397 word13 word242 word65 word462 word255 word261 word499 word395 word157 word315 word149 word261 word407 word475 word476 word248 word448 word447 word274 word19 word60 word329 word416 word456 word122 word450 word414 word243 word188 word237 word338 word406 word86 word168 word61 word469 word204 word126 word102 word38 word236 word386 word162 word203 word319 word178 word370 word161 word224 word491 word419 word286 word196 word496 word232 word172 word299 word207 word445 word106 word26 word216 word475 word32 word405 word1 word279 word227 word80,positiva,positiva
word170 word110 word261 word332 word131 word384 word320 word84 word470 word22 word327 word220 word327 word388 word344 word326 word421 word351 word407 word202 word102 word118 word307 word266 word39 word103 word484 word364 word378 word99 word33 word146 word429 word254 word393 word244 word246 word301 word480 word219 word298 word460 word187 word420 word268 word440 word234 word315 word162 word318 word164 word305 word395 word218 word215 word162 word366 word297 word259 word13 word56 word4 word426 word426 word34 word24 word391 word263 word155,negativa,negativa
word294 word213 word63 word492 word302 word49 word171 word420 word222 word248 word72 word56 word489 word477 word48 word275 word341 word441 word280 word435 word61 word8 word233 word133 word378 word169 word204 word268 word481 word36 word277 word195 word19 word408,neutra,neutra
word342 word364 word60 word489 word161 word160 word149 word231 word89 word213 word105 word26 word185 word337 word382 word177 word162 word394 word341 word417 word454 word411 word469 word209 word198 word161 word118,negativa,negativa
word266 word143 word327 word52 word248 word208 word196 word308 word472 word474 word351 word166 word483 word500 word424 word437 word409 word381 word363 word320 word324 word195 word444 word318 word307 word371 word38 word460 word292 word473 word52 word117 word475 word347 word324 word203 word278 word274 word99 word284 word258 word157 word172 word384 word338 word235 word303 word121 word250 word281 word127 word85 word263 word471 word231 word451 word426 word373 word448 word206 word380 word73 word160 word284 word20 word383 word463 word53 word497,neutra,neutra
word20 word403 word223 word376 word294 word438 word499 word302 word177 word212 word413 word214 word260 word98 word496 word326 word166 word293 word201 word78 word438 word443 word418 word185 word129 word25 word366 word164 word447 word435 word65 word459 word71 word246 word237 word479 word329 word438 word298 word413,negativa,negativa
word113 word329 word207 word141 word126 word178 word55 word53 word315 word472 word254 word464 word78 word487 word294 word372 word32 word303 word192 word450 word397 word433 word446 word361 word123 word142 word430 word301 word446 word398 word304 word77 word492 word122 word124 word74 word35 word188 word422 word433 word246 word158 word174 word460 word28 word29 word33 word444 word46 word471 word92 word275 word486 word58 word141 word364,positiva,positiva
word98 word251 word428 word16 word333 word409 word413 word427 word159 word51 word498 word350 word179 word427 word177 word375 word481 word384 word328 word96 word467 word213 word312 word306 word124 word302 word196 word175 word430 word361 word245 word10 word355 word370 word84 word379 word200 word367 word420 word351 word471 word39 word163,positiva,positiva
word442 word12 word89 word246 word11 word268 word182 word323 word30 word89 word84 word369 word370 word59 word203 word352 word4 word51 word322 word283 word354 word234 word451 word63 word78 word318 word429 word12 word355 word487 word282 word416 word131 word403 word229 word150 word100 word427 word359 word395 word352 word128 word96 word324 word127 word325,positiva,positiva
word220 word240 word85 word465 word375 word336 word138 word342 word118 word244 word135 word152 word325 word157 word366 word252 word491 word96 word473 word67 word275 word187 word377 word66 word128 word116 word461 word268 word83 word396 word143 word113 word248 word396 word420 word8 word450 word499 word161 word259 word189 word238 word327 word326 word238 word238 word245 word205 word62 word186 word358 word489 word407 word431 word392 word252 word342 word419 word112 word75 word134 word265 word394 word226 word492 word163 word231,positiva,positiva
word280 word333 word340 word372 word240 word194 word208 word470 word55 word352 word481 word36 word309 word298 word168 word48 word339 word262 word376 word45 word468 word314 word222 word229 word476 word277 word291 word325 word157 word126 word376 word160 word18 word242 word6 word284 word323 word462 word304 word176 word322 word296 word371 word462 word49 word359 word403 word165 word202 word208 word187 word440 word164 word219 word293 word127 word349 word262 word86 word93 word14 word292 word401 word496 word330 word485 word495 word307 word188 word444 word317 word408 word114 word476 word215 word437 word188 word450 word337 word115 word75 word80 word188 word22 word275 word330 word373 word467 word401 word497 word302 word427,positiva,positiva
word280 word290 word176 word307 word234 word66 word221 word475 word167 word339 word208 word143 word193 word480 word56 word334 word416 word93 word379 word319 word169 word89 word473 word99 word475 word325 word429 word149 word15 word328 word186 word276 word229 word161 word360 word251 word318 word337 word340 word166 word384 word110 word475 word405 word276 word91 word453 word278 word408 word14 word169 word150 word407 word233 word59 word308 word80 word224 word497 word218 word215 word21 word231 word479 word476 word482 word181 word33 word119 word106 word39 word355 word262 word361 word100 word349,positiva,positiva
word57 word286 word88 word158 word208 word71 word195 word134 word425 word430 word3 word302 word321 word189 word235 word395 word189 word33 word187 word127 word192 word116 word75 word493 word65 word354 word359 word309 word456 word3 word151 word93 word289 word318 word449 word190 word118 word463 word337 word383 word223 word224 word195 word375 word106 word488 word88 word231 word158 word322 word341 word460 word395 word125 word104 word444 word244 word49,negativa,negativa
word80 word104 word304 word319 word464 word148 word13 word128 word273 word179 word127 word458 word281 word337 word375 word205 word368 word482 word363 word149 word390 word119 word37 word223 word255 word235 word131 word137 word461 word146 word392 word129 word54 word32 word122 word421 word228 word348 word482 word25 word55 word461 word284 word309 word171 word414 word324 word129 word325 word2 word121 word102 word393 word368 word46 word454 word410 word218 word106 word211 word295 word316 word174 word51 word305 word353 word134 word320 word285 word251 word5 word154 word188 word417 word414 word437 word232 word164 word250 word396 word311 word301 word218 word349 word434,neutra,neutra
word313 word404 word426 word57 word178 word327 word272 word242 word87 word287 word371 word20 word296 word454 word287 word477 word177 word2 word342 word107 word5 word91 word468 word391 word138 word300 word170 word89 word495 word407 word182 word177 word408 word231 word189 word194 word224 word261 word21 word241 word220 word138 word178 word213 word184 word455 word265 word252 word132 word459 word12 word276 word85 word385 word190 word147 word29 word396 word199 word133 word423 word10 word235 word81 word64 word11 word94 word474 word223 word500 word134 word382 word45 word55 word9 word450 word336 word372 word464,negativa,negativa
word375 word64 word229 word367 word295 word296 word173 word226 word384 word239 word350 word414 word123 word61 word232 word192 word75 word381 word312 word329 word355 word218 word256 word113 word366 word474 word437 word204 word25 word439 word288,positiva,positiva
word489 word375 word346 word183 word77 word461 word277 word39 word242 word46 word491 word265 word393 word236 word10 word320 word327 word115 word359 word114 word346 word375 word69 word146 word82 word364 word118 word321 word209 word42 word442 word356 word131 word440 word355 word409 word90 word5 word31 word270 word394 word457 word481 word300 word316 word146 word1 word98 word28 word343 word252 word386 word75 word457 word360 word453 word325 word170 word314 word302 word91 word51 word326,neutra,neutra
word465 word309 word417 word330 word362 word124 word492 word93 word348 word304 word47 word388 word39 word255 word408 word63 word181 word255 word463 word191 word60 word66 word100 word434 word387 word209 word424 word460 word434 word3 word50 word363 word191 word80 word324 word178 word460 word289 word120 word468 word301 word149 word72 word278 word374 word418 word64 word217 word500 word331 word47 word459 word343 word231 word389 word325 word129 word399 word128 word115 word299 word10 word316 word276 word361 word80 word291 word221 word88 word226 word463 word413 word84 word424 word283 word24 word461 word263 word457 word50 word84 word451 word120 word275 word301 word475 word169 word377 word366 word351 word262 word36 word134 word281 word206,positiva,positiva
word473 word322 word20 word397 word202 word285 word429 word419 word69 word183 word137 word457 word391 word325 word30 word402 word281 word137 word222 word224 word149 word455 word459 word26 word468 word202 word400 word391 word300 word372 word341 word426 word212 word370,neutra,neutra
word423 word468 word72 word416 word22 word186 word149 word119 word360 word61 word405 word437 word333 word41 word299 word315 word187 word184 word235 word498 word2 word255 word159 word275 word2 word459 word229 word485 word78 word292 word340 word399 word5 word318 word74 word214 word27 word29 word384 word359 word448 word351 word298 word59 word383 word116 word54 word367 word295 word75 word275 word346 word250 word359 word253 word177 word112 word130 word405 word187 word359 word180 word263 word304 word239 word372 word463 word431 word461 word15 word380 word364 word207 word158 word27 word420,neutra,neutra
word188 word340 word366 word450 word478 word356 word378 word387 word166 word458 word255 word434 word109 word156 word311 word290 word202 word111 word115 word364 word11 word60 word463 word490 word40 word72 word165 word293 word96 word492 word248 word269 word98 word154 word369 word317 word113 word221 word93 word204 word109 word490 word149 word237 word321 word21 word105 word495 word349 word121 word216 word429 word99 word150 word121 word333 word264 word251 word190 word164 word257 word400 word407 word393 word23 word246 word197 word468 word208,positiva,positiva
word133 word214 word281 word169 word231 word76 word292 word357 word264 word437 word498 word453 word47 word441 word167 word226 word206 word143 word439 word319 word484 word478 word210 word364 word252 word248 word370 word345 word456 word387 word312 word460 word52 word382 word197 word217 word391 word137 word442 word250 word175 word165 word211 word472 word52 word254 word418 word237 word284 word175,negativa,negativa
word408 word498 word314 word139 word165 word307 word87 word260 word385 word422 word30 word145 word128 word278 word93 word476 word459 word167 word204 word220 word22 word445 word390 word167 word274 word191 word115 word153 word54 word405 word328 word466 word4 word316 word281 word312 word495 word196 word71 word7 word247 word87 word71 word74 word139 word58 word243 word328 word145 word69 word287 word43 word369 word192 word205 word125 word142,neutra,neutra
word389 word242 word75 word96 word418 word63 word241 word204 word355 word172 word352 word255 word443 word94 word381 word361 word413 word246 word161 word259 word487 word98 word331 word113 word387 word212 word430 word82 word62 word476 word169 word43 word418 word208 word461 word219 word379 word290 word242 word243 word126 word369 word263 word1 word199 word203 word443 word214 word284 word42 word197 word143 word250 word450 word467 word144 word307 word478 word115 word220 word251 word2 word233 word61 word156 word58 word369 word418 word135 word21 word247 word58 word221 word272 word234 word262 word284 word82 word342 word335 word72 word217 word145 word199 word387 word299 word454 word285 word23 word356 word37 word171 word467 word495 word74,positiva,positiva
word335 word479 word284 word139 word304 word315 word73 word101 word146 word274 word74 word386 word55 word470 word338 word170 word187 word347 word45 word359 word277 word111 word449 word315 word82 word328 word206 word383 word247 word500 word464 word21 word206 word102 word226 word73 word268 word78 word312 word228 word497 word440 word301 word225 word358 word335 word70 word189 word497 word160 word7 word418 word467 word328 word318 word176 word180 word458 word430 word250 word157 word95 word6 word242 word277 word338 word403 word184 word84 word422 word382 word267 word20 word234 word310 word430 word255 word232 word190 word208 word9 word52 word379 word182 word426 word199 word499 word91 word95 word294 word402 word72 word252 word112 word369 word281 word328,neutra,neutra
word284 word135 word395 word121 word310 word415 word59 word201 word339 word137 word14 word205 word249 word461 word404 word91 word139 word93 word456 word177 word446 word31 word280 word38 word278 word6 word79 word74 word355 word321 word280 word99 word133 word189 word490 word353 word16 word16 word174 word105 word204 word498 word98 word299 word242 word330 word274 word259 word139 word483 word134 word73 word48 word34 word177 word409 word78 word3 word265 word281 word282 word1 word102 word175 word370 word326 word408,positiva,positiva
word86 word417 word76 word454 word162 word318 word356 word189 word276 word379 word438 word55 word248 word427 word278 word15 word63 word410 word212 word352 word447 word45 word228 word74 word422 word227 word439 word150 word73 word434 word307 word97 word348 word209 word24 word131 word376 word64 word169 word130 word367 word430 word394 word358 word45 word458 word81 word203 word414 word121 word109 word14 word180 word248 word234 word20 word103 word3 word113 word303 word5 word83 word273 word280 word449 word287 word463 word362 word276 word192 word56 word353 word470 word183 word178 word49 word299 word155 word6 word4 word168 word232 word229 word371 word265 word393 word149 word117 word270 word53 word383 word93 word458 word492,positiva,positiva
word303 word215 word79 word77 word78 word310 word429 word442 word156 word40 word316 word20 word314 word192 word420 word313 word370 word203 word421 word263 word313 word181 word225 word421 word197 word11 word190 word196 word210 word36 word65 word163 word212 word15 word195 word161 word18 word126 word138 word72 word376 word37 word289 word333 word404 word273 word272 word381 word428 word106 word399 word232 word50 word307 word489 word71 word8 word459 word299 word110 word397 word197 word166 word145 word300 word68 word182,negativa,negativa
word332 word217 word155 word314 word71 word293 word48 word325 word315 word43 word379 word208 word394 word21 word90 word247 word95 word165 word331 word73 word339 word52 word88 word294 word397 word86 word150 word463 word495 word291 word224 word174 word307 word296 word148 word12 word76 word480 word210 word242 word234 word392 word33 word42 word138 word244 word336 word246 word221 word469 word81 word286 word272 word237 word404 word134 word477 word166 word273 word261 word425 word220 word143 word11 word182 word414 word5 word449 word272 word71 word152 word278 word158 word55 word333 word337 word60 word141,negativa,negativa
word24 word42 word85 word122 word213 word457 word121 word179 word23 word358 word274 word23 word233 word110 word211 word143 word393 word29 word300 word397 word1 word453 word381 word140 word242 word341 word259 word379 word445 word180 word55 word216 word300 word388 word142 word465 word19 word291 word219 word348 word142 word466 word1 word408 word247 word258 word156 word196 word218 word156 word6 word201 word201 word361 word236 word275 word234 word213 word359 word338 word496 word249 word14 word293 word199 word48 word429 word317 word313 word319 word492 word345 word357 word376 word363 word353 word39 word202 word138 word446 word292 word258 word262 word342 word382 word101 word497 word381 word104 word303 word215 word189 word434 word143 word420,positiva,positiva
word488 word89 word477 word260 word338 word344 word256 word259 word284 word321 word369 word220 word218 word390 word379 word325 word231 word288 word286 word218 word90 word268 word222 word26 word478 word334 word57 word103 word286 word431 word243 word407 word65 word264 word414 word424 word121 word336 word20 word71 word451 word371 word104 word498 word497 word21 word13,positiva,positiva
word411 word145 word404 word434 word249 word270 word255 word23 word271 word337 word281 word250 word251 word269 word465 word206 word113 word33 word436 word91 word209 word379 word90 word118 word318 word314 word122 word271 word353 word111 word222 word141 word471 word192 word428 word441 word84 word471 word25 word194 word80 word24 word276 word301 word291 word209 word394 word247 word268 word221 word104 word328 word415 word153 word232 word447 word104 word211 word135 word171 word230 word462 word7 word180 word433 word42 word254 word78 word280 word358 word318 word282 word372 word268 word307 word41 word11 word83 word270 word199 word184 word225 word495 word189 word223 word252 word388,positiva,positiva
word216 word51 word170 word295 word182 word386 word427 word281 word171 word152 word274 word360 word64 word224 word221 word144 word119 word421 word217 word289 word20 word142 word112 word165 word421 word286 word452 word212 word386 word81 word408 word306 word20 word345 word240 word1 word424 word269 word304 word289,neutra,neutra
word319 word338 word158 word390 word466 word312 word110 word454 word3 word448 word5 word30 word22 word95 word364 word198 word40 word171 word499 word263 word365 word134 word261 word399 word338 word4 word304 word396 word68 word197 word323 word3 word356 word424 word264 word224 word46 word363 word472 word440 word275 word18 word143 word132 word4 word60 word288 word50 word20 word473 word303 word403 word125 word183 word306 word344 word185 word460 word352 word111 word50 word8 word423 word413 word240 word362 word442 word81 word491 word245 word220 word81 word337 word302 word15 word324 word71 word139 word306 word391 word68 word237 word143 word354 word415 word320 word398 word226 word299 word147 word495 word103 word461 word373,positiva,positiva
word113 word220 word497 word447 word457 word226 word329 word362 word122 word232 word276 word187 word237 word221 word31 word385 word451 word378 word467 word216 word28 word134 word427 word70 word274 word1 word162 word57 word57 word83 word270 word345 word145 word409 word196 word369,neutra,neutra
word259 word302 word12 word259 word347 word385 word73 word17 word428 word156 word237 word314 word246 word472 word422 word197 word96 word488 word355 word378 word233 word243 word91 word215 word272 word65 word318 word308 word421 word27 word113 word215 word440 word119 word487 word479 word48 word182 word130 word245 word463 word188 word332 word69 word286 word177 word459 word390 word108 word311 word172 word219 word232 word411 word146 word3 word97 word414 word149 word30 word201 word436 word437 word474 word342 word410 word387 word10 word210 word264 word232 word415 word492 word273 word49 word180 word99 word236 word118 word41 word86,positiva,positiva
word188 word214 word49 word132 word99 word467 word247 word274 word220 word443 word400 word345 word156 word155 word471 word466 word142 word169 word166 word393 word475 word444 word421 word175 word159 word445 word198 word108 word422 word240 word44 word449 word148 word155 word266 word136 word415 word346 word283 word101 word245 word137 word482 word397 word59 word265 word391 word262 word64 word70 word367 word263 word272 word135 word133 word204 word272 word235 word440,positiva,positiva
word220 word94 word12 word469 word141 word151 word341 word128 word188 word356 word298 word329 word3 word226 word238 word317 word76 word80 word382 word337 word406 word136 word499 word137 word326 word82 word460 word167 word402 word166 word396 word228 word32 word96 word342 word97 word138 word271 word127 word65 word313 word345 word367 word472 word63 word214 word117 word451 word270 word50 word347 word22 word138 word361 word254 word381 word286 word422 word282 word29 word36 word389 word20 word189 word9 word152 word298 word87 word234 word499 word36 word32,negativa,negativa
word367 word446 word370 word44 word133 word231 word158 word455 word246 word111 word299 word190 word64 word474 word473 word389 word158 word417 word145 word440 word443 word86 word158 word350 word118 word402 word340 word114 word388 word22 word192 word90 word1 word371 word77 word348 word38 word446 word489 word159 word244 word311 word295 word14 word490 word468 word244 word278 word85 word375 word258 word142 word154 word41 word395 word32 word282 word408 word27 word76 word382 word413 word41 word133 word304 word271 word259 word131 word270 word26 word437 word272 word187 word184 word185 word218 word97 word301 word92 word157 word436 word282 word452 word329 word392 word45 word253 word176 word9 word45 word95 word4 word219 word26 word413 word297 word482 word43 word40 word435,positiva,positiva
word69 word393 word7 word465 word127 word447 word2 word226 word209 word83 word239 word108 word219 word188 word100 word395 word262 word420 word408 word132 word146 word476 word157 word48 word272 word484 word117 word319 word169 word193 word227 word72 word194 word137 word410 word114 word425 word9 word202 word135 word224 word386 word479 word364 word252 word257 word497 word496 word382 word83 word133 word137 word115 word484 word80 word427 word404 word265 word154 word133 word338 word336 word271 word285 word413 word378 word376 word141 word32 word230 word170 word168 word261 word463 word402 word338,positiva,positiva
word190 word86 word244 word500 word57 word87 word498 word415 word59 word107 word346 word392 word367 word431 word254 word439 word299 word238 word319 word215 word304 word417 word480 word290 word3 word311 word126 word119 word441 word224 word396 word185 word304 word333 word447 word99 word281 word203 word232 word425 word68 word274 word194 word449 word109 word117 word46 word220 word6 word251 word112 word201 word303 word343 word31 word75 word159 word260 word442 word70 word34 word315 word490 word416 word283 word10 word289 word229 word224 word247 word281 word361 word97 word38 word26 word204 word254 word393 word217,neutra,neutra
word355 word212 word78 word490 word175 word140 word35 word235 word494 word80 word123 word90 word48 word302 word150 word376 word201 word319 word45 word165 word208 word30 word210 word236 word202 word253 word399 word386 word8 word321 word453 word436 word162 word392 word401 word183 word435 word317 word376 word374 word391 word479 word429 word212 word282 word325 word429 word197 word157 word369 word478 word456,neutra,neutra
word71 word64 word103 word91 word319 word112 word275 word201 word328 word328 word297 word447 word99 word263 word198 word267 word70 word160 word471 word401 word214 word56 word325,neutra,neutra
word231 word381 word41 word356 word8 word291 word239 word235 word248 word246 word204 word226 word285 word382 word277 word322 word419 word495 word55 word357 word113 word99 word397 word35 word424 word386 word498 word334 word437 word60 word445 word81 word158 word65 word201 word375 word135 word412 word304 word315 word470 word216 word173 word498 word279 word308 word149 word108 word85,negativa,negativa
word75 word360 word295 word255 word363 word454 word166 word210 word95 word324 word202 word172 word349 word205 word233 word221 word130 word63 word414 word46 word163 word334 word66 word328 word367 word332 word153 word10 word444 word164 word403 word99 word82 word390 word470 word431 word376 word124 word457 word334 word87 word65 word436 word138 word383 word70 word141 word142 word141 word338 word458 word456 word371 word102 word481 word272 word273 word351 word385 word477 word292 word306 word373 word128 word154,negativa,negativa
word441 word137 word53 word143 word379 word31 word145 word160 word9 word299 word404 word78 word444 word477 word436 word362 word225 word102 word457 word266 word227 word196 word110 word192 word400 word280 word198 word55 word208 word108 word199 word75 word474 word87 word63 word328 word172 word499 word203 word326 word418 word493 word405 word289 word408 word142 word436 word437 word192 word34 word343 word52 word9 word474 word284 word326 word441 word465 word479 word67 word162 word385 word15 word118 word258 word172 word87 word450 word224 word206 word329 word336 word247 word444 word148 word436 word435 word5 word378 word80 word243 word460 word98,positiva,positiva
word259 word373 word170 word138 word180 word117 word98 word410 word173 word136 word406 word395 word123 word153 word411 word139 word431 word309 word334 word267 word16 word413 word281 word87 word417 word147 word183 word320 word142 word4 word161 word342 word212 word357 word36 word129 word119 word33 word324 word106 word237 word496 word124 word98 word466 word179 word148 word360 word65 word190 word100 word446 word149 word284 word262 word247 word34 word132 word428,positiva,positiva
word2 word152 word466 word77 word345 word3 word281 word461 word171 word99 word286 word140 word446 word425 word327 word320 word302 word368 word231 word485 word173 word5 word350 word332 word491 word198 word213 word282 word197 word393 word215 word392 word213 word113 word496 word264 word354 word296 word180 word487 word186,negativa,negativa
word96 word488 word128 word343 word235 word91 word154 word8 word374 word168 word250 word77 word413 word110 word284 word437 word357 word302 word445 word89 word482 word279 word205 word128 word373,negativa,negativa
word127 word310 word306 word93 word277 word263 word199 word376 word339 word267 word363 word382 word284 word134 word380 word359 word492 word75 word210 word463 word258 word472 word7 word18 word399 word180 word261 word215 word204 word470 word48 word387 word445 word329 word198 word81 word342 word235 word75 word180 word481 word133 word90 word341 word100 word460 word430 word492 word457 word122 word107 word172 word235 word440 word367 word323 word440 word323 word190 word207 word259 word45 word371 word327 word366 word267 word392 word475 word285 word223 word53 word390 word452 word350 word433 word431 word400 word252 word50 word2 word103 word216 word372 word228 word12 word106 word490,negativa,negativa
word422 word92 word474 word356 word488 word452 word114 word471 word248 word130 word446 word236 word344 word306 word150 word492 word417 word265 word287 word35 word365 word455 word485 word280 word499 word400 word253 word401 word79 word338 word310 word247 word322 word427 word287 word190 word212 word285 word291 word157 word268 word144 word473 word268 word419 word190 word197 word145 word286,positiva,positiva
word201 word48 word397 word426 word282 word362 word74 word170 word175 word382 word177 word365 word154 word301 word105 word280 word41 word368 word15 word500 word420 word290 word455 word405 word72 word373 word189 word428 word432 word478 word226 word97 word63 word83 word496 word294 word176 word225 word87 word286 word213 word400 word11 word466 word31 word209 word171 word359 word330 word99 word246 word268 word232 word11 word90 word252 word131 word273 word82 word368 word95 word325 word419 word180 word70 word3 word181 word58 word441 word487 word491 word462 word294 word163 word224 word130 word421 word219 word193 word345 word187 word179,negativa,negativa
word398 word367 word251 word308 word281 word116 word283 word338 word29 word348 word125 word4 word378 word195 word207 word313 word281 word311 word473 word326 word24 word112 word225 word237 word181 word93 word54 word73 word476 word198 word481 word168 word156 word245 word474 word282 word18 word136 word491 word78 word418 word465 word108 word280 word300 word397 word400 word31 word160 word471 word177 word123 word315 word98 word74 word399 word60 word446 word125 word54,neutra,neutra
word136 word73 word185 word432 word354 word129 word163 word306 word299 word232 word211 word468 word252 word392 word480 word168 word390 word407 word110 word113 word81 word308 word381 word376 word194 word352 word15 word329 word238 word415 word484,positiva,positiva
word415 word183 word469 word203 word474 word226 word8 word434 word433 word482 word62 word423 word171 word421 word482 word100 word186 word135 word153 word299 word207 word329 word338 word102 word22 word374 word91 word100 word301 word132 word95 word154 word262 word423 word495 word367 word450 word266 word205 word410 word152 word407 word500 word195 word317 word391 word392 word104 word482 word252 word21 word60 word364 word214 word54 word261 word300 word40 word176 word232 word391,neutra,neutra
word190 word353 word176 word437 word306 word418 word141 word8 word71 word266 word481 word314 word405 word235 word480 word471 word109 word432 word9 word297 word219 word151 word467 word332 word70 word70 word59 word153 word35 word133 word383 word437 word393 word249 word348 word472 word27 word453 word362 word194 word225 word220 word79 word116 word148 word3 word251 word239 word165 word89 word485 word340 word238 word362 word187 word108 word337 word386 word326 word284 word2 word319 word310 word207 word122 word490 word188 word137 word354 word241 word279 word325 word185 word77 word84 word470 word253 word209 word160 word361 word457 word385 word268 word238 word433 word429,negativa,negativa
word134 word157 word278 word12 word156 word254 word103 word143 word492 word145 word452 word464 word337 word77 word103 word468 word1 word252 word299 word420 word448 word142 word252 word317 word483 word279 word61 word463 word257 word90 word96 word103 word361 word475 word221 word49 word445 word318 word286 word31 word486 word39 word306 word299 word257 word276 word199 word287 word182 word237 word340 word372 word77 word497 word49 word138 word174 word162 word176 word162 word219 word382 word414 word175 word130 word339 word30 word223 word111 word304 word40 word415 word135 word258 word287 word238,neutra,neutra
word396 word226 word12 word171 word266 word440 word114 word260 word91 word146 word132 word263 word332 word57 word38 word366 word147 word310 word39 word301 word455 word219 word289 word148 word143 word33 word240,positiva,positiva
word101 word271 word274 word19 word224 word449 word82 word411 word224 word263 word321 word353 word319 word52 word148 word423 word21 word358 word261 word60 word62 word491 word16 word12 word9 word315 word464 word86 word398 word360 word115 word36 word244 word41 word57,neutra,neutra
word339 word351 word228 word465 word465 word238 word451 word321 word70 word60 word40 word106 word157 word35 word305 word206 word301 word252 word136 word308 word476 word159 word154 word259 word403 word266 word416 word38 word50 word204 word117 word12 word108 word136 word460 word392 word176 word480 word419 word126 word240 word461 word229 word186 word452 word331 word221 word435 word373 word174 word213 word24 word51 word478 word27 word419 word105 word271 word362,neutra,neutra
word265 word150 word57 word438 word249 word27 word413 word471 word331 word164 word430 word370 word143 word166 word494 word477 word339 word19 word115 word177 word268 word434 word425 word138 word55 word138 word118 word450 word8 word416 word329 word53 word343 word291 word2 word112 word175 word108 word290 word308 word85 word62 word328 word235,neutra,neutra
word117 word130 word392 word410 word141 word2 word223 word310 word222 word468 word407 word394 word11 word427 word378 word199 word295 word413 word454 word276 word21 word310 word341 word30 word409 word101 word446 word276 word162 word30 word9 word371 word189 word421 word116 word461 word471 word51 word324 word470 word162 word34 word438 word238 word14 word421 word340 word36 word130 word10 word478 word13 word398 word256 word292 word406 word448 word64 word9 word63 word342 word285 word42 word118 word269 word366 word172 word475 word497 word384 word228 word439 word364 word260 word222 word417 word279 word92 word500 word35 word348 word328 word294 word26,negativa,negativa
word36 word208 word238 word378 word377 word71 word143 word256 word168 word13 word423 word366 word261 word159 word422 word18 word224 word401 word477 word126 word326 word95 word58 word177 word443 word345 word245 word142 word71 word136 word77 word94 word344 word67 word24 word272 word144 word228 word70 word105 word221 word346 word208 word271 word261,negativa,negativa
word44 word217 word11 word402 word148 word371 word27 word17 word212 word395 word407 word273 word307 word345 word337 word371 word16 word215 word420 word220 word74 word333 word152 word256 word259 word349 word465 word347 word500 word10 word392 word209 word365 word43 word264 word15 word333 word109 word73 word40 word135 word480 word493,neutra,neutra
word443 word454 word453 word184 word292 word177 word421 word204 word157 word343 word25 word189 word104 word187 word225 word32 word433 word209 word180 word75,positiva,positiva
word163 word361 word448 word111 word491 word97 word209 word158 word213 word452 word367 word399 word127 word474 word218 word326 word349 word332 word301 word241 word324 word453 word195 word256 word91 word178 word387,negativa,negativa
word9 word339 word439 word452 word428 word30 word68 word436 word347 word111 word194 word431 word465 word445 word231 word388 word23 word462 word111 word481 word9 word463 word264 word257 word339 word232 word476 word53 word329 word109 word19 word327 word339 word64 word364 word472 word348 word114 word43 word44 word310 word118 word186 word25 word221,neutra,positiva
word324 word126 word466 word488 word17 word88 word454 word17 word244 word475 word295 word154 word4 word197 word271 word41 word265 word203 word163 word487 word447 word348 word296 word237 word36 word154 word6 word184 word237 word306 word178 word128 word356 word76 word63 word349 word293 word435 word370 word451 word333 word421 word85,neutra,neutra
word304 word477 word377 word83 word262 word136 word110 word417 word492 word463 word420 word235 word264 word271 word369 word27 word414 word405 word498 word298 word229 word240 word311 word152 word389 word222 word141 word368 word169 word41 word262 word254 word146 word18 word238 word387 word401 word106 word216 word452 word173 word239 word340 word229 word421 word181,positiva,positiva
word271 word473 word25 word369 word199 word274 word456 word301 word210 word487 word303 word77 word45 word174 word360 word211 word85 word493 word100 word43 word191 word56 word297 word218 word464 word85 word135 word343 word349 word181 word461 word424 word306 word375 word268 word236 word273 word423 word9 word51 word238 word291 word90 word303 word13 word124 word230 word25 word317 word268,negativa,neutra
word12 word490 word301 word124 word382 word452 word143 word385 word394 word251 word317 word135 word465 word492 word491 word369 word22 word184 word223 word480 word274 word269 word74 word397 word169 word46 word494 word96 word9 word39 word227 word52 word422 word257 word162 word2 word240 word76 word490 word146 word238 word10 word66 word104 word26 word363,negativa,negativa
word138 word234 word381 word385 word14 word308 word457 word175 word272 word133 word361 word60 word260 word207 word321 word248 word491 word492 word143 word19 word247 word296 word376 word263 word294 word12 word382 word165 word193 word212 word36 word248 word191 word117 word123 word18 word444 word147 word438 word419 word229 word404 word106 word91 word450 word324 word345 word462 word7 word87 word481 word65 word225 word12 word163 word87 word128 word407 word138 word407 word448 word271 word270 word167 word334 word404 word432 word98 word344 word70 word246 word45 word276 word426 word409 word358 word289 word313 word50 word364 word341 word72 word317 word193 word255 word408 word162 word459 word209 word257 word15 word62,positiva,positiva
word485 word464 word61 word387 word424 word350 word410 word419 word224 word21 word229 word101 word57 word63 word349 word253 word270 word373 word275 word316 word44 word426 word225 word78 word407 word368 word27 word97 word8 word136 word50 word355 word262 word491 word375 word306 word255 word28 word36 word309 word3 word22 word110 word443 word230 word355 word206 word87 word186 word46 word386 word92 word189 word491 word296 word230 word272 word393 word128 word319 word437 word287 word224 word73 word125 word474 word271 word151 word210 word290 word269 word350 word129 word325 word222 word471 word79 word75 word231 word255 word346 word203 word457 word238,negativa,negativa
word194 word455 word471 word436 word162 word33 word408 word187 word375 word60 word334 word294 word461 word51 word204 word495 word195 word330 word81 word365 word138 word287 word440,negativa,negativa
word341 word457 word282 word42 word14 word168 word372 word76 word427 word120 word249 word102 word233 word227 word3 word284 word394 word469 word166 word441 word440 word495 word187 word426 word283 word30 word136 word337 word81 word218 word388 word75 word249 word108 word269 word121 word483 word39 word482 word396 word428 word426 word94 word466 word298 word482 word440 word290 word188 word59 word51 word195 word406 word253 word241 word123 word283 word320 word492 word365 word304 word456 word213 word468 word185 word64 word209 word65 word60 word441 word398 word111 word419 word35 word143 word354 word152 word366 word438 word34 word12 word471 word261 word254 word232 word217 word346 word290 word82 word314 word335 word57 word189 word396 word310,negativa,negativa
word302 word421 word401 word8 word46 word178 word480 word239 word446 word30 word482 word31 word405 word439 word148 word151 word291 word362 word61 word119 word378 word404 word77 word445 word434 word434 word121 word335 word81 word99 word36 word247 word356 word100 word94 word139 word99 word417 word85 word140 word153 word102 word471 word105 word244 word284 word131 word236 word86 word242 word10 word220 word183 word176 word56 word500 word14 word74 word52 word489 word160 word216 word376 word26 word34 word92 word340 word490 word311 word437 word441 word139,neutra,neutra
word44 word308 word452 word28 word494 word48 word312 word176 word366 word422 word426 word435 word409 word155 word233 word360 word85 word289 word266 word492 word25 word48 word16 word274 word276 word297 word122 word154 word209 word24 word377 word27 word334 word227 word500 word347 word238 word351 word59 word91 word250 word429 word411 word189 word142 word483 word283 word60 word113 word419 word450 word455 word4 word412 word56 word405 word441 word181 word97 word357 word35 word290 word166 word213 word413 word497 word202 word146 word418 word207 word100 word452,neutra,neutra
word394 word154 word449 word182 word341 word254 word34 word2 word92 word468 word477 word206 word485 word25 word484 word116 word19 word379 word192 word147 word380 word167 word377 word98 word43 word163 word305 word113 word72 word375 word247 word216 word120 word9 word27 word341 word41 word124 word456 word172 word373 word172 word466 word411 word235 word343 word207 word473 word180 word419 word309 word322 word176 word417 word374 word408 word401 word79 word438 word421 word122 word491 word264 word161 word112 word183 word19 word346 word354 word334 word275 word182 word362 word436 word44 word192 word498 word431 word498 word92 word233 word66 word434 word260 word122 word46 word369 word406 word440 word486,negativa,negativa
word155 word96 word106 word105 word319 word467 word280 word8 word347 word271 word389 word189 word215 word330 word354 word111 word294 word481 word33 word166 word267 word463 word485 word295 word274 word208 word223 word367 word273 word277 word422 word70 word479,positiva,positiva
word468 word128 word360 word358 word396 word404 word477 word239 word38 word97 word444 word423 word6 word184 word123 word161 word320 word256 word241 word218 word321 word342 word22 word69 word171 word218 word499 word446 word325 word19 word51 word229 word294 word331 word71 word444 word247 word297 word20 word413 word272 word112 word160 word177 word14 word472 word402 word443 word177 word279 word230 word238 word295 word226 word387 word30 word97 word447 word442 word410 word185 word229 word13 word140 word364 word172 word241 word62 word249 word361 word287 word279 word458 word118 word150 word312 word241 word490 word30 word62 word171 word230 word446 word248 word219 word84 word218 word266,negativa,negativa
word340 word200 word342 word70 word369 word35 word175 word454 word317 word246 word166 word45 word56 word359 word138 word38 word220 word199 word479 word116 word134 word83 word95 word267 word112 word360 word409 word244 word120 word411 word484,positiva,positiva
word374 word368 word443 word149 word108 word274 word266 word205 word390 word400 word123 word398 word116 word204 word14 word171 word480 word222 word356 word54 word318 word186 word372 word465 word266 word52 word239 word62 word225 word31 word321 word156 word101 word9 word445 word419 word406 word30,negativa,negativa
word126 word98 word221 word133 word284 word116 word293 word308 word335 word442 word39 word27 word231 word259 word379 word114 word228 word306 word329 word272 word296 word83 word233 word271 word40 word485 word317 word359 word268 word466 word3 word480 word104 word443 word31 word157 word286 word329 word8,positiva,positiva
word451 word404 word383 word263 word437 word112 word405 word291 word175 word110 word261 word2 word358 word118 word195 word97 word233 word186 word94 word445 word380 word194 word29 word423 word349 word278 word303 word4 word237 word95 word326 word466 word266 word303 word334 word465 word20 word156 word135 word359 word224 word387 word237 word488 word384 word10 word495 word477 word22 word196 word486 word419 word235,neutra,neutra
word318 word121 word293 word37 word401 word178 word221 word338 word499 word397 word201 word173 word170 word42 word169 word380 word139 word196 word35 word126 word35 word236 word149 word485 word295 word187 word269 word480 word91 word127 word273 word53,positiva,positiva
word89 word427 word427 word361 word126 word461 word424 word436 word180 word351 word338 word76 word292 word275 word293 word170 word335 word443 word303 word437 word386 word158 word368 word336 word472 word170 word82 word340 word317 word307 word370 word256 word16 word440 word139 word124 word408 word399 word253,positiva,positiva
word418 word215 word103 word481 word2 word203 word364 word397 word343 word245 word462 word118 word72 word315 word161 word235 word229 word133 word500 word192 word336 word80 word496 word494 word35 word322 word298 word87 word385 word383 word423 word301 word354 word362 word384 word293 word373 word31 word309 word102 word204 word385 word57 word378 word130 word377 word384 word8 word117 word403 word172 word220 word8 word347 word47 word137 word239 word385 word250 word492 word262 word127 word96 word393 word230 word303 word186 word137 word300 word148 word500 word366 word410 word143 word15 word24 word430 word437 word340 word295 word105,positiva,positiva
word496 word290 word196 word246 word107 word199 word469 word307 word216 word63 word454 word82 word361 word152 word140 word86 word188 word339 word209 word13 word133 word81 word201 word452 word482 word499 word57 word244 word23 word248 word289 word387 word169 word19 word228 word214 word313 word50 word307 word201 word370 word492 word114 word377 word64 word493 word241 word374 word389 word305 word193 word378 word239 word330 word307 word233 word59 word147 word469 word261 word319 word130 word353 word244 word110 word74 word198 word283 word141 word123 word135 word147 word370 word250,negativa,negativa
word23 word19 word470 word324 word333 word148 word133 word398 word220 word52 word245 word261 word285 word269 word429 word123 word295 word444 word490 word483 word364 word54 word495 word17 word276 word224 word340 word392 word369 word114 word378 word379 word13 word319 word64 word282 word114 word180 word136 word432 word453 word400 word362,positiva,positiva
word321 word403 word441 word178 word349 word242 word54 word112 word375 word344 word261 word391 word346 word170 word147 word473 word486 word16 word396 word67 word431 word295 word344 word351 word303 word126 word404 word278 word273 word160 word6 word278 word173 word330 word183,negativa,negativa
word71 word14 word141 word323 word316 word196 word332 word96 word362 word9 word68 word462 word234 word279 word199 word324 word375 word390 word125 word314 word393 word207 word192 word314 word287 word127 word479 word281 word283 word103 word338 word459 word364 word255 word319 word117 word31 word320 word91 word46 word388 word218 word427 word433 word62 word384 word168 word352 word23 word236 word315 word224 word276 word6 word4 word301 word208 word289 word180 word3,positiva,positiva
word474 word74 word250 word256 word313 word324 word424 word267 word351 word450 word52 word322 word184 word453 word277 word302 word378 word122 word272 word387 word389 word114 word419 word82 word133 word429 word309 word272 word279 word485 word114 word150 word245 word423 word275 word363 word409 word447 word231 word229 word41 word41 word244 word375 word419 word205 word286 word407 word160 word80 word461 word274 word78 word126 word164 word101 word219 word407 word369 word459 word418 word156 word30 word76 word397 word171 word361 word229 word448 word255 word451 word126 word389 word262 word96 word117 word157 word78 word469 word107 word300 word286 word270 word314 word458 word484 word438 word230 word364 word93 word442 word98 word57 word415 word379 word70 word483 word56 word25,neutra,neutra
word212 word244 word349 word36 word114 word120 word401 word412 word410 word53 word148 word157 word13 word129 word216 word443 word86 word431 word410 word80 word131 word230 word472 word393 word486 word157 word455 word479 word300 word78 word134 word65 word404 word157 word351 word134 word489 word387 word189 word239 word30 word69 word500 word408 word420 word322 word111 word53 word363 word166 word1 word12 word279 word421 word182 word500 word191 word367 word123 word304 word138 word390 word228 word21 word125 word177 word234 word136 word289 word482 word356 word156 word339 word484 word121 word117 word20 word422 word417 word207 word437,neutra,neutra
word196 word500 word186 word215 word384 word400 word336 word16 word437 word131 word253 word366 word145 word343 word253 word79 word108 word382 word31 word191 word250 word192 word207 word486 word17 word491 word361 word459 word323 word472 word37 word360 word356,positiva,negativa
word211 word487 word266 word355 word485 word362 word296 word308 word328 word489 word351 word150 word11 word392 word245 word208 word468 word78 word19 word370 word463 word415 word436 word432 word343 word461 word171 word373 word47 word264 word146 word470 word219 word105 word285 word39 word64 word216 word316 word292 word28 word340 word29 word408 word20 word14 word259 word402 word383 word301 word90 word477 word11 word174 word378 word309 word396 word384 word470 word259 word411 word78 word88 word25 word103 word56 word413 word248 word223 word320 word180 word286 word2 word357 word436 word20 word41 word69 word305 word381 word412 word391,positiva,positiva
word52 word421 word115 word155 word243 word488 word118 word172 word330 word336 word184 word66 word395 word451 word301 word437 word127 word433 word405 word452 word467 word173 word61 word375 word335 word324 word316 word21 word335 word243 word16 word428 word15 word117 word148 word392 word41 word193 word184 word208 word437 word163 word178 word205 word197 word478 word134 word57 word211 word42 word399 word447 word416 word403 word211 word350 word199 word428 word98 word71 word488 word181 word156 word335 word172 word374 word215 word392 word41 word364 word165 word212 word466 word242 word38 word230 word121 word238 word109 word322 word118 word233 word478 word319 word355 word387 word460 word444 word429 word171 word313 word410 word280 word64 word255 word109 word345 word430 word351 word276,positiva,positiva
word67 word487 word156 word292 word283 word215 word293 word283 word41 word335 word58 word218 word183 word224 word36 word351 word210 word31 word2 word271 word334 word274 word361 word379 word436 word492 word443 word398 word216 word252 word309 word85 word339 word295 word261 word418 word344 word467 word489 word413 word149 word95 word150 word357 word433 word441 word342 word341 word476 word343 word71,negativa,negativa
word216 word12 word19 word487 word264 word194 word406 word309 word331 word343 word100 word45 word365 word11 word360 word65 word132 word354 word312 word391 word306 word24 word420 word108 word69 word440 word98 word269 word243 word385 word23 word54 word208 word237 word395 word303 word75 word490 word230 word483 word495 word26 word253 word212 word250 word155 word280 word247 word94 word145 word74 word422 word339 word194 word198 word40 word145 word463 word16 word74 word424 word261 word17 word245 word375 word173 word191 word316 word300 word452 word124 word139 word78 word333 word267 word174 word348 word189 word98 word270 word219 word203 word223 word458 word108 word138 word283 word24 word73 word284 word255 word327 word57 word427 word243 word78 word156 word114 word227 word235,negativa,negativa
word189 word148 word207 word172 word115 word227 word472 word253 word299 word493 word307 word112 word200 word244 word238 word75 word53 word175 word458 word359 word421 word88 word208 word291 word218 word209 word180 word26 word429 word467 word41 word207 word259 word392 word494 word209 word375 word469 word416 word146 word409 word207 word9 word380 word418 word172 word226 word183 word59 word498 word12 word278 word8 word345 word451 word322 word304 word414 word488 word431,negativa,negativa
word230 word471 word186 word398 word196 word93 word175 word442 word129 word423 word333 word373 word377 word259 word301 word35 word350 word356 word52 word260 word255 word155 word34 word5 word105 word116 word106 word303 word211 word57 word42 word328 word468 word410 word379 word160 word352 word41 word86 word70 word92 word179 word22 word407 word358 word318 word88 word434 word4 word498 word364 word102 word99 word348 word405 word234 word31 word247 word240 word163 word452 word172 word122 word339,neutra,neutra
word205 word158 word43 word197 word115 word95 word67 word317 word355 word371 word27 word461 word254 word282 word439 word138 word252 word36 word247 word134 word92 word310 word66 word488 word117 word40 word224 word195 word329 word334 word297 word288 word389 word326 word70 word232 word344 word134 word432 word242 word161 word191 word310 word355 word128 word86 word46 word249 word464 word480 word280 word266 word252 word119 word208 word468 word309 word123 word44 word376 word452 word55 word188 word427 word127 word91 word198 word198 word241 word483 word487 word290 word38 word132 word91 word1 word192 word4 word288 word138 word363 word264 word476 word243 word79 word461 word155 word383 word392 word463 word321 word256 word193,positiva,positiva
word246 word36 word96 word189 word3 word112 word273 word188 word449 word47 word360 word297 word323 word336 word27 word396 word166 word326 word147 word199 word351 word468 word439 word364,neutra,neutra
word72 word285 word214 word142 word122 word81 word415 word161 word459 word335 word83 word32 word209 word41 word477 word454 word329 word147 word435 word324 word179 word440 word105 word284 word346 word454 word69 word144 word420 word250 word378 word387 word153 word166 word250 word14 word400 word58 word468 word390 word177 word37 word395 word225 word98 word215 word452 word345 word344,positiva,positiva
word323 word98 word199 word270 word159 word231 word296 word477 word156 word45 word435 word289 word237 word361 word491 word64 word431 word319 word293 word433 word153 word394 word286 word468 word234 word361 word249 word197 word188 word461 word419 word113 word433 word292 word53 word383 word82 word437 word228 word459 word242 word43 word384 word364 word152 word103 word432 word390 word149 word351 word121 word91 word332 word417 word460 word231 word72,neutra,neutra
word118 word1 word488 word20 word2 word49 word148 word488 word84 word286 word326 word400 word350 word493 word331 word423 word160 word204 word369 word438 word3 word217 word402 word57 word177 word275 word42 word458 word184 word393 word214 word201 word483 word428 word258 word233 word391 word343 word490 word167 word57 word98,positiva,positiva
word228 word54 word108 word103 word220 word375 word342 word13 word87 word306 word402 word18 word168 word58 word243 word196 word87 word483 word382 word273 word383 word157 word468 word206 word194 word285 word290 word310 word417 word134 word354 word99 word121 word248 word263 word323 word70 word409 word279 word297 word374 word347 word215 word242 word117 word284 word102 word318 word209 word119 word238 word468 word282 word173 word226 word303 word77 word281 word17 word427 word305 word57 word233 word443 word483,positiva,positiva
word49 word43 word396 word156 word164 word7 word487 word218 word399 word354 word71 word401 word276 word303 word101 word424 word466 word204 word47 word425 word444 word254 word290 word112 word34 word473 word242 word138,negativa,negativa
word267 word309 word26 word307 word228 word186 word391 word125 word30 word250 word372 word67 word493 word337 word468 word236 word62 word89 word251 word295 word368 word398 word382 word295 word10 word265 word410 word424 word418 word6 word218 word309 word124 word205 word49 word97 word3 word490 word430 word202 word3 word168 word218 word85 word331 word499 word422 word429 word416 word35 word276 word283 word51 word74 word283 word358 word105 word243 word38 word56 word291 word279 word376 word456 word95 word171 word428 word26 word415 word473 word50 word71 word343 word238 word494 word273 word328 word119 word163 word89 word74 word57 word447 word35 word259 word255 word28 word422 word251 word64 word65,neutra,neutra
word462 word382 word279 word102 word180 word384 word455 word482 word195 word244 word255 word29 word59 word23 word369 word113 word351 word188 word398 word58 word163 word103 word219 word281 word85 word334 word483 word22 word44 word477 word325 word460 word353 word359 word79 word256 word183 word417 word22 word10 word279 word486 word498 word297 word215 word137 word496 word92 word64 word255 word197 word248 word451 word135 word439 word106 word162 word3 word340 word430 word444 word84 word384 word71 word315 word352 word77 word56 word37 word355 word308 word60 word251 word398 word120 word303 word147 word131 word197 word177 word248 word103 word196 word312 word194 word329 word58 word69 word433 word231 word305 word370 word74 word487 word212,neutra,neutra
word222 word226 word114 word47 word278 word444 word32 word430 word414 word139 word316 word83 word380 word351 word178 word34 word486 word223 word447 word339 word390 word380 word98 word182 word234 word249 word22 word274 word78 word372 word342 word462 word373 word184 word484 word206 word163 word453 word186 word39 word235 word398 word95 word232 word65 word344 word238 word166 word114 word283 word335 word471 word219 word81 word417 word315 word351 word49 word157 word384 word417 word218 word403 word421,negativa,negativa
word34 word256 word222 word404 word149 word256 word157 word20 word364 word372 word332 word18 word349 word303 word221 word309 word56 word105 word65 word224 word448 word4 word224 word142 word469 word310 word111 word143 word291 word24 word34 word338 word402 word372 word86,positiva,positiva
word208 word470 word280 word222 word453 word266 word212 word271 word424 word227 word309 word90 word7 word34 word239 word360 word106 word472 word76 word349 word118 word30 word357 word260 word314 word471 word269 word421 word248 word175 word195 word173 word444 word256 word467 word126 word383 word58 word145 word17 word457 word150 word410 word213 word63 word172 word171 word255,neutra,positiva
word123 word268 word329 word14 word220 word28 word57 word106 word391 word207 word24 word374 word272 word71 word282 word125 word318 word474 word158 word373 word12 word204 word445 word38 word465 word47 word241 word91 word11 word175 word291 word362 word158 word247 word92 word365 word85 word431 word90 word333 word166 word499 word141 word475 word419 word234 word248 word177 word214 word233 word73 word162 word438 word490 word28 word367 word120 word327 word311 word440 word352 word412 word401 word324 word206 word169 word174 word180 word145 word156,neutra,neutra
word258 word346 word264 word9 word18 word480 word455 word293 word88 word391 word72 word189 word165 word7 word404 word255 word159 word254 word1 word219 word260 word170 word416 word125 word69 word264 word444 word188 word24 word485 word223 word87 word308 word160 word469 word147 word276 word272 word122 word250 word55 word322 word380 word476 word163 word143 word275 word347 word497 word13 word120 word132 word128 word232 word437 word16 word408 word309 word308 word340 word58 word374 word125 word259 word339 word302 word162 word199 word239 word21 word364,negativa,negativa
word425 word35 word175 word18 word355 word429 word79 word162 word423 word21 word477 word444 word77 word70 word346 word6 word253 word33 word266 word176 word354 word441 word245 word321 word301 word493 word116 word120 word190 word369 word433 word140 word55 word305 word299 word188 word93 word425 word424 word374 word290 word131 word202 word35 word125 word226 word219 word41 word479 word135 word255 word233 word235 word423 word374 word434,negativa,negativa
word84 word183 word4 word20 word169 word228 word399 word68 word420 word118 word70 word350 word388 word303 word58 word58 word196 word226 word500 word144 word97 word473 word77 word14 word212 word201 word310 word439 word467 word145 word491 word317 word35 word470 word69 word295 word396 word125 word136 word239 word443 word112 word332 word227 word56 word356 word417 word288 word89 word78 word212 word254 word277 word122 word251 word148 word344 word399 word327 word1 word497 word12 word500 word16 word259 word53,negativa,negativa
word196 word498 word42 word230 word307 word60 word23 word492 word135 word122 word175 word37 word74 word13 word268 word232 word138 word460 word153 word9 word50 word363 word267 word131 word124 word110 word211 word352 word320 word374 word21 word280 word383 word102 word292 word4 word455 word369 word312 word300 word335,positiva,positiva
word121 word484 word63 word293 word171 word453 word123 word321 word79 word91 word209 word400 word140 word347 word286 word489 word151 word122 word452 word167 word108 word411 word407 word32 word429 word317 word140 word268 word120 word85 word67 word83 word292 word406 word244 word8 word215 word374 word418 word367 word185 word325 word35 word205 word269 word15 word8 word401 word111 word63 word297 word141 word490 word474 word412 word151 word438 word128 word120 word487 word338 word43 word444 word81 word341 word220 word9 word394 word344 word443 word306 word378 word454 word489 word281 word9 word173 word310 word55 word59 word198 word456,neutra,neutra
word82 word340 word92 word55 word299 word14 word135 word322 word93 word380 word48 word307 word39 word366 word377 word398 word142 word119 word490 word365,neutra,neutra
word426 word244 word164 word299 word347 word457 word447 word392 word385 word225 word172 word282 word354 word260 word104 word8 word30 word214 word396 word395 word405 word355 word12 word442 word474 word425 word223 word108 word453 word93 word395 word483 word451 word261 word417 word416 word487 word181 word315 word409 word114 word113 word195 word181 word376 word468 word79 word163 word465 word298 word103 word302 word438 word187 word242 word307 word421 word283 word480,neutra,neutra
word251 word340 word39 word348 word432 word384 word143 word176 word481 word395 word466 word457 word218 word65 word115 word148 word418 word139 word181 word426 word82 word332 word276 word493 word245 word261 word426 word496 word365 word350 word439 word490 word368 word147 word322 word119 word251 word223 word494 word278 word480 word405 word425 word85 word388 word126 word289 word244 word130 word493 word438 word288 word6 word92 word114 word486 word202,neutra,neutra
word466 word154 word75 word214 word499 word242 word190 word334 word325 word150 word484 word297 word29 word204 word462 word197 word284 word307 word353 word437 word75 word259 word267 word77 word337 word60 word229 word166 word78 word412 word123 word128 word428 word439 word18 word139 word355 word390 word500 word278 word4 word437 word81 word61 word338 word302 word30 word85 word295 word128 word343 word206 word295 word238 word183,negativa,negativa
word8 word229 word341 word248 word308 word405 word11 word453 word409 word210 word382 word34 word155 word54 word318 word429 word301 word356 word72 word468 word97 word264 word342 word429 word467 word300 word289 word209 word284 word338 word324 word297 word221 word98 word28 word211 word199 word305 word451 word351 word403 word290 word464 word470 word77 word320 word253 word487 word293 word8 word105 word65 word101 word48 word392 word248 word336 word500 word324 word240 word134 word378 word254 word379 word12,neutra,neutra
word490 word318 word477 word306 word270 word279 word241 word101 word184 word303 word304 word80 word402 word357 word263 word227 word279 word291 word214 word432 word80 word187 word199 word50 word45 word446 word388 word183 word134 word204 word353 word149 word34 word211 word300 word261 word87 word422 word316 word361 word479 word257 word290 word382 word387 word424 word353 word30 word176 word297 word223 word22 word134 word155 word19 word382 word189 word396 word436 word442 word455 word250 word122 word43 word312 word64 word121 word123 word137 word187 word166 word264 word479 word323 word339 word82 word58 word95 word425,positiva,positiva
word202 word420 word472 word399 word439 word133 word211 word125 word183 word367 word339 word2 word378 word97 word93 word272 word121 word482 word74 word76 word381 word144 word358 word341 word95 word290 word269 word48 word383 word429 word474 word44 word90 word413 word153 word313 word175 word109 word313 word103 word69 word266 word97 word97 word391 word265 word272 word72 word81 word196 word195 word226 word68 word450 word182 word409 word201 word237 word57 word339 word30 word374 word441 word181 word444 word350 word2 word102 word321 word351 word47 word343 word406 word46,neutra,neutra
word468 word232 word285 word257 word258 word313 word212 word197 word201 word329 word409 word278 word339 word207 word387 word197 word211 word28 word131 word370 word44 word112 word389 word437 word208 word204 word255 word386 word235 word87 word216 word128 word342 word72 word305 word65 word487 word321 word70 word480 word287,neutra,neutra
word484 word107 word406 word381 word419 word36 word223 word322 word310 word345 word318 word112 word414 word242 word486 word261 word269 word296 word436 word451 word293 word274 word28 word34 word369 word173 word219 word315 word111 word167 word22 word384 word255 word95 word299 word72 word391 word116 word136 word439 word372 word341 word301 word261 word97 word151 word482 word460 word364 word445 word403 word200 word358 word377,positiva,positiva
word362 word252 word272 word331 word235 word13 word38 word251 word285 word367 word287 word95 word184 word222 word492 word267 word318 word368 word182 word483 word338 word425 word375 word311 word16 word292 word65 word302 word351 word273 word155 word30 word336 word350 word239 word359 word390 word257 word24 word436 word234 word337 word456 word182 word311 word10,negativa,negativa
word181 word391 word307 word240 word70 word189 word326 word494 word3 word359 word424 word476 word212 word60 word136 word426 word439 word319 word62 word61 word240 word295 word17 word344 word273 word7 word48 word228 word362 word413 word216 word148 word485 word230 word158 word222 word7 word151 word258 word460 word370 word391 word273 word56 word196 word499 word23 word440 word343 word142 word389 word419 word22 word54 word333 word500 word12 word333 word69 word326 word312 word46 word341 word449 word432 word15 word123 word121 word227 word72 word428 word389 word405 word100 word8 word456 word145 word329 word455 word19 word3 word3 word79 word26 word410 word303 word491 word401 word482 word120 word144 word425 word123 word29 word335,negativa,negativa
word436 word187 word283 word373 word42 word361 word183 word273 word229 word389 word94 word54 word206 word60 word122 word329 word410 word347 word159 word408 word204 word91 word379 word259 word186 word331,negativa,negativa
word356 word50 word144 word270 word34 word333 word377 word181 word5 word251 word435 word147 word425 word436 word141 word300 word22 word276 word440 word473 word100 word333 word34 word140 word418 word321 word197 word481 word380 word12 word40 word314 word439 word79 word270 word409 word432 word321 word500 word469 word418 word335 word493 word9 word45 word256 word336 word452 word340 word117 word455 word42 word48 word360 word482 word252 word68 word24 word490 word140 word320 word164 word108 word334 word370 word236,neutra,neutra
word390 word123 word247 word127 word205 word55 word474 word361 word451 word148 word437 word260 word100 word167 word406 word388 word361 word114 word324 word471 word25 word161 word41 word52 word499 word121 word90 word37 word491 word235 word396 word126 word321 word444 word336 word259 word106 word117 word299 word226 word24 word98 word217 word90 word277 word151 word146 word55 word252 word95 word316 word470 word457 word334 word404 word461 word341 word129 word251 word429 word334 word182 word85 word73 word189 word403 word277 word30 word460 word203 word196 word410 word189 word309 word461 word260 word308 word177 word446 word38 word139,neutra,neutra
word181 word154 word225 word115 word401 word405 word209 word397 word13 word78 word142 word194 word116 word257 word397 word229 word225 word30 word141 word404 word406 word53 word10 word416 word88 word288 word414 word394 word276 word189 word387 word348 word420 word257 word471 word385 word32 word147 word400 word59 word355 word171 word104 word270 word466 word449 word203 word2 word444 word449 word303 word315 word264 word7 word80 word72 word458 word25 word279 word182 word4 word460 word10 word428 word389 word397 word81 word441 word300 word201 word341 word171 word140 word145 word285 word301 word121 word123 word474 word258 word431,negativa,negativa
word253 word486 word265 word223 word329 word276 word193 word295 word2 word123 word337 word171 word28 word63 word434 word165 word12 word365 word266 word226 word448,negativa,negativa
word439 word280 word160 word173 word388 word119 word300 word468 word423 word194 word139 word311 word306 word362 word37 word270 word5 word496 word438 word370 word148 word374 word223 word325 word116 word238 word439 word95 word193 word146 word90 word199 word304 word28 word103 word409 word131 word168 word337 word374 word480 word80 word378 word362 word63 word439 word157 word212 word399 word262 word138 word161 word371 word92 word236 word374 word443 word414 word180 word100 word468 word299 word204 word451,positiva,positiva
word468 word428 word242 word361 word64 word319 word301 word318 word347 word445 word390 word19 word351 word365 word277 word312 word41 word131 word432 word2 word492 word112 word390 word110 word18 word303 word378 word43 word135 word153 word482 word156 word32 word493 word47 word244 word91 word127 word377 word69 word326 word284 word364 word81 word177 word2 word440 word495 word224 word265 word68 word439 word384 word58 word265 word86 word297 word329 word193 word221 word356 word78 word18 word209 word246 word144 word214 word52 word374 word384 word133 word326 word117 word198 word160 word486 word241 word317 word105 word464 word343 word53 word166 word253 word211 word401 word279 word279,positiva,negativa
word77 word477 word494 word150 word116 word270 word324 word322 word22 word356 word34 word171 word359 word444 word318 word80 word341 word19 word116 word62 word493 word185 word280 word396 word485 word498 word83 word197 word203 word399 word168 word116 word378 word248 word374 word190 word244 word5 word9 word1 word88 word174 word26 word81 word424 word428 word145 word474 word59 word16 word178 word133 word39 word424 word490 word136 word158 word360 word467 word144 word342 word12 word284 word494 word238 word321 word344 word317 word344 word444,positiva,positiva
word41 word88 word338 word285 word248 word107 word313 word453 word425 word87 word341 word122 word431 word237 word372 word270 word338 word468 word68 word452 word242 word72 word217 word28 word271 word237 word196 word223 word311 word414 word197 word9 word279 word473 word198 word62 word451 word210 word187 word148 word366 word73 word307 word175 word193 word108 word404 word227,positiva,positiva
word86 word379 word161 word239 word439 word337 word142 word5 word118 word209 word67 word442 word28 word271 word489 word168 word269 word37 word365 word489 word387 word75 word177 word362 word400 word202 word481 word102 word371 word249 word356 word299 word217 word408 word421 word409 word45 word212 word375 word434 word181 word371 word283 word111 word447 word223 word303 word145 word13 word227 word362 word164 word465 word376 word322 word404 word431 word361 word413 word357 word431 word52 word173 word444 word238 word8 word425 word328 word456 word9 word74 word256 word91 word261 word174 word106 word386 word20 word438 word77 word291 word496 word57 word464 word152 word371 word429 word116 word174 word431,neutra,neutra
word61 word274 word288 word110 word195 word393 word356 word294 word272 word184 word312 word10 word36 word392 word88 word359 word9 word132 word470 word133 word492 word136 word319 word336 word317 word148 word380 word156 word408 word189 word419 word491 word378 word231 word212 word189 word176 word236 word243 word360 word445 word442 word303 word496 word447 word244 word207 word231 word12 word166 word192 word390 word132 word328 word162 word182 word35 word260 word49 word103 word251 word347 word203 word127 word449 word175 word161 word35 word176 word110 word177 word98 word99 word368 word238 word348 word289 word270 word234 word194 word132 word445 word205 word443 word385 word302 word422 word329 word408 word399 word323 word362 word409 word113 word439,neutra,positiva
word209 word11 word499 word424 word89 word474 word399 word211 word465 word280 word345 word92 word55 word264 word164 word491 word43 word382 word301 word440 word500 word436 word188 word348 word82 word243 word135 word126 word286 word64 word285 word201 word115 word282 word376 word306 word45 word282 word312 word342 word213 word48 word64 word166 word318 word370 word337 word157 word221 word24 word399 word177 word255 word225 word143 word85 word477 word60,neutra,neutra
word271 word99 word100 word252 word302 word25 word249 word120 word459 word308 word186 word212 word419 word346 word194 word420 word311 word30 word316 word470 word432 word22 word441 word491 word82 word319 word378 word22 word414 word197 word150 word130 word253 word400 word411 word113 word414 word414 word31 word157 word8 word495 word237 word136 word448 word343 word471 word401 word478 word109 word103 word38 word172 word276 word283 word339 word367 word409 word260 word137 word220 word437 word408 word458 word271 word390 word207 word4 word372 word44 word318 word499 word13 word367 word435 word314 word345 word451 word389 word20 word388 word379 word115 word328 word421 word425 word436 word389 word62 word243 word117 word36 word132 word455,positiva,positiva
word19 word331 word317 word67 word454 word203 word489 word57 word326 word66 word475 word304 word38 word108 word180 word7 word5 word463 word491 word269 word452 word328 word15 word358 word10 word409 word184 word71 word130 word342 word424 word286 word81 word451 word396 word205 word278 word482 word189 word13 word73 word301 word499 word370 word309 word162 word220 word20 word186 word312 word453 word462 word411 word11 word406 word110 word309 word474 word444 word333 word150 word261 word352 word258 word203 word202 word300 word18 word500 word52 word493 word18 word257 word209 word287 word217 word449 word9 word493 word345 word390 word70 word33 word199 word162 word392 word449 word214 word385 word30 word372 word50 word334 word192 word208,negativa,negativa
word310 word207 word203 word18 word16 word268 word182 word127 word190 word303 word147 word175 word142 word334 word28 word460 word278 word123 word380 word470 word30 word103 word72 word36 word370 word97 word192 word408 word306 word339 word49 word486 word42 word355 word320 word207 word420 word447 word36 word480 word121 word396 word411 word279 word432 word413 word262 word90 word218 word451 word102 word500 word91 word333 word321 word98 word237 word73 word183 word480 word28 word436 word339 word375 word142 word475 word127 word252 word19 word444 word353 word82 word332 word92 word223 word257,neutra,neutra
word375 word236 word455 word276 word235 word480 word168 word104 word70 word314 word255 word388 word74 word160 word61 word155 word481 word449 word249 word50 word498 word79 word51 word206 word471 word400 word180 word228 word31 word136 word336 word211 word490 word223 word424 word364 word254 word435 word436 word161 word140 word355 word14 word351 word218 word384 word66 word288 word269 word8 word263 word328 word203 word307 word164 word306 word122 word141 word36 word49 word68 word95 word360 word109 word178 word87 word212 word123 word165 word35 word253 word135 word326 word499 word243 word256 word416 word173 word71 word361 word325 word235 word194 word15 word279 word274 word258 word153 word76 word286 word311 word87,positiva,positiva
word136 word175 word355 word165 word54 word9 word383 word475 word342 word31 word282 word136 word161 word461 word413 word368 word251 word290 word458 word331 word290 word49 word499 word405 word183 word126 word484 word479 word211 word116 word399 word313 word451 word273 word276 word72 word302 word182 word103 word391 word173 word107 word481 word482 word248 word148 word81 word314 word306 word310 word384 word236 word342 word328 word398 word372 word18 word310 word488 word280 word265 word304 word280 word201 word497 word36,neutra,neutra
word34 word441 word65 word443 word488 word256 word267 word249 word277 word411 word141 word142 word485 word425 word271 word101 word478 word440 word165 word271 word210 word422 word344 word247 word484 word305 word243 word464 word225 word210 word195 word111 word140 word46 word365 word295 word467 word306 word41 word311 word88 word19 word332 word14 word205 word448 word129 word348 word189 word57 word99 word38 word76 word81 word442 word404 word177 word362 word103 word320 word102 word321 word179 word430 word418 word167 word21 word162 word141 word213 word288 word495 word32 word278 word86 word274 word319 word405 word280 word90 word457 word203 word240 word321 word133 word495 word23 word78 word496 word227 word447 word453 word496 word363 word342 word307,positiva,positiva
word442 word150 word412 word167 word168 word327 word311 word275 word116 word49 word455 word437 word444 word257 word443 word237 word38 word100 word137 word189 word470 word167 word307 word136 word322 word284 word76 word232 word53 word445 word353 word471 word438 word110 word354 word51 word481 word393 word341 word498 word424 word432 word51 word12 word481 word126 word214 word22 word312 word411 word421 word291 word331 word257 word224 word278 word468 word127 word236 word301 word286 word16 word144 word324 word348 word368 word496 word337 word290 word167 word186 word414 word235 word358,negativa,negativa
word498 word17 word174 word371 word206 word422 word180 word322 word214 word235 word249 word488 word380 word186 word209 word203 word369 word296 word268 word216 word200 word278 word416 word484 word31 word119 word343 word75 word306 word212 word96 word252 word255 word357 word413 word478,positiva,positiva
word88 word219 word280 word260 word16 word223 word328 word264 word366 word388 word90 word402 word448 word420 word426 word107 word327 word229 word493 word416 word81 word471 word349 word272 word224 word247 word386 word383 word277 word496 word117 word213 word300 word83 word250 word418 word338 word356 word81 word73 word221 word162 word6 word277 word378 word366 word52 word391 word191 word78 word236 word109 word337 word373 word363 word59 word175 word250 word493 word273 word327 word170 word148 word399 word418 word28 word270 word389 word79 word324 word237 word254 word297 word437 word44 word102 word173 word401 word297 word94,positiva,positiva
word438 word497 word500 word167 word133 word175 word409 word126 word274 word324 word181 word237 word333 word396 word95 word257 word78 word8 word323 word242 word130 word28 word473 word414 word468 word57 word8 word109 word51,neutra,neutra
word163 word395 word482 word272 word212 word466 word295 word269 word43 word108 word349 word350 word248 word351 word346 word33 word418 word347 word110 word107,positiva,positiva
word138 word117 word383 word162 word260 word331 word84 word463 word84 word497 word139 word209 word127 word270 word1 word86 word260 word347 word482 word419 word461 word400 word389 word173 word453 word482 word257 word61 word22 word247 word318 word278 word449 word269 word331 word379 word448 word305 word279 word39 word322 word90 word185 word267 word42 word348 word141 word258 word176 word178 word197 word26 word98 word393 word61 word249 word71 word270 word322 word235 word386 word133 word279 word139 word255 word32 word135 word354 word390 word136 word130 word150 word140 word497 word326 word193 word231 word256 word277 word194 word488 word146 word214 word3 word246 word428 word499 word237 word70 word360 word321 word480 word253 word2 word451 word338,neutra,neutra
word426 word493 word224 word29 word114 word53 word380 word493 word277 word89 word11 word489 word159 word57 word89 word128 word328 word446 word138 word344 word33 word6 word28 word462 word291 word403 word11 word12 word425 word52 word78 word260 word304 word115 word223 word338 word222 word192 word36 word226 word402 word314 word447 word64 word6 word275 word90 word297 word452 word169 word275 word341 word76 word449 word102 word405 word330 word71 word363 word99 word300 word480 word477,negativa,negativa
word433 word262 word31 word491 word163 word375 word449 word494 word59 word94 word323 word381 word418 word276 word80 word357 word335 word234 word319 word107 word406 word23 word420 word420 word344 word408 word457 word82 word273 word323 word472 word369 word298 word279 word72 word159 word217 word441 word431 word322 word53 word361 word230 word327 word217 word361 word109 word73 word110 word462 word38 word143 word172 word419 word180 word447 word495 word326 word172 word300 word335 word55 word417 word219 word423 word306 word431 word41 word22,neutra,neutra
word290 word287 word452 word338 word3 word245 word423 word437 word401 word239 word54 word107 word424 word171 word382 word19 word246 word476 word123 word16 word145 word32 word307 word96 word124 word294 word163 word326 word466 word466 word365 word485 word369 word34 word478 word284 word3,neutra,neutra
word2 word500 word214 word393 word260 word321 word234 word344 word100 word499 word214 word6 word477 word12 word237 word393 word186 word105 word121 word343 word287 word252 word258 word160 word468 word116 word419 word389 word4 word86 word277 word80 word427 word221 word419 word60 word13 word321 word402 word496 word394 word374 word29 word302 word357 word198 word500,positiva,positiva
word271 word451 word223 word270 word476 word462 word7 word364 word426 word472 word401 word42 word380 word423 word263 word11 word96 word138 word432 word63 word373 word90 word417 word6 word118 word51 word278 word391 word208 word267 word320 word228 word377 word142 word87 word94 word88 word19 word22 word27,positiva,positiva
word341 word228 word355 word325 word311 word290 word466 word159 word217 word127 word285 word494 word305 word104 word461 word396 word221 word74 word202 word403 word289 word93 word80 word484 word224 word343 word181 word46 word206 word347 word167 word302 word220 word169 word128 word131 word128 word360 word169 word371 word156 word164 word463 word439 word201 word135 word358 word35 word229 word300 word338 word54 word2 word139 word60 word254 word460 word144 word227 word108 word22 word352 word129 word274 word342 word420 word93 word291 word456 word242 word21 word131 word398 word397 word158 word99 word146 word122 word371 word421 word24 word371 word377 word307 word436 word20 word350 word64 word449 word250 word46 word374 word375 word233 word156 word9 word454 word93,negativa,negativa
word239 word493 word381 word326 word452 word258 word361 word143 word482 word312 word392 word231 word434 word38 word58 word254 word367 word405 word221 word325 word277 word481 word328 word209 word485 word54 word493 word78 word145 word411 word367 word486 word375 word319 word174 word3 word62 word149 word21 word255 word389 word482 word245 word438 word493 word430 word233 word163 word489 word121 word206 word38 word397 word325 word43 word111 word278 word271 word402 word134 word463 word223 word412 word120 word19 word28 word187 word477 word25 word185 word55 word466 word338 word382 word357 word329 word387 word5 word433 word370 word370 word197 word401 word191 word25 word454 word118 word51 word311 word117 word430,negativa,negativa
word400 word497 word197 word89 word3 word39 word319 word295 word322 word13 word219 word91 word169 word312 word138 word330 word145 word256 word230 word192 word64 word289 word496 word322 word373 word402 word20 word397 word122 word333 word492 word448 word208 word420 word310 word67 word120 word479 word458 word446 word193 word161 word404 word11 word449 word302 word317 word220 word490 word375,negativa,negativa
word137 word450 word239 word71 word141 word133 word201 word173 word274 word162 word321 word247 word471 word415 word167 word22 word293 word170 word451 word203 word146 word170 word433 word57 word479 word117 word424 word273 word285 word103 word362 word325 word241 word229 word299 word236 word488 word21 word126 word426 word397 word174 word254 word14,neutra,neutra
word119 word100 word184 word448 word384 word96 word281 word443 word476 word382 word65 word121 word110 word76 word88 word159 word278 word199 word211 word123 word76 word500 word300 word115 word405 word416 word484 word80 word320 word491 word404 word113 word447 word211 word245 word280 word386 word61 word270 word409 word275 word138 word29 word275 word352 word275 word490 word302 word255 word28 word280 word85 word363 word81 word454 word152 word217 word73 word106 word461 word142 word257 word491 word312 word21 word179 word194 word139 word121,negativa,negativa
word154 word268 word151 word1 word266 word425 word293 word181 word242 word71 word119 word219 word297 word244 word482 word319 word12 word263 word292 word22 word193 word436 word179 word229 word111 word39 word160 word387 word492 word331 word416 word325 word330 word214 word31 word206 word433 word269 word381 word26 word101 word150 word180 word494 word231 word332 word323 word210 word484,negativa,negativa
word10 word468 word355 word164 word178 word179 word431 word362 word45 word154 word392 word179 word407 word254 word389 word264 word368 word216 word119 word442 word209 word5 word193 word206 word121 word439 word246 word186 word349 word320 word240 word488 word488 word239 word355 word27 word222 word221 word202 word421 word292 word236 word216 word310 word111 word123 word261 word160 word337 word451 word180 word289 word142 word397 word109 word262 word182 word383 word123 word101 word382 word279 word320,negativa,neutra
word179 word247 word191 word22 word195 word131 word240 word80 word371 word422 word481 word43 word59 word484 word425 word295 word161 word259 word268 word424 word265 word14 word350 word389 word150 word59 word72 word421 word224 word265 word481 word31 word103 word417 word271 word14 word352 word70 word392 word399 word413 word233 word134 word441 word280 word318 word69 word312 word291 word147 word384 word67 word360 word481 word284 word53 word277 word265 word277 word137 word314 word133 word279 word298 word323 word399 word442 word389 word398 word435 word122 word147 word267 word233 word352 word5 word70 word374 word411 word152 word156 word281 word239 word85 word251 word410 word365 word409 word322 word439 word125 word23 word58 word497 word321 word124 word428,negativa,negativa
word497 word175 word399 word197 word230 word374 word271 word359 word40 word417 word205 word395 word143 word299 word295 word70 word238 word318 word419 word444 word193 word322 word88 word448 word435 word500 word244 word180 word379 word362 word107 word270 word322 word228 word186,neutra,neutra
word380 word95 word5 word249 word287 word56 word6 word107 word55 word499 word495 word8 word229 word193 word14 word334 word426 word306 word459 word319 word275 word474 word353 word383 word391 word16 word368 word375 word248 word283 word417 word71 word264 word386 word130 word132 word3 word157 word180 word477 word42 word324 word32 word400 word235 word213 word472 word375 word53 word134 word137,positiva,positiva
word426 word492 word172 word389 word204 word81 word170 word126 word456 word88 word66 word290 word288 word281 word75 word250 word465 word45 word399 word63 word117 word450 word149 word262 word191 word308 word203 word222 word409 word278 word283 word403 word214 word412 word360 word442 word229 word280 word65 word56 word54 word317 word163 word145 word302 word200 word68 word279 word276 word70 word135 word119 word348 word125 word15 word134 word235 word385 word27 word441 word166 word172 word8 word139 word235 word314 word384 word262 word51 word196 word368 word320 word293 word255 word253 word497,neutra,neutra
word391 word133 word109 word499 word334 word147 word323 word197 word430 word255 word157 word346 word376 word187 word376 word118 word120 word414 word311 word18 word338 word153 word138 word213 word226 word446 word218 word149 word387 word272 word1 word317 word251 word288 word93 word240 word324 word339 word341 word499 word251 word215 word272 word165 word158 word346 word157 word375 word373 word477 word66 word182 word386 word215 word328 word368 word443 word114 word131 word236 word254 word453 word20 word123 word457 word308 word338 word125 word312 word185 word367 word46 word143,neutra,neutra
word292 word458 word43 word178 word9 word268 word392 word20 word275 word208 word392 word111 word82 word48 word204 word244 word460 word233 word86 word350 word31 word173 word327 word127 word298 word227 word477 word144 word454 word313 word375 word85 word10 word366 word241 word155 word449 word164 word217 word363 word482 word450 word327 word56 word55 word347 word255 word67,neutra,neutra
word409 word373 word311 word96 word497 word322 word179 word129 word59 word158 word67 word444 word218 word314 word403 word481 word227 word27 word306 word474 word180 word52 word358 word311 word77 word2 word261 word75 word93 word155 word235 word410 word216 word419 word303 word197 word255 word71 word488 word151 word451 word323 word148 word244 word61 word308 word33 word320 word99 word65 word112 word45 word445 word468 word463 word360 word116 word380 word380 word119 word418 word499 word189 word295 word436 word132 word495 word152 word484 word117 word371,positiva,positiva
word320 word86 word261 word242 word338 word312 word338 word107 word71 word267 word29 word228 word313 word411 word327 word498 word279 word224 word123 word337 word406 word161 word38 word6 word317 word332 word61 word12 word328 word199 word209 word132 word360 word373 word27 word45 word278 word302 word73 word80 word342 word228 word60,negativa,negativa
word258 word414 word257 word109 word282 word472 word84 word223 word320 word197 word23 word335 word371 word328 word332 word329 word166 word9 word495 word103 word415 word271 word270 word11 word496 word265,positiva,positiva
word442 word91 word385 word197 word202 word324 word302 word210 word500 word88 word49 word15 word408 word204 word219 word325 word218 word287 word30 word79 word467 word226 word84 word185 word168 word138 word147 word365 word54 word155 word234 word271 word441 word462 word149 word270 word12 word309 word77 word37 word336 word90 word239 word51 word373 word383 word288 word418 word219 word94 word76 word110 word101 word162 word108 word296 word75 word311 word168 word344 word257 word453 word220 word148 word295 word330 word220 word280 word236 word153 word157 word454 word338 word48 word482 word357 word26 word364 word295 word458 word245 word260 word158 word161 word309 word414 word446 word386 word305 word251 word170 word384 word160,negativa,negativa
word420 word473 word352 word312 word206 word437 word64 word146 word66 word139 word262 word168 word211 word116 word177 word249 word107 word469 word449 word439 word1 word248 word398 word175 word116,positiva,positiva
word343 word79 word160 word65 word43 word411 word219 word429 word319 word117 word106 word229 word48 word293 word230 word70 word263 word425 word455 word210 word37 word432 word276 word381 word23 word148 word143 word359 word341 word371 word199 word156 word95 word127 word83 word412 word339 word339 word443 word370 word161 word157 word64 word362 word438 word358 word236,positiva,positiva
word414 word203 word320 word17 word368 word34 word356 word74 word430 word149 word92 word169 word1 word83 word300 word151 word177 word404 word62 word198 word94 word242 word166 word24 word36 word427 word29 word392 word459 word233 word157 word389 word492 word61 word483 word472 word72 word28 word358 word39 word301,negativa,negativa
word26 word206 word141 word248 word13 word210 word395 word429 word128 word215 word346 word232 word272 word171 word419 word316 word481 word390 word184 word164 word45 word312 word375 word178 word11 word413 word112 word292 word27 word32 word450 word337 word3 word51 word247 word341 word212 word437 word327 word308 word145 word341 word437 word25 word368 word440 word217 word383 word180 word97 word408 word156 word379 word158 word200 word343 word171 word404 word20 word6 word41 word129 word27 word191 word13 word379 word77 word487 word429 word348 word400 word388 word423 word278 word312 word235 word313 word191 word62,neutra,neutra
word94 word386 word249 word496 word17 word473 word113 word18 word363 word267 word419 word55 word41 word284 word442 word203 word399 word454 word435 word255 word350 word263 word338 word284 word263 word219 word327 word376 word460 word307 word51 word294 word158 word14 word37 word296 word473 word253 word223 word45 word338 word28 word421 word409 word496 word143 word81 word150 word400 word110 word444 word78 word25 word110 word378 word302 word178 word329 word325 word278 word258 word51 word130 word264 word68 word238 word59 word394 word52 word47 word319 word111 word176 word158 word109 word381 word346 word120 word344 word357 word270 word290,negativa,negativa
word147 word95 word157 word248 word149 word288 word192 word467 word497 word328 word278 word16 word312 word191 word145 word397 word22 word131 word388 word463 word258 word265 word484 word47 word241 word121 word239 word454 word299 word496 word253 word432 word85 word161 word137 word385 word257 word112 word87 word193 word77 word349 word425 word485 word118 word220 word252 word248 word227 word111 word56 word202 word47 word32 word263 word430 word271 word12 word421 word342,neutra,neutra
word208 word209 word362 word338 word8 word239 word393 word449 word147 word23 word77 word171 word222 word176 word46 word171 word145 word244 word40 word396 word209 word159 word454 word373,neutra,neutra
word154 word402 word494 word500 word386 word175 word391 word123 word449 word134 word202 word47 word41 word198 word276 word9 word424 word58 word500 word136 word190 word80 word413 word367 word40 word53 word305 word433 word55 word111 word273 word55 word153 word6 word250 word358 word206 word129 word213 word255 word83 word56 word91 word493 word362 word63 word151 word206 word91 word426 word471 word123 word9 word134 word292,negativa,negativa
word263 word73 word262 word483 word59 word64 word174 word228 word315 word80 word467 word76 word101 word484 word189 word287 word218 word130 word254 word389 word6 word438 word93 word459 word482 word467 word326 word453 word430 word320 word446 word172 word418 word463 word318 word62 word108 word85 word267 word217 word414 word142 word83 word308 word70 word453 word41 word246 word475 word277 word405 word212 word378 word354 word257 word51 word486 word25 word179 word321 word385 word268 word201 word204 word488 word167 word428 word26 word330 word341 word338 word211 word346 word223 word297 word447 word337 word369 word485 word110 word294 word329,neutra,neutra
word325 word246 word390 word323 word208 word8 word137 word66 word8 word137 word104 word39 word157 word254 word90 word137 word11 word26 word79 word227 word334 word395 word315 word309 word468 word128 word400 word469 word284 word421 word69 word440 word283 word111 word31 word360 word216 word156 word196 word496 word214 word40 word140 word73 word343 word401 word421 word317 word385 word209 word314 word54 word270 word279 word16 word275 word362 word184 word273 word144 word136 word65 word164 word402,negativa,negativa
word472 word22 word467 word411 word499 word387 word79 word151 word2 word304 word219 word238 word367 word411 word37 word459 word187 word377 word291 word222 word107 word95 word366 word161 word115 word3 word421 word198 word175 word186 word300 word241 word273 word139 word149 word432 word220 word487 word423 word356 word275 word419 word28 word250 word357 word55 word92 word33 word244 word271 word235 word28 word244 word445 word16 word388 word137 word38 word26 word7 word208 word249 word311 word41 word328 word370 word33 word338 word60 word220 word331 word436 word266 word218 word417 word109 word103,neutra,neutra
word253 word216 word455 word153 word294 word61 word426 word193 word171 word292 word250 word424 word266 word259 word53 word11 word200 word500 word459 word315 word316 word196 word89 word5 word170 word159 word96 word130 word13 word304 word464 word346 word225 word211 word154 word72 word300 word284 word4 word208 word140 word86 word352 word263 word317 word357 word491 word402 word311,negativa,negativa
word496 word69 word17 word204 word277 word130 word85 word44 word204 word476 word74 word287 word97 word337 word31 word102 word5 word325 word360 word86 word227,positiva,positiva
word456 word397 word176 word30 word356 word215 word496 word350 word270 word494 word401 word230 word10 word47 word222 word282 word16 word64 word353 word376 word15 word254 word41 word362 word418 word435 word300 word315 word464 word307 word224 word378 word296 word422 word263 word435 word23 word19 word50 word279 word355 word109 word78 word431 word376 word325 word245 word211 word11 word95 word449 word170 word353 word352 word155 word103 word346 word47 word248 word445 word356 word383 word42 word100 word138 word147 word98 word487 word83 word355 word294 word306 word108 word154 word304 word150 word348 word20 word37 word365 word309 word22 word450 word3 word478 word365 word495 word475 word157 word379 word106 word236 word121,negativa,negativa
word14 word40 word122 word226 word184 word94 word176 word167 word263 word282 word442 word404 word147 word452 word261 word94 word171 word371 word411 word188 word79 word96 word52 word350 word252 word226 word336 word415 word398 word69 word295 word442 word387 word165 word197 word446 word17 word263 word59 word448 word20 word12 word165 word101 word248 word150 word179 word283 word281 word468 word241 word283 word339 word88 word334 word431 word160 word90 word174 word138 word293 word432 word299 word63 word158 word345 word166 word294 word348 word165 word324 word200 word68 word187 word221 word2,negativa,negativa
word180 word319 word318 word148 word150 word45 word147 word414 word328 word472 word464 word429 word90 word167 word29 word47 word116 word141 word8 word422 word264 word328 word327 word484 word74 word172 word155 word276 word264 word396 word281 word117 word283 word483 word290 word297 word88 word4 word105 word13 word227 word442 word224 word323 word428 word382 word326 word393 word141 word211 word200 word400 word205 word469 word94 word87 word359 word383 word340 word154,negativa,negativa
word491 word330 word91 word96 word158 word201 word55 word395 word34 word34 word64 word68 word283 word410 word472 word405 word343 word296 word155 word209 word437 word53 word413 word406 word29 word121 word156 word457 word220 word388 word301 word41 word334 word318 word436 word461 word294 word440 word70 word307 word289 word86 word270 word341 word208 word334 word373 word295 word200 word133 word331 word451 word231 word252 word457 word149 word404 word128 word129 word141 word27 word231 word177 word116,positiva,positiva
word216 word304 word125 word483 word424 word486 word248 word172 word498 word365 word397 word92 word435 word265 word387 word413 word53 word50 word33 word322 word458 word16 word70 word243 word196 word52 word305 word453 word106 word2 word113 word93 word234 word54 word181 word60 word339 word235 word38 word22 word245,neutra,neutra
word306 word7 word409 word141 word38 word166 word418 word138 word270 word406 word17 word380 word145 word348 word95 word70 word395 word404 word491 word339 word233 word98 word148 word325 word174 word242 word85 word220 word119 word57 word66 word260 word184 word50 word258 word83 word8 word67 word225 word478 word121 word143 word122 word178 word359 word162 word329 word450,negativa,negativa
